variable,posterior_mean,quantile_0_025,quantile_0_975
sigma2,0.3537156207466293,0.3241425133238151,0.3851845977396395
rho,0.7032148077324147,0.6184956656261629,0.7997563807966678
