county1,county1_gamma_mean,county2,county2_gamma_mean,optim_e,cutoff_prob,approx_diff_prob,mcmc_diff_prob,vague_diff_prob,higher_gamma_mean_county
1001,0.4527903738263195,1047,0.3208210278470701,0.8404659821066829,0.895,0.4401,0.451,0.440625,1001
1001,0.4527903738263195,1101,0.12959685169205576,0.8404659821066829,0.895,0.604,0.600625,0.592125,1001
1001,0.4527903738263195,1051,0.5020487740231655,0.8404659821066829,0.895,0.4002,0.3955,0.39825,1051
1001,0.4527903738263195,1085,0.00394442062007909,0.8404659821066829,0.895,0.719,0.74525,0.742625,1001
1001,0.4527903738263195,1021,0.45280337700734874,0.8404659821066829,0.895,0.4018,0.406125,0.4005,1021
1005,0.3976667062777324,1113,0.5259157636697799,0.8404659821066829,0.895,0.4451,0.441625,0.450625,1113
1005,0.3976667062777324,1109,0.507845324750991,0.8404659821066829,0.895,0.431,0.438,0.42975,1109
1005,0.3976667062777324,1067,0.3700769360847274,0.8404659821066829,0.895,0.3996,0.408875,0.406125,1005
1005,0.3976667062777324,1011,-0.16158140649104763,0.8404659821066829,0.895,0.8323,0.845375,0.843,1005
1005,0.3976667062777324,13239,0.5949260169065769,0.8404659821066829,0.895,0.4823,0.493125,0.5055,13239
1005,0.3976667062777324,1045,0.748460061092002,0.8404659821066829,0.895,0.6443,0.645125,0.646375,1045
1005,0.3976667062777324,13061,-0.0022060809722156895,0.8404659821066829,0.895,0.6943,0.692625,0.698875,1005
1005,0.3976667062777324,13259,0.001991475534653399,0.8404659821066829,0.895,0.7064,0.704125,0.69175,1005
1023,-0.23021393579758923,1091,0.23192428173100663,0.8404659821066829,0.895,0.7599,0.76525,0.762875,1091
1023,-0.23021393579758923,28023,-0.22491954604591102,0.8404659821066829,0.895,0.3963,0.398625,0.40275,28023
1023,-0.23021393579758923,1025,-0.15302965671841404,0.8404659821066829,0.895,0.4122,0.419875,0.413625,1025
1023,-0.23021393579758923,1119,-0.02071610791127784,0.8404659821066829,0.895,0.5072,0.498375,0.4975,1119
1023,-0.23021393579758923,1129,0.2135468748792001,0.8404659821066829,0.895,0.7368,0.74625,0.74075,1129
1023,-0.23021393579758923,28153,0.08359879172664116,0.8404659821066829,0.895,0.6042,0.618375,0.626,28153
1023,-0.23021393579758923,28075,0.06558997513237948,0.8404659821066829,0.895,0.5725,0.56725,0.5815,28075
1033,0.762714974588622,1059,1.2054665745450746,0.8404659821066829,0.895,0.708,0.723875,0.722875,1059
1033,0.762714974588622,1079,0.8200960902865587,0.8404659821066829,0.895,0.4126,0.404875,0.406125,1079
1033,0.762714974588622,28141,0.7781116698355326,0.8404659821066829,0.895,0.3986,0.39975,0.401125,28141
1033,0.762714974588622,1077,0.6636032329982172,0.8404659821066829,0.895,0.4216,0.421875,0.4175,1033
1047,0.3208210278470701,1091,0.23192428173100663,0.8404659821066829,0.895,0.4191,0.41225,0.423125,1047
1047,0.3208210278470701,1131,0.30910915085439744,0.8404659821066829,0.895,0.3941,0.402,0.399875,1047
1047,0.3208210278470701,1085,0.00394442062007909,0.8404659821066829,0.895,0.5955,0.603875,0.612375,1047
1047,0.3208210278470701,1021,0.45280337700734874,0.8404659821066829,0.895,0.4334,0.451,0.45375,1021
1047,0.3208210278470701,1105,0.1321189548530092,0.8404659821066829,0.895,0.4762,0.475875,0.48125,1047
1087,0.08953898601327574,1101,0.12959685169205576,0.8404659821066829,0.895,0.4089,0.40275,0.404875,1101
1087,0.08953898601327574,1113,0.5259157636697799,0.8404659821066829,0.895,0.7262,0.753875,0.745625,1113
1087,0.08953898601327574,1051,0.5020487740231655,0.8404659821066829,0.895,0.6922,0.7015,0.709625,1051
1087,0.08953898601327574,1011,-0.16158140649104763,0.8404659821066829,0.895,0.5233,0.538625,0.530125,1087
1087,0.08953898601327574,1081,0.5135671384122219,0.8404659821066829,0.895,0.7107,0.724125,0.738625,1081
1087,0.08953898601327574,1123,0.15850749670970107,0.8404659821066829,0.895,0.4023,0.422875,0.40475,1123
1091,0.23192428173100663,1131,0.30910915085439744,0.8404659821066829,0.895,0.4199,0.421375,0.417875,1131
1091,0.23192428173100663,1063,0.09470718236752766,0.8404659821066829,0.895,0.4469,0.433,0.43875,1091
1091,0.23192428173100663,1065,0.2761234003618082,0.8404659821066829,0.895,0.4024,0.404125,0.406375,1065
1091,0.23192428173100663,1025,-0.15302965671841404,0.8404659821066829,0.895,0.6803,0.670625,0.674125,1091
1091,0.23192428173100663,1119,-0.02071610791127784,0.8404659821066829,0.895,0.5493,0.55875,0.556625,1091
1091,0.23192428173100663,1105,0.1321189548530092,0.8404659821066829,0.895,0.4258,0.429125,0.424125,1091
1101,0.12959685169205576,1109,0.507845324750991,0.8404659821066829,0.895,0.6642,0.692125,0.68625,1109
1101,0.12959685169205576,1051,0.5020487740231655,0.8404659821066829,0.895,0.6646,0.666125,0.678,1051
1101,0.12959685169205576,1041,0.3405821382122353,0.8404659821066829,0.895,0.4974,0.49575,0.498625,1041
1101,0.12959685169205576,1085,0.00394442062007909,0.8404659821066829,0.895,0.4373,0.45475,0.457625,1101
1101,0.12959685169205576,1011,-0.16158140649104763,0.8404659821066829,0.895,0.5741,0.5885,0.58075,1101
1107,0.3681578176883501,1063,0.09470718236752766,0.8404659821066829,0.895,0.5493,0.5585,0.55875,1107
1107,0.3681578176883501,1119,-0.02071610791127784,0.8404659821066829,0.895,0.6888,0.706125,0.701125,1107
1107,0.3681578176883501,28087,0.31641512852454323,0.8404659821066829,0.895,0.4105,0.414875,0.40225,1107
1107,0.3681578176883501,1075,0.6432406936246384,0.8404659821066829,0.895,0.5537,0.558125,0.572,1075
1107,0.3681578176883501,1125,0.41664367126345125,0.8404659821066829,0.895,0.4061,0.39775,0.4115,1125
1107,0.3681578176883501,1057,0.6204165421362646,0.8404659821066829,0.895,0.5289,0.535625,0.5405,1057
1107,0.3681578176883501,28103,-0.09682098176595168,0.8404659821066829,0.895,0.756,0.752625,0.7575,1107
1117,0.2229157715029844,1073,0.32350135817156805,0.8404659821066829,0.895,0.4246,0.421375,0.420375,1073
1117,0.2229157715029844,1115,0.5879221671782098,0.8404659821066829,0.895,0.6438,0.64,0.628125,1115
1117,0.2229157715029844,1121,0.4239719459203458,0.8404659821066829,0.895,0.4951,0.479375,0.478875,1121
1117,0.2229157715029844,1007,0.2587775027502421,0.8404659821066829,0.895,0.4004,0.4005,0.397125,1007
1117,0.2229157715029844,1021,0.45280337700734874,0.8404659821066829,0.895,0.5174,0.518875,0.511,1021
1117,0.2229157715029844,1037,0.08557808123311363,0.8404659821066829,0.895,0.444,0.463125,0.458375,1117
1131,0.30910915085439744,1099,0.03670224840610672,0.8404659821066829,0.895,0.5514,0.56,0.53625,1131
1131,0.30910915085439744,1025,-0.15302965671841404,0.8404659821066829,0.895,0.7488,0.74925,0.734875,1131
1131,0.30910915085439744,1085,0.00394442062007909,0.8404659821066829,0.895,0.5915,0.60425,0.60575,1131
1131,0.30910915085439744,1013,0.06827129052685459,0.8404659821066829,0.895,0.5241,0.537,0.52675,1131
4012,-1.2471766301296476,4027,-1.1129518735592285,0.8404659821066829,0.895,0.4394,0.43325,0.433125,4027
4012,-1.2471766301296476,4013,-0.806183196936702,0.8404659821066829,0.895,0.7245,0.730875,0.724875,4013
4012,-1.2471766301296476,4015,-0.5535143727786317,0.8404659821066829,0.895,0.9317,0.932125,0.9285,4015
4012,-1.2471766301296476,4025,-0.87077761359991,0.8404659821066829,0.895,0.6542,0.65975,0.655125,4025
4012,-1.2471766301296476,6065,-0.6392538130993678,0.8404659821066829,0.895,0.8569,0.866375,0.867625,6065
4012,-1.2471766301296476,6071,-0.5645676710839446,0.8404659821066829,0.895,0.917,0.931,0.927625,6071
4012,-1.2471766301296476,6025,-0.9864525765304408,0.8404659821066829,0.895,0.5285,0.5345,0.540375,6025
4021,-1.1662783885660828,4007,-1.063825991486527,0.8404659821066829,0.895,0.4171,0.421,0.42625,4007
4021,-1.1662783885660828,4013,-0.806183196936702,0.8404659821066829,0.895,0.6257,0.64225,0.631875,4013
4021,-1.1662783885660828,4009,-1.1546607112809626,0.8404659821066829,0.895,0.3992,0.40225,0.3975,4009
4021,-1.1662783885660828,4019,-0.838411101182692,0.8404659821066829,0.895,0.5935,0.613625,0.60575,4019
4027,-1.1129518735592285,4013,-0.806183196936702,0.8404659821066829,0.895,0.5742,0.58325,0.581875,4013
4027,-1.1129518735592285,6025,-0.9864525765304408,0.8404659821066829,0.895,0.43,0.435,0.435,6025
4027,-1.1129518735592285,4019,-0.838411101182692,0.8404659821066829,0.895,0.5487,0.55,0.55525,4019
5013,0.42412908966200896,5103,0.3917903432320892,0.8404659821066829,0.895,0.402,0.40525,0.39975,5013
5013,0.42412908966200896,5139,0.4481683863020171,0.8404659821066829,0.895,0.4023,0.400125,0.404375,5139
5013,0.42412908966200896,5025,0.1528227630097263,0.8404659821066829,0.895,0.5561,0.553875,0.548875,5013
5013,0.42412908966200896,5011,0.18743844441408636,0.8404659821066829,0.895,0.5104,0.51075,0.517625,5013
5013,0.42412908966200896,5039,0.381904147328674,0.8404659821066829,0.895,0.4014,0.4115,0.407,5013
5029,-0.02556057249508716,5149,0.5140364460207908,0.8404659821066829,0.895,0.8093,0.824,0.82075,5149
5029,-0.02556057249508716,5045,0.24010253782213453,0.8404659821066829,0.895,0.5471,0.552875,0.56125,5045
5029,-0.02556057249508716,5115,0.5049827193780939,0.8404659821066829,0.895,0.7984,0.812875,0.813875,5115
5029,-0.02556057249508716,5141,-0.09859235286720432,0.8404659821066829,0.895,0.4077,0.411125,0.41475,5029
5029,-0.02556057249508716,5105,0.16665730465412684,0.8404659821066829,0.895,0.4791,0.477625,0.487125,5105
5063,0.23117153295952056,5067,0.4574410815612474,0.8404659821066829,0.895,0.5173,0.528,0.527875,5067
5063,0.23117153295952056,5075,0.41497957747937936,0.8404659821066829,0.895,0.4787,0.471875,0.488125,5075
5063,0.23117153295952056,5145,0.4875142452562849,0.8404659821066829,0.895,0.5487,0.57575,0.56775,5145
5063,0.23117153295952056,5023,0.01854210138800065,0.8404659821066829,0.895,0.4974,0.503375,0.49175,5063
5063,0.23117153295952056,5137,-0.024924591576002905,0.8404659821066829,0.895,0.539,0.542375,0.541625,5063
5063,0.23117153295952056,5065,-0.027746411098205966,0.8404659821066829,0.895,0.5428,0.557125,0.538,5063
5063,0.23117153295952056,5135,-0.006378347021622772,0.8404659821066829,0.895,0.524,0.524625,0.51925,5063
5069,-0.02567319100539466,5119,0.06954572811311407,0.8404659821066829,0.895,0.4208,0.425125,0.42975,5119
5069,-0.02567319100539466,5025,0.1528227630097263,0.8404659821066829,0.895,0.4789,0.489375,0.486625,5025
5069,-0.02567319100539466,5085,0.47347193246671576,0.8404659821066829,0.895,0.7876,0.79225,0.8005,5085
5069,-0.02567319100539466,5001,0.3907987095192433,0.8404659821066829,0.895,0.7061,0.717875,0.7255,5001
5069,-0.02567319100539466,5053,0.365566213206475,0.8404659821066829,0.895,0.6704,0.69825,0.702125,5053
5069,-0.02567319100539466,5079,-0.5076153646242445,0.8404659821066829,0.895,0.7512,0.754375,0.750625,5069
5093,0.4953615327259624,29069,0.9691914115044706,0.8404659821066829,0.895,0.7811,0.81225,0.804,29069
5093,0.4953615327259624,47157,0.1761793300233566,0.8404659821066829,0.895,0.6142,0.60475,0.606875,5093
5093,0.4953615327259624,47167,0.6111542956445523,0.8404659821066829,0.895,0.4378,0.446,0.443875,47167
5093,0.4953615327259624,47045,0.7043137391126268,0.8404659821066829,0.895,0.5095,0.522625,0.516,47045
5093,0.4953615327259624,47097,0.4622999097222706,0.8404659821066829,0.895,0.4055,0.39775,0.410625,5093
5093,0.4953615327259624,5035,0.6311072870518885,0.8404659821066829,0.895,0.4481,0.45525,0.4585,5035
5093,0.4953615327259624,29155,1.038843063977328,0.8404659821066829,0.895,0.8192,0.8435,0.857375,29155
5093,0.4953615327259624,5031,0.17589891278960057,0.8404659821066829,0.895,0.6144,0.606875,0.630125,5093
5093,0.4953615327259624,5111,1.055128525085649,0.8404659821066829,0.895,0.8316,0.857,0.8465,5111
5103,0.3917903432320892,5139,0.4481683863020171,0.8404659821066829,0.895,0.406,0.406,0.411125,5139
5103,0.3917903432320892,5019,0.17192919154831024,0.8404659821066829,0.895,0.5023,0.496625,0.506375,5103
5103,0.3917903432320892,5099,0.37388661888112046,0.8404659821066829,0.895,0.3985,0.394375,0.402375,5103
5103,0.3917903432320892,5039,0.381904147328674,0.8404659821066829,0.895,0.3975,0.4065,0.399625,5103
5103,0.3917903432320892,5027,0.307416062299263,0.8404659821066829,0.895,0.412,0.408375,0.41275,5103
5119,0.06954572811311407,5045,0.24010253782213453,0.8404659821066829,0.895,0.4684,0.478125,0.487375,5045
5119,0.06954572811311407,5085,0.47347193246671576,0.8404659821066829,0.895,0.6892,0.690625,0.69525,5085
5119,0.06954572811311407,5053,0.365566213206475,0.8404659821066829,0.895,0.5784,0.583625,0.587875,5053
5119,0.06954572811311407,5125,-0.14751580865676048,0.8404659821066829,0.895,0.4994,0.514,0.511,5119
5119,0.06954572811311407,5105,0.16665730465412684,0.8404659821066829,0.895,0.4175,0.4285,0.423625,5105
5139,0.4481683863020171,22111,0.2459717263361232,0.8404659821066829,0.895,0.4871,0.4905,0.487375,5139
5139,0.4481683863020171,5003,0.24197248495732557,0.8404659821066829,0.895,0.4954,0.49775,0.508375,5139
5139,0.4481683863020171,5011,0.18743844441408636,0.8404659821066829,0.895,0.5381,0.5475,0.550875,5139
5139,0.4481683863020171,5027,0.307416062299263,0.8404659821066829,0.895,0.445,0.4405,0.449875,5139
5139,0.4481683863020171,22027,-0.27112217140743894,0.8404659821066829,0.895,0.9281,0.92975,0.933,5139
5149,0.5140364460207908,5083,0.6191482939998614,0.8404659821066829,0.895,0.4244,0.421375,0.428,5083
5149,0.5140364460207908,5097,-0.08301841990205744,0.8404659821066829,0.895,0.8684,0.873,0.87475,5149
5149,0.5140364460207908,5127,0.3111982798865806,0.8404659821066829,0.895,0.4879,0.49225,0.490875,5149
5149,0.5140364460207908,5051,0.027425908089119252,0.8404659821066829,0.895,0.764,0.782625,0.7755,5149
5149,0.5140364460207908,5115,0.5049827193780939,0.8404659821066829,0.895,0.3976,0.396125,0.400875,5149
5149,0.5140364460207908,5105,0.16665730465412684,0.8404659821066829,0.895,0.6358,0.6485,0.652375,5149
6009,-0.5008356850856075,6109,-0.6966412801013979,0.8404659821066829,0.895,0.4849,0.4935,0.4945,6009
6009,-0.5008356850856075,6099,-0.5357031505381383,0.8404659821066829,0.895,0.3993,0.4075,0.40675,6009
6009,-0.5008356850856075,6005,-0.5474439784971126,0.8404659821066829,0.895,0.4076,0.404625,0.40825,6009
6009,-0.5008356850856075,6003,-0.4374519828455079,0.8404659821066829,0.895,0.41,0.407125,0.41175,6003
6009,-0.5008356850856075,6077,-0.44788999510147603,0.8404659821066829,0.895,0.4084,0.403375,0.3965,6077
6011,-0.4490123788159096,6021,-0.3298034975336074,0.8404659821066829,0.895,0.4323,0.427625,0.428875,6021
6011,-0.4490123788159096,6101,-0.37534946480222886,0.8404659821066829,0.895,0.4141,0.41875,0.410375,6101
6011,-0.4490123788159096,6113,-0.18208292419945357,0.8404659821066829,0.895,0.5429,0.555375,0.554125,6113
6011,-0.4490123788159096,6033,-0.08777556025342984,0.8404659821066829,0.895,0.6306,0.637125,0.648875,6033
6011,-0.4490123788159096,6007,-0.3443405100613874,0.8404659821066829,0.895,0.4182,0.42175,0.4245,6007
6019,-0.7371475833924358,6027,-0.42971630843781594,0.8404659821066829,0.895,0.6148,0.602875,0.60675,6027
6019,-0.7371475833924358,6047,-0.6817625533900162,0.8404659821066829,0.895,0.4064,0.40425,0.403625,6047
6019,-0.7371475833924358,6051,-0.7475365116011009,0.8404659821066829,0.895,0.3983,0.401,0.399375,6019
6019,-0.7371475833924358,6039,-0.9223243320806643,0.8404659821066829,0.895,0.4736,0.48375,0.4855,6019
6019,-0.7371475833924358,6053,-0.6224173750416845,0.8404659821066829,0.895,0.4349,0.4285,0.422125,6053
6019,-0.7371475833924358,6069,-0.7012324849777389,0.8404659821066829,0.895,0.399,0.403125,0.4025,6069
6019,-0.7371475833924358,6031,-0.6421445659126604,0.8404659821066829,0.895,0.4201,0.424625,0.424,6031
6019,-0.7371475833924358,6107,-0.5810119833403016,0.8404659821066829,0.895,0.4466,0.4585,0.4485,6107
6021,-0.3298034975336074,6045,-0.4297607567718782,0.8404659821066829,0.895,0.4164,0.43125,0.424125,6021
6021,-0.3298034975336074,6033,-0.08777556025342984,0.8404659821066829,0.895,0.5125,0.517875,0.524375,6033
6021,-0.3298034975336074,6103,-0.3690334978955437,0.8404659821066829,0.895,0.408,0.405,0.406875,6021
6021,-0.3298034975336074,6007,-0.3443405100613874,0.8404659821066829,0.895,0.3983,0.396125,0.41325,6021
6027,-0.42971630843781594,6051,-0.7475365116011009,0.8404659821066829,0.895,0.6253,0.635125,0.62775,6027
6027,-0.42971630843781594,6071,-0.5645676710839446,0.8404659821066829,0.895,0.4457,0.456125,0.446125,6027
6027,-0.42971630843781594,32003,-0.2610237277324813,0.8404659821066829,0.895,0.4627,0.47125,0.46825,32003
6027,-0.42971630843781594,6107,-0.5810119833403016,0.8404659821066829,0.895,0.4521,0.449375,0.4395,6027
6027,-0.42971630843781594,32009,-0.29263041934562745,0.8404659821066829,0.895,0.4442,0.442875,0.444375,32009
6027,-0.42971630843781594,6029,-0.47691307144666345,0.8404659821066829,0.895,0.4037,0.40825,0.406375,6027
6027,-0.42971630843781594,32023,-0.034152502036470515,0.8404659821066829,0.895,0.7125,0.705375,0.713,32023
6037,-0.5285955223887444,6059,-0.3582702822173834,0.8404659821066829,0.895,0.4522,0.453875,0.4645,6059
6037,-0.5285955223887444,6071,-0.5645676710839446,0.8404659821066829,0.895,0.4044,0.40425,0.401,6037
6037,-0.5285955223887444,6111,-0.37974166724995734,0.8404659821066829,0.895,0.4359,0.442875,0.448875,6111
6037,-0.5285955223887444,6029,-0.47691307144666345,0.8404659821066829,0.895,0.4009,0.405625,0.400625,6029
6047,-0.6817625533900162,6039,-0.9223243320806643,0.8404659821066829,0.895,0.5235,0.519375,0.523375,6047
6047,-0.6817625533900162,6043,-0.6361333677688223,0.8404659821066829,0.895,0.4051,0.407125,0.409625,6043
6047,-0.6817625533900162,6099,-0.5357031505381383,0.8404659821066829,0.895,0.4515,0.444875,0.45625,6099
6047,-0.6817625533900162,6069,-0.7012324849777389,0.8404659821066829,0.895,0.3956,0.406375,0.405375,6047
6047,-0.6817625533900162,6085,-0.43782497584259034,0.8404659821066829,0.895,0.5255,0.5205,0.52675,6085
6067,-0.35510567362295203,6095,-0.15296520749851739,0.8404659821066829,0.895,0.4913,0.506625,0.5055,6095
6067,-0.35510567362295203,6101,-0.37534946480222886,0.8404659821066829,0.895,0.3942,0.394,0.397375,6067
6067,-0.35510567362295203,6013,-0.3440642065060921,0.8404659821066829,0.895,0.3968,0.400125,0.3965,6013
6067,-0.35510567362295203,6017,-0.44116444745220396,0.8404659821066829,0.895,0.4194,0.415125,0.41475,6067
6067,-0.35510567362295203,6061,-0.3263848712277482,0.8404659821066829,0.895,0.4069,0.40725,0.40625,6061
6067,-0.35510567362295203,6113,-0.18208292419945357,0.8404659821066829,0.895,0.4773,0.479625,0.48,6113
6067,-0.35510567362295203,6005,-0.5474439784971126,0.8404659821066829,0.895,0.4765,0.48575,0.492375,6067
6067,-0.35510567362295203,6077,-0.44788999510147603,0.8404659821066829,0.895,0.4249,0.428125,0.4195,6067
6087,-0.4865767101721739,6081,-0.3052709838804782,0.8404659821066829,0.895,0.4548,0.44975,0.45225,6081
6087,-0.4865767101721739,6053,-0.6224173750416845,0.8404659821066829,0.895,0.4394,0.434125,0.446125,6087
6087,-0.4865767101721739,6069,-0.7012324849777389,0.8404659821066829,0.895,0.4889,0.498,0.495125,6087
6087,-0.4865767101721739,6085,-0.43782497584259034,0.8404659821066829,0.895,0.4071,0.398125,0.40025,6085
6093,-0.2038771836662705,6105,-0.18677938618983422,0.8404659821066829,0.895,0.3958,0.399875,0.40325,6105
6093,-0.2038771836662705,6023,-0.33379846582826467,0.8404659821066829,0.895,0.4355,0.433375,0.44425,6093
6093,-0.2038771836662705,6089,-0.2657010053397007,0.8404659821066829,0.895,0.4069,0.4075,0.417625,6093
6093,-0.2038771836662705,41035,-0.35773359630863194,0.8404659821066829,0.895,0.4558,0.465875,0.470625,6093
6093,-0.2038771836662705,6015,-0.055633637804765365,0.8404659821066829,0.895,0.4442,0.441625,0.445,6015
6093,-0.2038771836662705,41029,-0.35027146112306845,0.8404659821066829,0.895,0.4477,0.445625,0.451875,6093
6093,-0.2038771836662705,6049,-0.5777968709232922,0.8404659821066829,0.895,0.661,0.67575,0.6785,6093
6093,-0.2038771836662705,41033,-0.0666046078804641,0.8404659821066829,0.895,0.4424,0.448,0.4385,41033
8001,-0.709526439026674,8059,-0.6885058809892715,0.8404659821066829,0.895,0.4018,0.399375,0.408125,8059
8001,-0.709526439026674,8031,-0.7142291423516417,0.8404659821066829,0.895,0.4086,0.40075,0.401125,8001
8001,-0.709526439026674,8005,-0.5951382862417917,0.8404659821066829,0.895,0.4347,0.4315,0.43875,8005
8001,-0.709526439026674,8087,-0.808806154764732,0.8404659821066829,0.895,0.421,0.4185,0.420125,8001
8001,-0.709526439026674,8014,-0.5955554205708953,0.8404659821066829,0.895,0.426,0.424,0.420625,8014
8001,-0.709526439026674,8121,-0.9313903623476942,0.8404659821066829,0.895,0.5114,0.512125,0.5315,8001
8001,-0.709526439026674,8123,-0.6560468822307169,0.8404659821066829,0.895,0.4051,0.411,0.4095,8123
8015,-1.090365309241416,8093,-1.1087021871758371,0.8404659821066829,0.895,0.4035,0.4045,0.397625,8015
8015,-1.090365309241416,8109,-1.187398876317099,0.8404659821066829,0.895,0.4255,0.425,0.4235,8015
8015,-1.090365309241416,8043,-1.1734685435684342,0.8404659821066829,0.895,0.414,0.419125,0.4205,8015
8015,-1.090365309241416,8051,-0.7260658511064351,0.8404659821066829,0.895,0.6437,0.682125,0.665,8051
8015,-1.090365309241416,8097,-0.981221322828917,0.8404659821066829,0.895,0.4228,0.446,0.437375,8097
8015,-1.090365309241416,8065,-1.006639650131146,0.8404659821066829,0.895,0.4172,0.412625,0.408625,8065
8059,-0.6885058809892715,8093,-1.1087021871758371,0.8404659821066829,0.895,0.7407,0.750125,0.755,8059
8059,-0.6885058809892715,8013,-0.5945898686211744,0.8404659821066829,0.895,0.4237,0.43525,0.4195,8013
8059,-0.6885058809892715,8031,-0.7142291423516417,0.8404659821066829,0.895,0.4105,0.4025,0.402375,8059
8059,-0.6885058809892715,8005,-0.5951382862417917,0.8404659821066829,0.895,0.4266,0.431125,0.42225,8005
8059,-0.6885058809892715,8019,-1.0422067980855811,0.8404659821066829,0.895,0.6505,0.6635,0.669625,8059
8059,-0.6885058809892715,8035,-0.5525071296749219,0.8404659821066829,0.895,0.4464,0.45075,0.448875,8035
8059,-0.6885058809892715,8047,-0.8664641014935934,0.8404659821066829,0.895,0.4712,0.477875,0.48425,8059
8059,-0.6885058809892715,8014,-0.5955554205708953,0.8404659821066829,0.895,0.4178,0.41525,0.414125,8014
8059,-0.6885058809892715,8119,-1.0990782865103865,0.8404659821066829,0.895,0.7104,0.722375,0.7295,8059
8069,-0.5700276147820723,8013,-0.5945898686211744,0.8404659821066829,0.895,0.3993,0.412375,0.40725,8069
8069,-0.5700276147820723,8057,-0.822956134303862,0.8404659821066829,0.895,0.5332,0.5345,0.530125,8069
8069,-0.5700276147820723,8049,-1.028397952978828,0.8404659821066829,0.895,0.7534,0.781125,0.771,8069
8069,-0.5700276147820723,56021,-0.4620076737016836,0.8404659821066829,0.895,0.4295,0.432,0.427125,56021
8069,-0.5700276147820723,8123,-0.6560468822307169,0.8404659821066829,0.895,0.4146,0.421625,0.424375,8069
8069,-0.5700276147820723,56001,-0.3577093298872133,0.8404659821066829,0.895,0.4959,0.496125,0.50625,56001
8093,-1.1087021871758371,8043,-1.1734685435684342,0.8404659821066829,0.895,0.4135,0.40625,0.41225,8093
8093,-1.1087021871758371,8117,-1.227057750522279,0.8404659821066829,0.895,0.4335,0.4215,0.42375,8093
8093,-1.1087021871758371,8019,-1.0422067980855811,0.8404659821066829,0.895,0.4088,0.419375,0.4095,8019
8093,-1.1087021871758371,8065,-1.006639650131146,0.8404659821066829,0.895,0.4214,0.425625,0.4285,8065
8093,-1.1087021871758371,8119,-1.0990782865103865,0.8404659821066829,0.895,0.406,0.4025,0.4015,8119
8109,-1.187398876317099,8027,-1.4252315374559257,0.8404659821066829,0.895,0.5217,0.52025,0.529875,8109
8109,-1.187398876317099,8043,-1.1734685435684342,0.8404659821066829,0.895,0.4016,0.397375,0.39775,8043
8109,-1.187398876317099,8051,-0.7260658511064351,0.8404659821066829,0.895,0.772,0.79375,0.80175,8051
8109,-1.187398876317099,8053,-0.9064964905006094,0.8404659821066829,0.895,0.5675,0.595,0.592875,8053
8109,-1.187398876317099,8055,-1.0279492164836905,0.8404659821066829,0.895,0.4623,0.462875,0.464125,8055
8109,-1.187398876317099,8079,-0.9751227767331678,0.8404659821066829,0.895,0.4963,0.51575,0.518625,8079
8109,-1.187398876317099,8003,-1.1833147420360983,0.8404659821066829,0.895,0.4004,0.401375,0.40175,8003
8109,-1.187398876317099,8105,-1.1805268891810632,0.8404659821066829,0.895,0.4006,0.39725,0.401625,8105
9007,-0.02754234799546367,9009,-0.13920532530932656,0.8404659821066829,0.895,0.4215,0.427625,0.42875,9007
9007,-0.02754234799546367,9011,0.011846643579973577,0.8404659821066829,0.895,0.4032,0.397375,0.396875,9011
9007,-0.02754234799546367,9003,-0.1623394463807303,0.8404659821066829,0.895,0.4393,0.4405,0.440875,9007
12027,-0.7937540176366632,12015,-0.45723801587222535,0.8404659821066829,0.895,0.6031,0.593375,0.60025,12015
12027,-0.7937540176366632,12115,-0.5493226743926851,0.8404659821066829,0.895,0.5105,0.50725,0.507375,12115
12027,-0.7937540176366632,12055,-0.5027750950750227,0.8404659821066829,0.895,0.5609,0.56175,0.564375,12055
12027,-0.7937540176366632,12081,-0.47718988762237097,0.8404659821066829,0.895,0.578,0.573625,0.578875,12081
12027,-0.7937540176366632,12049,-0.5896643721094833,0.8404659821066829,0.895,0.4923,0.480625,0.486375,12049
12031,0.3302615141903425,12089,0.3945362352266347,0.8404659821066829,0.895,0.4076,0.405125,0.4065,12089
12031,0.3302615141903425,12003,0.9129016020965166,0.8404659821066829,0.895,0.8392,0.8545,0.857,12003
12031,0.3302615141903425,12109,0.32526342833700417,0.8404659821066829,0.895,0.3962,0.3985,0.39675,12031
12031,0.3302615141903425,12019,0.6294544692908765,0.8404659821066829,0.895,0.5643,0.565625,0.565,12019
12057,0.018524036986913232,12103,0.21348430949947625,0.8404659821066829,0.895,0.4653,0.473125,0.46825,12103
12057,0.018524036986913232,12105,-0.23758958242014297,0.8404659821066829,0.895,0.5334,0.55275,0.544875,12057
12057,0.018524036986913232,12081,-0.47718988762237097,0.8404659821066829,0.895,0.7361,0.73875,0.7515,12057
12057,0.018524036986913232,12101,0.18235551558537627,0.8404659821066829,0.895,0.4478,0.458375,0.453625,12101
12083,0.24159708324907234,12119,-0.5632006211424327,0.8404659821066829,0.895,0.9578,0.961875,0.967625,12083
12083,0.24159708324907234,12127,0.11474895070754056,0.8404659821066829,0.895,0.4422,0.456625,0.445,12083
12083,0.24159708324907234,12017,0.20209978959328517,0.8404659821066829,0.895,0.3995,0.4035,0.40475,12083
12083,0.24159708324907234,12069,-0.0661945008261431,0.8404659821066829,0.895,0.5967,0.615625,0.60225,12083
12083,0.24159708324907234,12001,1.0351274567076667,0.8404659821066829,0.895,0.9571,0.96675,0.975,12001
12083,0.24159708324907234,12075,0.978436049275225,0.8404659821066829,0.895,0.9308,0.9355,0.94,12075
12083,0.24159708324907234,12107,0.7414614153891813,0.8404659821066829,0.895,0.7943,0.798125,0.8,12107
12095,-0.16522347611128843,12069,-0.0661945008261431,0.8404659821066829,0.895,0.4163,0.419375,0.417625,12069
12095,-0.16522347611128843,12097,-0.32743107889658224,0.8404659821066829,0.895,0.4522,0.461125,0.46675,12095
12095,-0.16522347611128843,12009,0.08275564198164227,0.8404659821066829,0.895,0.506,0.5075,0.50025,12009
12095,-0.16522347611128843,12117,-0.12102558078446116,0.8404659821066829,0.895,0.4025,0.400125,0.39925,12117
12103,0.21348430949947625,12101,0.18235551558537627,0.8404659821066829,0.895,0.3949,0.403875,0.40325,12103
12113,0.43060870711529,12033,0.3110901267649728,0.8404659821066829,0.895,0.4211,0.438375,0.430625,12113
12113,0.43060870711529,12091,0.4909138519470849,0.8404659821066829,0.895,0.4114,0.403125,0.410125,12091
12113,0.43060870711529,1053,0.2933789511342414,0.8404659821066829,0.895,0.4424,0.459625,0.448875,12113
12119,-0.5632006211424327,12017,0.20209978959328517,0.8404659821066829,0.895,0.9312,0.933875,0.931875,12017
12119,-0.5632006211424327,12069,-0.0661945008261431,0.8404659821066829,0.895,0.7724,0.7815,0.78225,12069
12119,-0.5632006211424327,12105,-0.23758958242014297,0.8404659821066829,0.895,0.6081,0.60675,0.609875,12105
12119,-0.5632006211424327,12053,0.16985928603755532,0.8404659821066829,0.895,0.9037,0.92275,0.914625,12053
12119,-0.5632006211424327,12101,0.18235551558537627,0.8404659821066829,0.895,0.9212,0.932125,0.9305,12101
12121,0.4378528651696508,12023,0.8948960959741569,0.8404659821066829,0.895,0.7421,0.758875,0.772375,12023
12121,0.4378528651696508,12041,0.5090681893614828,0.8404659821066829,0.895,0.4114,0.412125,0.416125,12041
12121,0.4378528651696508,12047,0.26950199980190775,0.8404659821066829,0.895,0.4581,0.469125,0.4635,12121
12121,0.4378528651696508,12079,0.18378986911495396,0.8404659821066829,0.895,0.5313,0.545875,0.53775,12121
12121,0.4378528651696508,12067,0.46777163770769703,0.8404659821066829,0.895,0.3995,0.40175,0.4035,12067
12125,5.359730123903596,12007,0.9235685842251378,0.8404659821066829,0.895,1.0,1.0,1.0,12125
12125,5.359730123903596,12023,0.8948960959741569,0.8404659821066829,0.895,1.0,1.0,1.0,12125
12125,5.359730123903596,12001,1.0351274567076667,0.8404659821066829,0.895,1.0,1.0,1.0,12125
12125,5.359730123903596,12003,0.9129016020965166,0.8404659821066829,0.895,1.0,1.0,1.0,12125
12127,0.11474895070754056,12069,-0.0661945008261431,0.8404659821066829,0.895,0.4706,0.471125,0.4675,12127
12127,0.11474895070754056,12009,0.08275564198164227,0.8404659821066829,0.895,0.404,0.40575,0.400625,12127
12127,0.11474895070754056,12107,0.7414614153891813,0.8404659821066829,0.895,0.8837,0.89175,0.89025,12107
12127,0.11474895070754056,12117,-0.12102558078446116,0.8404659821066829,0.895,0.4993,0.509625,0.504,12127
12127,0.11474895070754056,12035,-0.020199860850290654,0.8404659821066829,0.895,0.4377,0.43575,0.437375,12127
13001,0.7616396359802556,13279,1.1696159467002054,0.8404659821066829,0.895,0.6907,0.699375,0.6905,13279
13001,0.7616396359802556,13229,1.005715189037733,0.8404659821066829,0.895,0.5193,0.51975,0.520125,13229
13001,0.7616396359802556,13267,0.7970307651648078,0.8404659821066829,0.895,0.4046,0.404625,0.394,13267
13001,0.7616396359802556,13305,0.5151972385601749,0.8404659821066829,0.895,0.5426,0.5525,0.554625,13001
13001,0.7616396359802556,13005,1.2807687623789872,0.8404659821066829,0.895,0.7919,0.79425,0.7925,13005
13001,0.7616396359802556,13161,1.162965157353655,0.8404659821066829,0.895,0.6937,0.699375,0.702375,13161
13007,-0.09695198429102195,13205,0.26143330830322253,0.8404659821066829,0.895,0.6376,0.654625,0.667625,13205
13007,-0.09695198429102195,13201,0.43486018177782637,0.8404659821066829,0.895,0.7921,0.7955,0.794375,13201
13007,-0.09695198429102195,13095,0.16082945657582046,0.8404659821066829,0.895,0.5345,0.5415,0.544125,13095
13007,-0.09695198429102195,13037,0.38477175964379584,0.8404659821066829,0.895,0.754,0.7645,0.765875,13037
13007,-0.09695198429102195,13099,0.29851968342403257,0.8404659821066829,0.895,0.6887,0.683,0.68725,13099
13007,-0.09695198429102195,13087,0.6169796225061562,0.8404659821066829,0.895,0.9189,0.9265,0.924375,13087
13009,0.0998161318828158,13141,-0.00023745743491540203,0.8404659821066829,0.895,0.4194,0.433,0.4375,13009
13009,0.0998161318828158,13237,0.2543715205123961,0.8404659821066829,0.895,0.4513,0.44875,0.444625,13237
13009,0.0998161318828158,13303,0.09144862860910921,0.8404659821066829,0.895,0.4008,0.40025,0.396875,13009
13009,0.0998161318828158,13319,0.07840164300093988,0.8404659821066829,0.895,0.3996,0.403875,0.400625,13009
13009,0.0998161318828158,13169,0.051527773361959774,0.8404659821066829,0.895,0.4004,0.408375,0.4175,13009
13013,0.7225116887934302,13135,0.113568338310229,0.8404659821066829,0.895,0.849,0.867375,0.862125,13013
13013,0.7225116887934302,13157,0.930444717590043,0.8404659821066829,0.895,0.4806,0.466875,0.4775,13157
13013,0.7225116887934302,13219,0.20964372216837068,0.8404659821066829,0.895,0.7655,0.79075,0.784625,13013
13013,0.7225116887934302,13297,0.3139680472883748,0.8404659821066829,0.895,0.6751,0.687,0.697875,13013
13029,1.1067412165202717,13031,0.4560119493617707,0.8404659821066829,0.895,0.881,0.881375,0.885125,13029
13029,1.1067412165202717,13179,0.41611292747731804,0.8404659821066829,0.895,0.8888,0.89625,0.893,13029
13029,1.1067412165202717,13103,0.6336075481460128,0.8404659821066829,0.895,0.7418,0.73925,0.750875,13029
13029,1.1067412165202717,13051,0.14814566576884253,0.8404659821066829,0.895,0.9701,0.972625,0.976375,13029
13029,1.1067412165202717,13109,0.4514497321647692,0.8404659821066829,0.895,0.8689,0.883625,0.87825,13029
13039,0.2765245582439122,13025,0.7074985122514001,0.8404659821066829,0.895,0.6963,0.71725,0.707375,13025
13039,0.2765245582439122,13049,0.22787218660508793,0.8404659821066829,0.895,0.4129,0.40475,0.407125,13039
13039,0.2765245582439122,13127,0.3979749413766429,0.8404659821066829,0.895,0.4236,0.43475,0.4325,13127
13039,0.2765245582439122,12089,0.3945362352266347,0.8404659821066829,0.895,0.4313,0.43625,0.42225,12089
13105,0.2036903790514098,13181,0.3317292555919218,0.8404659821066829,0.895,0.4328,0.430625,0.446125,13181
13105,0.2036903790514098,45007,0.10735168638562773,0.8404659821066829,0.895,0.4199,0.424625,0.432875,13105
13105,0.2036903790514098,13221,0.29279695009841816,0.8404659821066829,0.895,0.4259,0.424,0.432375,13221
13105,0.2036903790514098,13317,0.3113020858196061,0.8404659821066829,0.895,0.4252,0.424625,0.429125,13317
13105,0.2036903790514098,45065,-0.4001918153164375,0.8404659821066829,0.895,0.8686,0.885375,0.889125,13105
13105,0.2036903790514098,13195,0.7885177036414037,0.8404659821066829,0.895,0.8714,0.88175,0.889875,13195
13105,0.2036903790514098,13147,0.18422709077958174,0.8404659821066829,0.895,0.397,0.399875,0.406875,13105
13105,0.2036903790514098,45001,-0.13857554622457183,0.8404659821066829,0.895,0.636,0.654625,0.64125,13105
13121,0.14693786891207927,13135,0.113568338310229,0.8404659821066829,0.895,0.3975,0.400125,0.408625,13121
13121,0.14693786891207927,13077,0.13704618806693014,0.8404659821066829,0.895,0.4027,0.407125,0.4065,13121
13121,0.14693786891207927,13113,-0.1268252381743058,0.8404659821066829,0.895,0.5604,0.566875,0.558875,13121
13121,0.14693786891207927,13089,-0.08359785292032325,0.8404659821066829,0.895,0.5317,0.527625,0.525625,13121
13121,0.14693786891207927,13097,0.297218497059701,0.8404659821066829,0.895,0.4519,0.439875,0.455875,13097
13121,0.14693786891207927,13117,0.13809228638474866,0.8404659821066829,0.895,0.4005,0.395875,0.3985,13121
13121,0.14693786891207927,13057,0.30199375767649167,0.8404659821066829,0.895,0.4572,0.47625,0.464875,13057
13121,0.14693786891207927,13063,-0.11347234850174673,0.8404659821066829,0.895,0.5401,0.56375,0.546375,13121
13121,0.14693786891207927,13067,0.2674543043274538,0.8404659821066829,0.895,0.4271,0.433125,0.42925,13067
13121,0.14693786891207927,13045,0.4685160642492034,0.8404659821066829,0.895,0.6348,0.6305,0.62975,13045
13135,0.113568338310229,13139,0.37996476278863356,0.8404659821066829,0.895,0.5578,0.575,0.56325,13139
13135,0.113568338310229,13089,-0.08359785292032325,0.8404659821066829,0.895,0.4858,0.4885,0.49875,13135
13135,0.113568338310229,13117,0.13809228638474866,0.8404659821066829,0.895,0.3926,0.40225,0.401875,13117
13135,0.113568338310229,13247,0.009752035386801123,0.8404659821066829,0.895,0.4239,0.4275,0.429625,13135
13135,0.113568338310229,13297,0.3139680472883748,0.8404659821066829,0.895,0.484,0.497625,0.48075,13297
13141,-0.00023745743491540203,13237,0.2543715205123961,0.8404659821066829,0.895,0.5415,0.555125,0.552625,13237
13141,-0.00023745743491540203,13133,-0.11203860598766956,0.8404659821066829,0.895,0.4321,0.429125,0.4265,13141
13141,-0.00023745743491540203,13301,0.36249380807802534,0.8404659821066829,0.895,0.653,0.66575,0.652125,13301
13141,-0.00023745743491540203,13303,0.09144862860910921,0.8404659821066829,0.895,0.4174,0.42075,0.420625,13303
13141,-0.00023745743491540203,13265,-0.061252023063996866,0.8404659821066829,0.895,0.4103,0.401,0.406125,13141
13141,-0.00023745743491540203,13125,0.24161627306338643,0.8404659821066829,0.895,0.5217,0.521,0.510625,13125
13151,0.23411084589880146,13217,0.3449797930915435,0.8404659821066829,0.895,0.4271,0.42725,0.4215,13217
13151,0.23411084589880146,13035,0.6154472011259252,0.8404659821066829,0.895,0.6717,0.66875,0.66625,13035
13151,0.23411084589880146,13089,-0.08359785292032325,0.8404659821066829,0.895,0.5972,0.603375,0.59975,13151
13151,0.23411084589880146,13255,0.24236388973465342,0.8404659821066829,0.895,0.3995,0.39525,0.402875,13255
13151,0.23411084589880146,13247,0.009752035386801123,0.8404659821066829,0.895,0.5094,0.502625,0.514375,13151
13151,0.23411084589880146,13063,-0.11347234850174673,0.8404659821066829,0.895,0.6282,0.631,0.619375,13151
13181,0.3317292555919218,13189,0.6804312524007347,0.8404659821066829,0.895,0.6162,0.6405,0.641375,13189
13181,0.3317292555919218,13317,0.3113020858196061,0.8404659821066829,0.895,0.4046,0.398625,0.404875,13181
13181,0.3317292555919218,45065,-0.4001918153164375,0.8404659821066829,0.895,0.9221,0.93025,0.9315,13181
13181,0.3317292555919218,13073,0.19124029883945673,0.8404659821066829,0.895,0.4443,0.4315,0.43375,13181
13191,-0.08897958939812449,13127,0.3979749413766429,0.8404659821066829,0.895,0.7252,0.743375,0.741,13127
13191,-0.08897958939812449,13179,0.41611292747731804,0.8404659821066829,0.895,0.7549,0.76925,0.770625,13179
13191,-0.08897958939812449,13183,0.5100894768158272,0.8404659821066829,0.895,0.8217,0.83675,0.8425,13183
13191,-0.08897958939812449,13305,0.5151972385601749,0.8404659821066829,0.895,0.848,0.85325,0.858,13305
13209,0.8808947116589297,13279,1.1696159467002054,0.8404659821066829,0.895,0.5564,0.56425,0.557375,13279
13209,0.8808947116589297,13283,0.5358905890177558,0.8404659821066829,0.895,0.6135,0.6185,0.618625,13209
13209,0.8808947116589297,13309,-0.020379144139667894,0.8404659821066829,0.895,0.9673,0.97775,0.9765,13209
13209,0.8808947116589297,13161,1.162965157353655,0.8404659821066829,0.895,0.5514,0.561875,0.560125,13161
13213,1.0084611539047372,13313,0.6257236242415064,0.8404659821066829,0.895,0.6571,0.67475,0.679625,13213
13213,1.0084611539047372,13123,0.17149621973924523,0.8404659821066829,0.895,0.9544,0.965125,0.96225,13213
13213,1.0084611539047372,13111,0.42675223212464497,0.8404659821066829,0.895,0.8524,0.8675,0.86925,13213
13213,1.0084611539047372,47011,0.30467797552152753,0.8404659821066829,0.895,0.9151,0.920625,0.929375,13213
13213,1.0084611539047372,47139,1.093685095940025,0.8404659821066829,0.895,0.4199,0.405125,0.41575,47139
13213,1.0084611539047372,13129,0.9242374959401324,0.8404659821066829,0.895,0.4164,0.424625,0.417,13213
13279,1.1696159467002054,13283,0.5358905890177558,0.8404659821066829,0.895,0.8742,0.876375,0.87925,13279
13279,1.1696159467002054,13107,0.5029268629764765,0.8404659821066829,0.895,0.9101,0.91825,0.915125,13279
13279,1.1696159467002054,13267,0.7970307651648078,0.8404659821066829,0.895,0.652,0.674125,0.672125,13279
13279,1.1696159467002054,13161,1.162965157353655,0.8404659821066829,0.895,0.4019,0.40275,0.398875,13279
13283,0.5358905890177558,13309,-0.020379144139667894,0.8404659821066829,0.895,0.8205,0.841625,0.832125,13283
13283,0.5358905890177558,13107,0.5029268629764765,0.8404659821066829,0.895,0.4043,0.40125,0.400375,13283
13283,0.5358905890177558,13175,0.00633149480021078,0.8404659821066829,0.895,0.7951,0.80675,0.800125,13283
13309,-0.020379144139667894,13271,0.25197116052266877,0.8404659821066829,0.895,0.5546,0.565,0.574125,13271
13309,-0.020379144139667894,13091,0.31310032371638824,0.8404659821066829,0.895,0.6074,0.620625,0.617375,13091
13309,-0.020379144139667894,13161,1.162965157353655,0.8404659821066829,0.895,0.9974,0.998875,0.998875,13161
13309,-0.020379144139667894,13175,0.00633149480021078,0.8404659821066829,0.895,0.3981,0.40425,0.409,13175
13313,0.6257236242415064,47065,0.2878380880172133,0.8404659821066829,0.895,0.6355,0.679125,0.673625,13313
13313,0.6257236242415064,47011,0.30467797552152753,0.8404659821066829,0.895,0.6013,0.623375,0.637875,13313
13313,0.6257236242415064,13295,0.9489295392712018,0.8404659821066829,0.895,0.6141,0.601,0.61575,13295
13313,0.6257236242415064,13047,0.32149790968235303,0.8404659821066829,0.895,0.5609,0.58525,0.58275,13313
13313,0.6257236242415064,13129,0.9242374959401324,0.8404659821066829,0.895,0.5862,0.5845,0.5865,13129
16007,-1.1056776723850996,16029,-1.080592933889092,0.8404659821066829,0.895,0.401,0.402625,0.404375,16029
16007,-1.1056776723850996,49005,-1.1124756711414927,0.8404659821066829,0.895,0.3986,0.40175,0.404625,16007
16007,-1.1056776723850996,16041,-1.3714237828277271,0.8404659821066829,0.895,0.5299,0.532125,0.53825,16007
16007,-1.1056776723850996,49033,-1.0042760227720793,0.8404659821066829,0.895,0.4251,0.429625,0.42725,49033
16007,-1.1056776723850996,56023,-0.8198140368118904,0.8404659821066829,0.895,0.5639,0.572375,0.57825,56023
16021,-0.47112710140506825,30053,0.05163144432393269,0.8404659821066829,0.895,0.7527,0.764875,0.76625,30053
16021,-0.47112710140506825,16017,-0.24005226824687143,0.8404659821066829,0.895,0.512,0.5065,0.50675,16017
16021,-0.47112710140506825,53051,-0.1281110527497905,0.8404659821066829,0.895,0.5907,0.592,0.584875,53051
16023,-0.8488431921495412,16033,-0.7165951062444615,0.8404659821066829,0.895,0.4303,0.451,0.45125,16033
16023,-0.8488431921495412,16059,-0.6010199782290403,0.8404659821066829,0.895,0.5316,0.529875,0.531125,16059
16023,-0.8488431921495412,16013,-0.6071602587110619,0.8404659821066829,0.895,0.535,0.5435,0.548625,16013
16023,-0.8488431921495412,16037,-0.5750066030243747,0.8404659821066829,0.895,0.5509,0.551125,0.561875,16037
16023,-0.8488431921495412,16011,-1.0133089892805023,0.8404659821066829,0.895,0.4649,0.464625,0.46775,16023
16023,-0.8488431921495412,16051,-0.8945280191595337,0.8404659821066829,0.895,0.4069,0.40275,0.40625,16023
16027,-0.6262821501180955,41045,-0.6992264397457366,0.8404659821066829,0.895,0.4092,0.422625,0.412375,16027
16027,-0.6262821501180955,16073,-0.5205465987526225,0.8404659821066829,0.895,0.4294,0.4375,0.426375,16073
16027,-0.6262821501180955,16045,-0.35045575869638007,0.8404659821066829,0.895,0.5537,0.56175,0.55175,16045
16027,-0.6262821501180955,16075,-0.4958471454577955,0.8404659821066829,0.895,0.4329,0.436875,0.43525,16075
16027,-0.6262821501180955,16001,-0.2600753537433656,0.8404659821066829,0.895,0.6275,0.637375,0.632625,16001
16029,-1.080592933889092,16005,-0.9365450941443784,0.8404659821066829,0.895,0.4428,0.44225,0.445875,16005
16029,-1.080592933889092,16041,-1.3714237828277271,0.8404659821066829,0.895,0.5606,0.560875,0.55125,16029
16029,-1.080592933889092,16011,-1.0133089892805023,0.8404659821066829,0.895,0.4167,0.411375,0.421375,16011
16029,-1.080592933889092,16019,-0.8419615550339428,0.8404659821066829,0.895,0.5241,0.54,0.5385,16019
16029,-1.080592933889092,56023,-0.8198140368118904,0.8404659821066829,0.895,0.55,0.550875,0.560875,56023
16033,-0.7165951062444615,16059,-0.6010199782290403,0.8404659821066829,0.895,0.4387,0.422125,0.42125,16059
16033,-0.7165951062444615,30001,-0.4542101311609806,0.8404659821066829,0.895,0.5502,0.536875,0.53125,30001
16033,-0.7165951062444615,16043,-0.8811541572442413,0.8404659821066829,0.895,0.46,0.468,0.478625,16033
16033,-0.7165951062444615,16051,-0.8945280191595337,0.8404659821066829,0.895,0.4675,0.46875,0.476,16033
16035,-0.5034972237177213,16049,-0.6457033868976274,0.8404659821066829,0.895,0.4528,0.450125,0.451125,16035
16035,-0.5034972237177213,16069,-0.2579191905057135,0.8404659821066829,0.895,0.5299,0.540875,0.54425,16069
16035,-0.5034972237177213,16079,0.23452084258993872,0.8404659821066829,0.895,0.9377,0.942625,0.945125,16079
16035,-0.5034972237177213,16061,-0.1546007317849232,0.8404659821066829,0.895,0.6125,0.607625,0.621625,16061
16035,-0.5034972237177213,30061,-0.2326066198145194,0.8404659821066829,0.895,0.5462,0.537375,0.55025,30061
16035,-0.5034972237177213,30063,-0.2254474801063001,0.8404659821066829,0.895,0.5794,0.58775,0.59125,30063
16035,-0.5034972237177213,16057,-0.34765939455076744,0.8404659821066829,0.895,0.4465,0.453,0.46175,16057
16039,-0.18656708078193174,16013,-0.6071602587110619,0.8404659821066829,0.895,0.7273,0.73925,0.727875,16039
16039,-0.18656708078193174,16025,-0.792835292728451,0.8404659821066829,0.895,0.8515,0.857125,0.859,16039
16039,-0.18656708078193174,16037,-0.5750066030243747,0.8404659821066829,0.895,0.6795,0.695125,0.681625,16039
16039,-0.18656708078193174,16073,-0.5205465987526225,0.8404659821066829,0.895,0.6256,0.633,0.62925,16039
16039,-0.18656708078193174,16083,-0.575794238909703,0.8404659821066829,0.895,0.6788,0.684,0.692375,16039
16039,-0.18656708078193174,16015,-0.5644943619649732,0.8404659821066829,0.895,0.6611,0.668625,0.6735,16039
16039,-0.18656708078193174,16001,-0.2600753537433656,0.8404659821066829,0.895,0.4166,0.412,0.413,16039
16039,-0.18656708078193174,16047,-0.3981916669920047,0.8404659821066829,0.895,0.4994,0.490875,0.484875,16039
16081,-0.8437889462214462,56039,-0.48502331627845924,0.8404659821066829,0.895,0.6322,0.64475,0.641125,56039
16081,-0.8437889462214462,16065,-1.125385599978004,0.8404659821066829,0.895,0.5412,0.541125,0.548125,16081
16081,-0.8437889462214462,16043,-0.8811541572442413,0.8404659821066829,0.895,0.403,0.40925,0.402125,16081
16081,-0.8437889462214462,16019,-0.8419615550339428,0.8404659821066829,0.895,0.3909,0.402125,0.40525,16019
17003,0.8784552522491704,17153,0.7037007603382732,0.8404659821066829,0.895,0.4647,0.476625,0.477125,17003
17003,0.8784552522491704,21007,0.85288203161321,0.8404659821066829,0.895,0.3969,0.403125,0.400125,17003
17003,0.8784552522491704,29031,0.24926254135520234,0.8404659821066829,0.895,0.8762,0.88025,0.875,17003
17003,0.8784552522491704,29201,0.8980229758303645,0.8404659821066829,0.895,0.4006,0.395375,0.40125,29201
17003,0.8784552522491704,17181,0.700984140082696,0.8404659821066829,0.895,0.4719,0.472625,0.46675,17003
17003,0.8784552522491704,29133,0.932619220661142,0.8404659821066829,0.895,0.4039,0.40825,0.4055,29133
17017,0.2762953690936027,17129,0.2438230078783052,0.8404659821066829,0.895,0.3964,0.3935,0.40925,17017
17017,0.2762953690936027,17125,0.3913557570855292,0.8404659821066829,0.895,0.4328,0.437125,0.44075,17125
17017,0.2762953690936027,17009,-0.530770258511354,0.8404659821066829,0.895,0.9492,0.954875,0.957625,17017
17017,0.2762953690936027,17167,0.2332409510429101,0.8404659821066829,0.895,0.4078,0.40725,0.409625,17017
17017,0.2762953690936027,17169,0.12773162345409036,0.8404659821066829,0.895,0.4509,0.446875,0.453375,17017
17017,0.2762953690936027,17137,-0.004499328574134403,0.8404659821066829,0.895,0.566,0.577375,0.56925,17017
17047,0.4759475732916914,17185,0.3620492697927915,0.8404659821066829,0.895,0.4264,0.429875,0.429625,17047
17047,0.4759475732916914,17193,0.6062246359201354,0.8404659821066829,0.895,0.4378,0.437,0.43275,17193
17047,0.4759475732916914,17191,0.3552854334906121,0.8404659821066829,0.895,0.4316,0.431125,0.438375,17047
17047,0.4759475732916914,17159,0.1467720553202094,0.8404659821066829,0.895,0.6,0.620125,0.619125,17047
17123,0.09210896926484118,17155,0.227713939584674,0.8404659821066829,0.895,0.4284,0.436125,0.442625,17155
17123,0.09210896926484118,17203,-0.13546371742311752,0.8404659821066829,0.895,0.5105,0.51125,0.50675,17123
17123,0.09210896926484118,17175,-0.05725456802094782,0.8404659821066829,0.895,0.4486,0.450875,0.447375,17123
17123,0.09210896926484118,17011,-0.08852473261603133,0.8404659821066829,0.895,0.4784,0.48125,0.474625,17123
17123,0.09210896926484118,17099,0.11466440491844697,0.8404659821066829,0.895,0.4054,0.404375,0.395625,17099
17123,0.09210896926484118,17143,0.21635459910263985,0.8404659821066829,0.895,0.436,0.441625,0.434875,17143
17153,0.7037007603382732,21007,0.85288203161321,0.8404659821066829,0.895,0.4511,0.4535,0.452375,21007
17153,0.7037007603382732,17181,0.700984140082696,0.8404659821066829,0.895,0.3976,0.40625,0.408125,17153
17153,0.7037007603382732,17087,0.41559888782163473,0.8404659821066829,0.895,0.562,0.566,0.5635,17153
17153,0.7037007603382732,17127,0.46194451295424915,0.8404659821066829,0.895,0.5306,0.521375,0.519125,17153
17153,0.7037007603382732,21145,0.42746746367054567,0.8404659821066829,0.895,0.562,0.55925,0.56475,17153
18033,-0.14601083950988178,39039,-0.24297345083133443,0.8404659821066829,0.895,0.4172,0.42125,0.419,18033
18033,-0.14601083950988178,39171,-0.5047573639948274,0.8404659821066829,0.895,0.6371,0.638125,0.639125,18033
18033,-0.14601083950988178,18003,-0.3549716920488576,0.8404659821066829,0.895,0.498,0.503,0.500875,18033
18033,-0.14601083950988178,18151,-0.26294471206639164,0.8404659821066829,0.895,0.4305,0.423375,0.4215,18033
18033,-0.14601083950988178,18113,-0.0990657342232184,0.8404659821066829,0.895,0.3973,0.401625,0.413625,18113
18083,0.07717238196174883,18051,-0.01469554840402949,0.8404659821066829,0.895,0.4237,0.43525,0.423375,18083
18083,0.07717238196174883,18027,-0.1965363544057539,0.8404659821066829,0.895,0.5628,0.5555,0.5505,18083
18083,0.07717238196174883,18125,-0.11883659670170528,0.8404659821066829,0.895,0.4893,0.492125,0.486,18083
18083,0.07717238196174883,17185,0.3620492697927915,0.8404659821066829,0.895,0.5732,0.56975,0.5825,17185
18083,0.07717238196174883,18055,0.1999107750216947,0.8404659821066829,0.895,0.4324,0.435625,0.440125,18055
18083,0.07717238196174883,18153,0.39211789898026694,0.8404659821066829,0.895,0.601,0.60675,0.60275,18153
18083,0.07717238196174883,17033,0.1495592969421307,0.8404659821066829,0.895,0.4153,0.411125,0.418,17033
18083,0.07717238196174883,17101,-0.039224596052376534,0.8404659821066829,0.895,0.427,0.434125,0.4365,18083
18119,0.5955526245647338,18105,0.4136772499787283,0.8404659821066829,0.895,0.4634,0.464375,0.4665,18119
18119,0.5955526245647338,18109,0.2928468287058739,0.8404659821066829,0.895,0.5909,0.598625,0.593,18119
18119,0.5955526245647338,18133,0.340625182876674,0.8404659821066829,0.895,0.5377,0.53475,0.540875,18119
18119,0.5955526245647338,18021,0.40043583800392923,0.8404659821066829,0.895,0.4783,0.489875,0.474,18119
18119,0.5955526245647338,18055,0.1999107750216947,0.8404659821066829,0.895,0.6763,0.69175,0.699375,18119
18147,0.24978944878253687,21059,0.9170848944884606,0.8404659821066829,0.895,0.889,0.8935,0.88975,21059
18147,0.24978944878253687,18123,0.3589057525997417,0.8404659821066829,0.895,0.429,0.425375,0.417875,18123
18147,0.24978944878253687,18173,0.2449864328696481,0.8404659821066829,0.895,0.4008,0.396875,0.409375,18147
18147,0.24978944878253687,21091,0.8240436400340423,0.8404659821066829,0.895,0.8256,0.811375,0.81225,21091
18147,0.24978944878253687,18037,-0.0938297367262549,0.8404659821066829,0.895,0.6265,0.62175,0.630875,18147
19029,-0.43780254436702215,19003,-0.3737226061154785,0.8404659821066829,0.895,0.4082,0.40525,0.411875,19003
19029,-0.43780254436702215,19001,-0.36091977258846547,0.8404659821066829,0.895,0.4182,0.41275,0.411375,19001
19029,-0.43780254436702215,19137,-0.5208511817370397,0.8404659821066829,0.895,0.4179,0.41925,0.41275,19029
19029,-0.43780254436702215,19165,-0.7036177756743991,0.8404659821066829,0.895,0.5402,0.540125,0.547625,19029
19029,-0.43780254436702215,19155,0.028122800312115327,0.8404659821066829,0.895,0.7578,0.77425,0.767625,19155
19029,-0.43780254436702215,19009,-0.6889853702257956,0.8404659821066829,0.895,0.5258,0.521875,0.541875,19029
19045,-0.23421721944967439,19163,0.04573598793221131,0.8404659821066829,0.895,0.5447,0.562375,0.56875,19163
19045,-0.23421721944967439,17161,-0.0003717152423385886,0.8404659821066829,0.895,0.5247,0.5355,0.531125,17161
19045,-0.23421721944967439,19105,-0.5440461665594335,0.8404659821066829,0.895,0.5986,0.602625,0.5915,19045
19045,-0.23421721944967439,19031,-0.5190458986145347,0.8404659821066829,0.895,0.5698,0.584,0.582,19045
19045,-0.23421721944967439,17195,-0.10794752785638809,0.8404659821066829,0.895,0.4354,0.443875,0.443375,17195
19045,-0.23421721944967439,19097,-0.30893913730481026,0.8404659821066829,0.895,0.4065,0.4085,0.4085,19045
19045,-0.23421721944967439,17015,0.02316789104111233,0.8404659821066829,0.895,0.544,0.5475,0.554125,17015
19159,-0.39187760703921193,29227,-0.32993441359372366,0.8404659821066829,0.895,0.4036,0.40875,0.4105,29227
19159,-0.39187760703921193,19175,-0.20396002737447771,0.8404659821066829,0.895,0.4735,0.469125,0.481125,19175
19159,-0.39187760703921193,19053,-0.2815322238546322,0.8404659821066829,0.895,0.4207,0.426125,0.426625,19053
19159,-0.39187760703921193,19173,-0.5134612031602048,0.8404659821066829,0.895,0.4393,0.434875,0.438625,19159
19159,-0.39187760703921193,29081,-0.3090049139898322,0.8404659821066829,0.895,0.4154,0.42325,0.41825,29081
20047,0.16197595481503513,20145,-0.22557315107986342,0.8404659821066829,0.895,0.671,0.697375,0.693,20047
20047,0.16197595481503513,20151,-0.14139664346949893,0.8404659821066829,0.895,0.5888,0.598375,0.612125,20047
20047,0.16197595481503513,20057,-0.1164035019908139,0.8404659821066829,0.895,0.562,0.561875,0.55725,20047
20047,0.16197595481503513,20097,0.040479551112032754,0.8404659821066829,0.895,0.4379,0.43625,0.43825,20047
20047,0.16197595481503513,20185,-0.032566279948017356,0.8404659821066829,0.895,0.4862,0.4975,0.4865,20047
20047,0.16197595481503513,20083,-0.14521653502676335,0.8404659821066829,0.895,0.5907,0.618,0.60025,20047
20071,-0.18422004326025482,20203,-0.2768533999298339,0.8404659821066829,0.895,0.4163,0.41775,0.4105,20071
20071,-0.18422004326025482,8099,-0.14620517504800756,0.8404659821066829,0.895,0.4023,0.39875,0.400125,8099
20071,-0.18422004326025482,20075,0.08987176346636351,0.8404659821066829,0.895,0.5527,0.57625,0.5705,20075
20071,-0.18422004326025482,20199,-0.3852979113436389,0.8404659821066829,0.895,0.4893,0.4935,0.508375,20071
20071,-0.18422004326025482,8061,-0.52118850829093,0.8404659821066829,0.895,0.6246,0.654,0.6465,20071
20071,-0.18422004326025482,8017,-0.6105761629402562,0.8404659821066829,0.895,0.7068,0.713625,0.7125,20071
20093,0.08208862256577967,20203,-0.2768533999298339,0.8404659821066829,0.895,0.633,0.63775,0.64675,20093
20093,0.08208862256577967,20067,0.1407317509856619,0.8404659821066829,0.895,0.4041,0.411125,0.412,20067
20093,0.08208862256577967,20075,0.08987176346636351,0.8404659821066829,0.895,0.4029,0.4005,0.39775,20075
20093,0.08208862256577967,20055,-0.27968113869238326,0.8404659821066829,0.895,0.6358,0.652375,0.653125,20093
20093,0.08208862256577967,20171,-0.23716313892571256,0.8404659821066829,0.895,0.5869,0.616,0.608625,20093
20135,-0.2633490262285464,20165,-0.14780985622388643,0.8404659821066829,0.895,0.4311,0.418875,0.425,20165
20135,-0.2633490262285464,20101,-0.08059758789565351,0.8404659821066829,0.895,0.4714,0.486125,0.47025,20101
20135,-0.2633490262285464,20145,-0.22557315107986342,0.8404659821066829,0.895,0.406,0.38925,0.39775,20145
20135,-0.2633490262285464,20055,-0.27968113869238326,0.8404659821066829,0.895,0.4052,0.402625,0.398125,20135
20135,-0.2633490262285464,20051,-0.20419776219869862,0.8404659821066829,0.895,0.4142,0.402625,0.40975,20051
20135,-0.2633490262285464,20195,-0.4515960440298588,0.8404659821066829,0.895,0.4733,0.49475,0.49425,20135
20135,-0.2633490262285464,20063,-0.5433396382467405,0.8404659821066829,0.895,0.5694,0.5985,0.59475,20135
20135,-0.2633490262285464,20083,-0.14521653502676335,0.8404659821066829,0.895,0.4338,0.427625,0.43175,20083
20161,-0.08959032470110137,20149,0.042769438246669546,0.8404659821066829,0.895,0.4363,0.43375,0.436125,20149
20161,-0.08959032470110137,20027,-0.28467741839007504,0.8404659821066829,0.895,0.482,0.4965,0.494375,20161
20161,-0.08959032470110137,20201,-0.5133235463721925,0.8404659821066829,0.895,0.7164,0.733,0.73175,20161
20161,-0.08959032470110137,20061,0.3734109092208954,0.8404659821066829,0.895,0.7379,0.7435,0.739375,20061
20161,-0.08959032470110137,20117,-0.5520892814731866,0.8404659821066829,0.895,0.7371,0.74625,0.747875,20161
20161,-0.08959032470110137,20197,0.0990436342899526,0.8404659821066829,0.895,0.4775,0.481,0.480125,20197
21007,0.85288203161321,21039,0.6589981192901798,0.8404659821066829,0.895,0.4753,0.475625,0.478125,21007
21007,0.85288203161321,21145,0.42746746367054567,0.8404659821066829,0.895,0.7166,0.721,0.714875,21007
21007,0.85288203161321,29133,0.932619220661142,0.8404659821066829,0.895,0.4185,0.413125,0.41025,29133
21011,0.8416792440156038,21069,0.4054355219534523,0.8404659821066829,0.895,0.7104,0.716,0.7155,21011
21011,0.8416792440156038,21165,1.132775544333376,0.8404659821066829,0.895,0.5647,0.589125,0.571125,21165
21011,0.8416792440156038,21205,0.8485761835087889,0.8404659821066829,0.895,0.3995,0.397375,0.40225,21205
21011,0.8416792440156038,21181,1.0329603991677625,0.8404659821066829,0.895,0.4709,0.4935,0.49,21181
21011,0.8416792440156038,21173,0.7374468675170927,0.8404659821066829,0.895,0.4238,0.4225,0.418,21011
21013,1.376872637521276,21051,1.6521588824233888,0.8404659821066829,0.895,0.5632,0.5665,0.571875,21051
21013,1.376872637521276,21121,1.279739901524342,0.8404659821066829,0.895,0.4206,0.424,0.436125,21013
21013,1.376872637521276,21131,2.460629414189426,0.8404659821066829,0.895,0.9937,0.994,0.9945,21131
21013,1.376872637521276,21095,2.0888521221781917,0.8404659821066829,0.895,0.9241,0.929875,0.928625,21095
21013,1.376872637521276,47025,1.6287693339741534,0.8404659821066829,0.895,0.539,0.549,0.562,47025
21013,1.376872637521276,51105,1.3373675078750058,0.8404659821066829,0.895,0.4059,0.4035,0.39425,21013
21013,1.376872637521276,21235,1.67951117635044,0.8404659821066829,0.895,0.5893,0.59725,0.606625,21235
21031,1.0377295681731218,21061,0.7154682785139946,0.8404659821066829,0.895,0.5958,0.612375,0.611125,21031
21031,1.0377295681731218,21183,1.1527582498274878,0.8404659821066829,0.895,0.4254,0.433,0.43075,21183
21031,1.0377295681731218,21177,0.9485835998402267,0.8404659821066829,0.895,0.4209,0.424625,0.419875,21031
21031,1.0377295681731218,21085,0.8632774820496681,0.8404659821066829,0.895,0.4698,0.4785,0.4785,21031
21031,1.0377295681731218,21141,0.8460281192689703,0.8404659821066829,0.895,0.4839,0.48225,0.480375,21031
21031,1.0377295681731218,21227,0.7341011140176869,0.8404659821066829,0.895,0.5802,0.587375,0.585625,21031
21051,1.6521588824233888,21121,1.279739901524342,0.8404659821066829,0.895,0.6326,0.66325,0.662375,21051
21051,1.6521588824233888,21131,2.460629414189426,0.8404659821066829,0.895,0.9456,0.96125,0.95975,21131
21051,1.6521588824233888,21109,1.4267155272155663,0.8404659821066829,0.895,0.5195,0.529375,0.522625,21051
21051,1.6521588824233888,21193,2.652695252656433,0.8404659821066829,0.895,0.9909,0.993375,0.994625,21193
21051,1.6521588824233888,21125,0.9796171189288984,0.8404659821066829,0.895,0.9188,0.925,0.922,21051
21051,1.6521588824233888,21189,2.629115619899305,0.8404659821066829,0.895,0.985,0.988625,0.989625,21189
21061,0.7154682785139946,21099,0.8047713387278421,0.8404659821066829,0.895,0.4134,0.418625,0.418625,21099
21061,0.7154682785139946,21085,0.8632774820496681,0.8404659821066829,0.895,0.4474,0.456,0.448,21085
21061,0.7154682785139946,21009,0.7169962404164509,0.8404659821066829,0.895,0.398,0.39925,0.40475,21009
21061,0.7154682785139946,21227,0.7341011140176869,0.8404659821066829,0.895,0.3986,0.40275,0.398875,21227
21097,0.43315440264889965,21209,0.6121100535633028,0.8404659821066829,0.895,0.4786,0.48625,0.499375,21209
21097,0.43315440264889965,21181,1.0329603991677625,0.8404659821066829,0.895,0.8566,0.866125,0.86525,21181
21097,0.43315440264889965,21017,0.4004885275335525,0.8404659821066829,0.895,0.4047,0.4035,0.401375,21097
21097,0.43315440264889965,21191,0.5684381965824136,0.8404659821066829,0.895,0.446,0.445375,0.44725,21191
21097,0.43315440264889965,21201,0.745596901676924,0.8404659821066829,0.895,0.5947,0.596625,0.605375,21201
21097,0.43315440264889965,21023,1.069368298096228,0.8404659821066829,0.895,0.8777,0.891,0.894625,21023
21097,0.43315440264889965,21081,0.9839243065150891,0.8404659821066829,0.895,0.83,0.844,0.85675,21081
21121,1.279739901524342,21125,0.9796171189288984,0.8404659821066829,0.895,0.5734,0.57025,0.560875,21121
21121,1.279739901524342,21235,1.67951117635044,0.8404659821066829,0.895,0.6698,0.691,0.69675,21235
21131,2.460629414189426,21095,2.0888521221781917,0.8404659821066829,0.895,0.6331,0.644875,0.6585,21131
21131,2.460629414189426,21193,2.652695252656433,0.8404659821066829,0.895,0.4814,0.47425,0.47575,21193
21133,1.9072935871068555,21095,2.0888521221781917,0.8404659821066829,0.895,0.4721,0.4845,0.47175,21095
21133,1.9072935871068555,21119,1.7530567517633666,0.8404659821066829,0.895,0.4526,0.457375,0.4435,21133
21133,1.9072935871068555,21193,2.652695252656433,0.8404659821066829,0.895,0.9332,0.94125,0.939625,21193
21133,1.9072935871068555,21195,1.5677469607659547,0.8404659821066829,0.895,0.6247,0.625125,0.62875,21133
21133,1.9072935871068555,51195,1.1990614748343982,0.8404659821066829,0.895,0.9232,0.925875,0.921875,21133
21147,2.028094753352498,21231,0.7853852064168625,0.8404659821066829,0.895,0.9984,0.999,0.999125,21147
21147,2.028094753352498,47151,1.7288805160524026,0.8404659821066829,0.895,0.5924,0.564875,0.578125,21147
21147,2.028094753352498,47013,1.391598840819703,0.8404659821066829,0.895,0.8757,0.866625,0.8665,21147
21147,2.028094753352498,21125,0.9796171189288984,0.8404659821066829,0.895,0.9919,0.992,0.99325,21147
21147,2.028094753352498,21235,1.67951117635044,0.8404659821066829,0.895,0.6204,0.614375,0.632625,21147
21147,2.028094753352498,21199,1.059944309834641,0.8404659821066829,0.895,0.989,0.988625,0.986375,21147
21151,0.9173483209741351,21065,1.5871349129819694,0.8404659821066829,0.895,0.8968,0.897375,0.90175,21065
21151,0.9173483209741351,21079,0.5906490221184723,0.8404659821066829,0.895,0.6178,0.615375,0.620625,21151
21151,0.9173483209741351,21109,1.4267155272155663,0.8404659821066829,0.895,0.7982,0.795375,0.80125,21109
21151,0.9173483209741351,21203,1.1702446044359527,0.8404659821066829,0.895,0.5338,0.53375,0.533,21203
21151,0.9173483209741351,21049,0.7976024785871566,0.8404659821066829,0.895,0.4355,0.44375,0.43825,21151
21151,0.9173483209741351,21067,0.5212630576997511,0.8404659821066829,0.895,0.688,0.689125,0.695125,21151
21151,0.9173483209741351,21113,0.4813146830779088,0.8404659821066829,0.895,0.7135,0.72725,0.725125,21151
21187,0.8621430315623385,21209,0.6121100535633028,0.8404659821066829,0.895,0.5314,0.547375,0.547125,21187
21187,0.8621430315623385,21077,2.05126658339841,0.8404659821066829,0.895,0.9966,0.998375,0.9975,21077
21187,0.8621430315623385,21103,0.7958376786471497,0.8404659821066829,0.895,0.4109,0.411,0.412375,21187
21187,0.8621430315623385,21041,0.8216544875967611,0.8404659821066829,0.895,0.3978,0.402125,0.40375,21187
21187,0.8621430315623385,21073,0.9336043843337062,0.8404659821066829,0.895,0.4093,0.405375,0.403375,21073
21187,0.8621430315623385,21081,0.9839243065150891,0.8404659821066829,0.895,0.4432,0.435875,0.439375,21081
21217,0.5789446099199451,21123,0.2833493827761485,0.8404659821066829,0.895,0.569,0.563,0.5715,21217
21217,0.5789446099199451,21155,0.7303346926484597,0.8404659821066829,0.895,0.4493,0.449125,0.4475,21155
21217,0.5789446099199451,21045,1.0542944062022446,0.8404659821066829,0.895,0.7574,0.765,0.77275,21045
21217,0.5789446099199451,21087,0.1592552805536304,0.8404659821066829,0.895,0.683,0.67975,0.687,21217
21217,0.5789446099199451,21001,0.37010624442505097,0.8404659821066829,0.895,0.4905,0.48775,0.496125,21217
21231,0.7853852064168625,47151,1.7288805160524026,0.8404659821066829,0.895,0.9835,0.986,0.98925,47151
21231,0.7853852064168625,21207,0.7500230579340738,0.8404659821066829,0.895,0.4084,0.401625,0.402625,21231
21231,0.7853852064168625,21053,0.9355817455442422,0.8404659821066829,0.895,0.449,0.45725,0.460375,21053
21231,0.7853852064168625,21199,1.059944309834641,0.8404659821066829,0.895,0.56,0.562125,0.561375,21199
21231,0.7853852064168625,47137,0.8273162710065848,0.8404659821066829,0.895,0.4121,0.410375,0.405,47137
21237,1.8086288790504363,21025,2.585346329404641,0.8404659821066829,0.895,0.9451,0.95,0.949,21025
21237,1.8086288790504363,21153,1.7309109283626742,0.8404659821066829,0.895,0.4151,0.412125,0.4155,21237
21237,1.8086288790504363,21165,1.132775544333376,0.8404659821066829,0.895,0.9048,0.91275,0.919875,21237
21237,1.8086288790504363,21197,2.4286223146112644,0.8404659821066829,0.895,0.8674,0.872125,0.876875,21197
21237,1.8086288790504363,21175,0.8096806786298646,0.8404659821066829,0.895,0.9911,0.992875,0.9935,21237
21237,1.8086288790504363,21129,2.2616031390640963,0.8404659821066829,0.895,0.7366,0.742,0.72425,21129
22005,0.19196621951219048,22033,0.17187547753982277,0.8404659821066829,0.895,0.4027,0.398125,0.403625,22005
22005,0.19196621951219048,22063,0.2903658583017884,0.8404659821066829,0.895,0.4244,0.425,0.423,22063
22005,0.19196621951219048,22007,-0.14993518658754507,0.8404659821066829,0.895,0.632,0.637,0.6575,22005
22005,0.19196621951219048,22095,-0.032990639559527024,0.8404659821066829,0.895,0.512,0.52075,0.5255,22005
22005,0.19196621951219048,22093,-0.3316763427084857,0.8404659821066829,0.895,0.7771,0.773375,0.792375,22005
22005,0.19196621951219048,22047,0.18653941670679475,0.8404659821066829,0.895,0.3966,0.40175,0.40425,22005
22011,0.28668955563284876,48351,0.20247319785442824,0.8404659821066829,0.895,0.4189,0.41575,0.41975,22011
22011,0.28668955563284876,22115,0.5655776506113681,0.8404659821066829,0.895,0.5496,0.556,0.540125,22115
22011,0.28668955563284876,22053,0.1242967443812412,0.8404659821066829,0.895,0.456,0.47575,0.47225,22011
22011,0.28668955563284876,22003,-0.4635751582094879,0.8404659821066829,0.895,0.9207,0.93475,0.92975,22011
22011,0.28668955563284876,22019,0.028172470029131143,0.8404659821066829,0.895,0.527,0.5495,0.53925,22011
22013,0.48315362540241297,22069,0.14575088130279448,0.8404659821066829,0.895,0.6449,0.641375,0.640625,22013
22013,0.48315362540241297,22081,-0.3923921315587241,0.8404659821066829,0.895,0.972,0.9755,0.974375,22013
22013,0.48315362540241297,22127,0.62291912487919,0.8404659821066829,0.895,0.4442,0.45375,0.4455,22127
22013,0.48315362540241297,22119,0.3262757556124313,0.8404659821066829,0.895,0.4599,0.45525,0.46175,22013
22013,0.48315362540241297,22015,0.11845525424945172,0.8404659821066829,0.895,0.6568,0.6545,0.661625,22013
22013,0.48315362540241297,22061,0.14316722683743555,0.8404659821066829,0.895,0.6269,0.617125,0.620625,22013
22013,0.48315362540241297,22049,0.7517236891293354,0.8404659821066829,0.895,0.5567,0.56075,0.56075,22049
22013,0.48315362540241297,22027,-0.27112217140743894,0.8404659821066829,0.895,0.9438,0.94975,0.949875,22013
22017,0.07900783291930932,22081,-0.3923921315587241,0.8404659821066829,0.895,0.7646,0.77125,0.7675,22017
22017,0.07900783291930932,48315,0.6899557330548536,0.8404659821066829,0.895,0.868,0.87975,0.88225,48315
22017,0.07900783291930932,5091,0.324696070407429,0.8404659821066829,0.895,0.5401,0.538375,0.535,5091
22017,0.07900783291930932,48203,0.39349003253833914,0.8404659821066829,0.895,0.6021,0.62525,0.6265,48203
22017,0.07900783291930932,48067,0.30276830514410175,0.8404659821066829,0.895,0.5055,0.52475,0.5185,48067
22017,0.07900783291930932,22015,0.11845525424945172,0.8404659821066829,0.895,0.3964,0.406875,0.3985,22015
22017,0.07900783291930932,22031,0.0193463524896838,0.8404659821066829,0.895,0.4088,0.410125,0.4115,22017
22017,0.07900783291930932,48365,0.5197470374394348,0.8404659821066829,0.895,0.7338,0.742,0.744125,48365
22029,-0.0905864395230115,22009,0.08875232746680589,0.8404659821066829,0.895,0.4873,0.4745,0.479375,22009
22029,-0.0905864395230115,22025,0.47417190955259064,0.8404659821066829,0.895,0.8365,0.849,0.84675,22025
22029,-0.0905864395230115,22107,-0.09592448821284953,0.8404659821066829,0.895,0.396,0.40175,0.401125,22029
22029,-0.0905864395230115,22125,0.2039824891758152,0.8404659821066829,0.895,0.583,0.585375,0.58325,22125
22029,-0.0905864395230115,28157,0.14005304647404423,0.8404659821066829,0.895,0.521,0.5165,0.51625,28157
22029,-0.0905864395230115,22077,-0.020270118723591357,0.8404659821066829,0.895,0.4181,0.415375,0.41675,22077
22029,-0.0905864395230115,28001,-0.031951520162066205,0.8404659821066829,0.895,0.4097,0.41225,0.409375,28001
22037,0.624084609269345,22033,0.17187547753982277,0.8404659821066829,0.895,0.7299,0.730375,0.7415,22037
22037,0.624084609269345,22125,0.2039824891758152,0.8404659821066829,0.895,0.6999,0.705625,0.711375,22037
22037,0.624084609269345,22091,0.08311315373373736,0.8404659821066829,0.895,0.8073,0.80775,0.8085,22037
22037,0.624084609269345,28157,0.14005304647404423,0.8404659821066829,0.895,0.7581,0.763625,0.768625,22037
22037,0.624084609269345,28005,-0.1865821633872379,0.8404659821066829,0.895,0.9552,0.961625,0.959375,22037
22037,0.624084609269345,22121,0.3476168462955315,0.8404659821066829,0.895,0.5542,0.547375,0.553,22037
22051,-0.09555921678465838,22103,0.1227900181650436,0.8404659821066829,0.895,0.498,0.512875,0.5125,22103
22051,-0.09555921678465838,22057,-0.19407982985867162,0.8404659821066829,0.895,0.428,0.413125,0.417,22051
22051,-0.09555921678465838,22071,-0.10833297617505296,0.8404659821066829,0.895,0.3992,0.392875,0.402,22051
22051,-0.09555921678465838,22075,-0.15197956997948703,0.8404659821066829,0.895,0.4037,0.411625,0.40925,22051
22051,-0.09555921678465838,22089,-0.024788648008320008,0.8404659821066829,0.895,0.4154,0.409625,0.411625,22089
22051,-0.09555921678465838,22095,-0.032990639559527024,0.8404659821066829,0.895,0.4139,0.4105,0.41075,22095
22067,0.07545889325457782,5017,0.2062893356136613,0.8404659821066829,0.895,0.4479,0.453125,0.447625,5017
22067,0.07545889325457782,22073,0.17304835780843186,0.8404659821066829,0.895,0.4225,0.42825,0.4215,22073
22067,0.07545889325457782,22111,0.2459717263361232,0.8404659821066829,0.895,0.4524,0.465875,0.47,22111
22067,0.07545889325457782,5003,0.24197248495732557,0.8404659821066829,0.895,0.4644,0.46425,0.459,5003
22067,0.07545889325457782,22123,0.3756145687019323,0.8404659821066829,0.895,0.5663,0.575625,0.567125,22123
22067,0.07545889325457782,22083,0.34375618211335374,0.8404659821066829,0.895,0.5488,0.566375,0.567,22083
22069,0.14575088130279448,22081,-0.3923921315587241,0.8404659821066829,0.895,0.8201,0.820125,0.816875,22069
22069,0.14575088130279448,22127,0.62291912487919,0.8404659821066829,0.895,0.7755,0.774,0.761,22127
22069,0.14575088130279448,22043,0.6505056555162657,0.8404659821066829,0.895,0.7777,0.778,0.769125,22043
22069,0.14575088130279448,22079,-0.01715191617004009,0.8404659821066829,0.895,0.4682,0.474625,0.47275,22069
22069,0.14575088130279448,22031,0.0193463524896838,0.8404659821066829,0.895,0.4389,0.4375,0.446125,22069
22069,0.14575088130279448,22085,0.18145852815432195,0.8404659821066829,0.895,0.4034,0.409375,0.414125,22085
22069,0.14575088130279448,22115,0.5655776506113681,0.8404659821066829,0.895,0.7122,0.707375,0.7,22115
22081,-0.3923921315587241,22015,0.11845525424945172,0.8404659821066829,0.895,0.781,0.789875,0.782375,22015
22081,-0.3923921315587241,22031,0.0193463524896838,0.8404659821066829,0.895,0.6853,0.69675,0.69,22031
22103,0.1227900181650436,22117,0.19208707721659118,0.8404659821066829,0.895,0.4117,0.412,0.411375,22117
22103,0.1227900181650436,28109,0.5276427500265795,0.8404659821066829,0.895,0.7,0.720125,0.7135,28109
22103,0.1227900181650436,22071,-0.10833297617505296,0.8404659821066829,0.895,0.513,0.509,0.513625,22103
22103,0.1227900181650436,22105,0.15725581558790358,0.8404659821066829,0.895,0.4091,0.399,0.408875,22105
22103,0.1227900181650436,22095,-0.032990639559527024,0.8404659821066829,0.895,0.4611,0.46975,0.477375,22103
22103,0.1227900181650436,28045,0.04435107871359188,0.8404659821066829,0.895,0.4061,0.418125,0.41275,22103
22109,-0.02208607774103607,22101,-0.24874611296737056,0.8404659821066829,0.895,0.4965,0.516,0.505125,22109
22109,-0.02208607774103607,22057,-0.19407982985867162,0.8404659821066829,0.895,0.4613,0.4585,0.449875,22109
22109,-0.02208607774103607,22007,-0.14993518658754507,0.8404659821066829,0.895,0.4349,0.443125,0.4405,22109
22113,-0.16084937937498148,22045,0.07584886383835972,0.8404659821066829,0.895,0.5149,0.51325,0.4995,22045
22113,-0.16084937937498148,22055,-0.10452847690598642,0.8404659821066829,0.895,0.407,0.412,0.404625,22055
22113,-0.16084937937498148,22001,0.17664596660294246,0.8404659821066829,0.895,0.6066,0.6015,0.5955,22001
22113,-0.16084937937498148,22053,0.1242967443812412,0.8404659821066829,0.895,0.5611,0.555125,0.548375,22053
22113,-0.16084937937498148,22023,-0.08379178826697421,0.8404659821066829,0.895,0.414,0.41525,0.410125,22023
22117,0.19208707721659118,28109,0.5276427500265795,0.8404659821066829,0.895,0.6278,0.639,0.641375,28109
22117,0.19208707721659118,22105,0.15725581558790358,0.8404659821066829,0.895,0.4035,0.40525,0.402125,22117
22117,0.19208707721659118,28091,0.4985616901195917,0.8404659821066829,0.895,0.5824,0.60825,0.604875,28091
22117,0.19208707721659118,28147,0.07227910380668778,0.8404659821066829,0.895,0.4343,0.43175,0.428375,22117
22117,0.19208707721659118,28113,0.10563616621978021,0.8404659821066829,0.895,0.4124,0.414125,0.411125,22117
22127,0.62291912487919,22043,0.6505056555162657,0.8404659821066829,0.895,0.4001,0.399875,0.407125,22043
22127,0.62291912487919,22059,0.6638968955630309,0.8404659821066829,0.895,0.4005,0.402875,0.406375,22059
22127,0.62291912487919,22021,1.1447497623087246,0.8404659821066829,0.895,0.8074,0.807125,0.815,22021
22127,0.62291912487919,22049,0.7517236891293354,0.8404659821066829,0.895,0.4271,0.438875,0.440125,22049
23025,0.3940811480148116,23007,0.20527197033427919,0.8404659821066829,0.895,0.4717,0.482125,0.476375,23025
23025,0.3940811480148116,23021,0.4986930804937967,0.8404659821066829,0.895,0.4235,0.41725,0.425,23021
23025,0.3940811480148116,23027,0.29861940121010866,0.8404659821066829,0.895,0.4221,0.42425,0.41825,23025
23025,0.3940811480148116,23003,0.26584713212997485,0.8404659821066829,0.895,0.4313,0.438625,0.443375,23025
23025,0.3940811480148116,23011,0.32876714954477365,0.8404659821066829,0.895,0.4096,0.40925,0.40525,23025
23025,0.3940811480148116,23019,0.4771655739903696,0.8404659821066829,0.895,0.4121,0.414,0.41375,23019
23031,0.34424486600428283,33015,0.3994722520514301,0.8404659821066829,0.895,0.4049,0.4095,0.400875,33015
23031,0.34424486600428283,33017,0.38749640512855,0.8404659821066829,0.895,0.4061,0.398,0.40425,33017
23031,0.34424486600428283,23005,0.4593525216927339,0.8404659821066829,0.895,0.4254,0.4235,0.429375,23005
23031,0.34424486600428283,33003,0.004262693041676937,0.8404659821066829,0.895,0.6189,0.62375,0.617375,23031
23031,0.34424486600428283,23017,0.23218229326909928,0.8404659821066829,0.895,0.4257,0.428375,0.427875,23031
24015,0.26986021593758697,24025,0.08251568646016855,0.8404659821066829,0.895,0.4706,0.474875,0.475375,24015
24015,0.26986021593758697,10003,0.04635071327200375,0.8404659821066829,0.895,0.5055,0.516,0.511,24015
24015,0.26986021593758697,42029,0.10143001226228064,0.8404659821066829,0.895,0.4535,0.462,0.454,24015
24015,0.26986021593758697,42071,-0.28185701543332375,0.8404659821066829,0.895,0.8219,0.828875,0.823,24015
24015,0.26986021593758697,24029,0.1132159983222231,0.8404659821066829,0.895,0.4478,0.434125,0.44175,24015
24023,-0.8501046310776387,42111,-0.9085859688787379,0.8404659821066829,0.895,0.4056,0.40575,0.405,24023
24023,-0.8501046310776387,42051,-0.4853435128000347,0.8404659821066829,0.895,0.6515,0.6555,0.670375,42051
24023,-0.8501046310776387,24001,-0.5785042148577059,0.8404659821066829,0.895,0.5545,0.5765,0.56975,24001
24023,-0.8501046310776387,54057,-0.6684826835304317,0.8404659821066829,0.895,0.4669,0.4655,0.47025,54057
24023,-0.8501046310776387,54023,-1.2861390299749085,0.8404659821066829,0.895,0.7287,0.737875,0.734125,24023
24023,-0.8501046310776387,54077,-0.7462895838730458,0.8404659821066829,0.895,0.4223,0.431,0.4355,54077
24025,0.08251568646016855,24005,-0.04749216770638395,0.8404659821066829,0.895,0.4294,0.42325,0.43125,24025
24025,0.08251568646016855,42071,-0.28185701543332375,0.8404659821066829,0.895,0.637,0.632375,0.633375,24025
24025,0.08251568646016855,42133,-0.13385874419088065,0.8404659821066829,0.895,0.4927,0.494125,0.491625,24025
24039,0.2806060416766527,24047,0.1677165043975497,0.8404659821066829,0.895,0.4271,0.424375,0.42125,24039
24039,0.2806060416766527,51001,1.0873295410187744,0.8404659821066829,0.895,0.9165,0.9325,0.931375,51001
24039,0.2806060416766527,24045,0.37593764115824907,0.8404659821066829,0.895,0.409,0.41775,0.41525,24045
25005,-0.2822053297810685,25021,0.03682709499278193,0.8404659821066829,0.895,0.586,0.61675,0.61475,25021
25005,-0.2822053297810685,25023,-0.11691296778150922,0.8404659821066829,0.895,0.448,0.4535,0.45275,25023
25005,-0.2822053297810685,44005,0.10900744917636393,0.8404659821066829,0.895,0.6104,0.6405,0.641875,44005
25005,-0.2822053297810685,44007,-0.07902685611262539,0.8404659821066829,0.895,0.4826,0.5,0.502875,44007
25005,-0.2822053297810685,44001,-0.23973731937213488,0.8404659821066829,0.895,0.4059,0.399875,0.408375,44001
26041,-0.5236231902134137,26153,-0.16831796021251058,0.8404659821066829,0.895,0.603,0.610375,0.612375,26153
26041,-0.5236231902134137,26103,-0.3036141208493732,0.8404659821066829,0.895,0.4924,0.510125,0.51375,26103
26041,-0.5236231902134137,26109,-0.6778448693265308,0.8404659821066829,0.895,0.4356,0.446,0.43525,26041
26041,-0.5236231902134137,26003,-0.4696531903298348,0.8404659821066829,0.895,0.4001,0.40775,0.406875,26003
26047,-0.13555332971897024,26029,-0.34293931940013017,0.8404659821066829,0.895,0.4729,0.472875,0.478375,26047
26047,-0.13555332971897024,26031,-0.301600161692889,0.8404659821066829,0.895,0.4543,0.4555,0.44175,26047
26097,0.007655910634654255,26153,-0.16831796021251058,0.8404659821066829,0.895,0.4541,0.4575,0.45675,26097
26097,0.007655910634654255,26033,-0.317760143821904,0.8404659821066829,0.895,0.5585,0.574,0.571,26097
26097,0.007655910634654255,26095,-0.36575074656448947,0.8404659821066829,0.895,0.6171,0.63025,0.634875,26097
26141,-0.5412068192969588,26119,-0.3318147330476568,0.8404659821066829,0.895,0.4866,0.473875,0.476875,26119
26141,-0.5412068192969588,26007,-0.43898229533913047,0.8404659821066829,0.895,0.4183,0.421125,0.4165,26007
26141,-0.5412068192969588,26031,-0.301600161692889,0.8404659821066829,0.895,0.504,0.5125,0.504,26031
26153,-0.16831796021251058,26095,-0.36575074656448947,0.8404659821066829,0.895,0.4695,0.483625,0.473875,26153
26153,-0.16831796021251058,26003,-0.4696531903298348,0.8404659821066829,0.895,0.5546,0.551625,0.5625,26153
26163,-0.3273956983022171,26099,-0.37192116426179445,0.8404659821066829,0.895,0.4,0.399125,0.399125,26163
26163,-0.3273956983022171,26115,-0.1211671178227245,0.8404659821066829,0.895,0.4842,0.48925,0.487,26115
26163,-0.3273956983022171,26161,-0.15126787389773338,0.8404659821066829,0.895,0.4651,0.4705,0.475125,26161
26163,-0.3273956983022171,26125,-0.27725788448814914,0.8404659821066829,0.895,0.4091,0.408,0.41175,26125
27015,-0.7758307801156481,27013,-0.5567347551356652,0.8404659821066829,0.895,0.5092,0.5105,0.52175,27013
27015,-0.7758307801156481,27127,-0.6098803999229507,0.8404659821066829,0.895,0.4654,0.465,0.461875,27127
27015,-0.7758307801156481,27129,-0.6133316310339268,0.8404659821066829,0.895,0.4679,0.47125,0.470625,27129
27015,-0.7758307801156481,27033,-1.0495788062469964,0.8404659821066829,0.895,0.5578,0.567875,0.5635,27015
27015,-0.7758307801156481,27103,-0.5910759145366815,0.8404659821066829,0.895,0.4623,0.485125,0.481375,27103
27015,-0.7758307801156481,27165,-0.7408386616611786,0.8404659821066829,0.895,0.403,0.40425,0.411,27165
27059,-0.46181042671553196,27003,-0.0783217416243917,0.8404659821066829,0.895,0.6538,0.677,0.672875,27003
27059,-0.46181042671553196,27141,-0.22637795858844764,0.8404659821066829,0.895,0.5196,0.52475,0.529375,27141
27059,-0.46181042671553196,27095,-0.16667905806568045,0.8404659821066829,0.895,0.5712,0.587375,0.582,27095
27059,-0.46181042671553196,27025,-0.17577685144707353,0.8404659821066829,0.895,0.5523,0.562375,0.562,27025
27059,-0.46181042671553196,27065,-0.46451716566355256,0.8404659821066829,0.895,0.401,0.397,0.401625,27059
27069,-0.4271554211021212,27089,-0.6407168245393214,0.8404659821066829,0.895,0.4977,0.49,0.498625,27069
27069,-0.4271554211021212,38067,-0.36169615484917184,0.8404659821066829,0.895,0.4046,0.409125,0.4085,38067
27069,-0.4271554211021212,27135,-0.6745933292865706,0.8404659821066829,0.895,0.5114,0.526125,0.52175,27069
27075,-0.20874944628374378,27137,-0.26961508780260546,0.8404659821066829,0.895,0.4032,0.414375,0.415375,27075
27075,-0.20874944628374378,27031,-0.3834697516533019,0.8404659821066829,0.895,0.4457,0.432625,0.44075,27075
27089,-0.6407168245393214,38067,-0.36169615484917184,0.8404659821066829,0.895,0.5616,0.567,0.5695,38067
27089,-0.6407168245393214,38035,-0.20348127789846204,0.8404659821066829,0.895,0.7262,0.75075,0.74975,38035
27089,-0.6407168245393214,38099,-0.5087290265470751,0.8404659821066829,0.895,0.4349,0.4495,0.453375,38099
27089,-0.6407168245393214,27119,-0.3271934362841517,0.8404659821066829,0.895,0.617,0.625375,0.62525,27119
27089,-0.6407168245393214,27007,-0.31242464290476935,0.8404659821066829,0.895,0.6342,0.634,0.647875,27007
27089,-0.6407168245393214,27135,-0.6745933292865706,0.8404659821066829,0.895,0.4022,0.402375,0.408375,27089
27089,-0.6407168245393214,27113,-0.6193398610809737,0.8404659821066829,0.895,0.3967,0.402375,0.393875,27113
27139,-0.053382079704423505,27053,-0.15793687909377607,0.8404659821066829,0.895,0.4246,0.431,0.432125,27139
27139,-0.053382079704423505,27019,-0.3121774554705244,0.8404659821066829,0.895,0.5323,0.544625,0.541375,27139
27139,-0.053382079704423505,27037,-0.19880043004184014,0.8404659821066829,0.895,0.447,0.448875,0.45525,27139
27139,-0.053382079704423505,27131,-0.3385618379868583,0.8404659821066829,0.895,0.5712,0.5825,0.576875,27139
27139,-0.053382079704423505,27079,-0.47446178007215356,0.8404659821066829,0.895,0.7044,0.727625,0.714625,27139
27139,-0.053382079704423505,27143,-0.6182875959080831,0.8404659821066829,0.895,0.827,0.84225,0.83675,27139
27145,-0.40634746162012236,27097,-0.3706746729990349,0.8404659821066829,0.895,0.411,0.405625,0.41125,27097
27145,-0.40634746162012236,27171,-0.30819735996916214,0.8404659821066829,0.895,0.4288,0.4155,0.421375,27171
27145,-0.40634746162012236,27041,-0.39693996850463903,0.8404659821066829,0.895,0.4022,0.399375,0.402375,27041
27145,-0.40634746162012236,27067,-0.526324807351384,0.8404659821066829,0.895,0.4423,0.433875,0.439375,27145
27145,-0.40634746162012236,27093,-0.6474555261977811,0.8404659821066829,0.895,0.5329,0.53375,0.532375,27145
27145,-0.40634746162012236,27121,-0.36830946166090445,0.8404659821066829,0.895,0.3945,0.404375,0.407375,27121
27145,-0.40634746162012236,27141,-0.22637795858844764,0.8404659821066829,0.895,0.4806,0.472375,0.475625,27141
27145,-0.40634746162012236,27153,-0.3743862083884078,0.8404659821066829,0.895,0.3989,0.40075,0.403625,27153
27145,-0.40634746162012236,27009,-0.19479038471563687,0.8404659821066829,0.895,0.5029,0.505875,0.50975,27009
28011,0.548725094701156,28151,0.3848232407862119,0.8404659821066829,0.895,0.4577,0.459375,0.459875,28011
28011,0.548725094701156,5017,0.2062893356136613,0.8404659821066829,0.895,0.6373,0.64325,0.642875,28011
28011,0.548725094701156,5041,-0.044635238805134224,0.8404659821066829,0.895,0.8478,0.8585,0.856,28011
28011,0.548725094701156,5107,0.6634726901916687,0.8404659821066829,0.895,0.4331,0.439875,0.430125,5107
28011,0.548725094701156,28027,0.8291356469634358,0.8404659821066829,0.895,0.5557,0.575375,0.581625,28027
28011,0.548725094701156,28133,0.593759977999316,0.8404659821066829,0.895,0.4071,0.396,0.40925,28133
28021,-0.1997581416798439,28049,-0.09012259747188257,0.8404659821066829,0.895,0.4234,0.432875,0.42275,28049
28021,-0.1997581416798439,22107,-0.09592448821284953,0.8404659821066829,0.895,0.4245,0.4275,0.426875,22107
28021,-0.1997581416798439,28149,0.03203393465213164,0.8404659821066829,0.895,0.517,0.511125,0.517,28149
28021,-0.1997581416798439,28029,0.004982090768517338,0.8404659821066829,0.895,0.4956,0.492625,0.4845,28029
28021,-0.1997581416798439,28063,0.030788894675998733,0.8404659821066829,0.895,0.5071,0.52475,0.510625,28063
28051,0.5689982276386054,28007,0.3282198379154577,0.8404659821066829,0.895,0.5205,0.5255,0.515375,28051
28051,0.5689982276386054,28053,0.36741201590313133,0.8404659821066829,0.895,0.493,0.503375,0.503375,28051
28051,0.5689982276386054,28083,0.3925341581002721,0.8404659821066829,0.895,0.4683,0.481,0.482125,28051
28051,0.5689982276386054,28163,0.32093059280790204,0.8404659821066829,0.895,0.53,0.530125,0.530125,28051
28051,0.5689982276386054,28015,0.13208196327480465,0.8404659821066829,0.895,0.6961,0.719625,0.71275,28051
28107,0.7179686028792319,28137,0.5016788337344675,0.8404659821066829,0.895,0.4931,0.507125,0.50275,28107
28107,0.7179686028792319,28143,0.6193630131312736,0.8404659821066829,0.895,0.4233,0.433125,0.429375,28107
28107,0.7179686028792319,28161,1.0887720442681468,0.8404659821066829,0.895,0.6461,0.651,0.64575,28161
28107,0.7179686028792319,28119,0.8351476570893046,0.8404659821066829,0.895,0.4269,0.429,0.4325,28119
28107,0.7179686028792319,28135,0.3440371708571517,0.8404659821066829,0.895,0.6707,0.68275,0.679125,28107
28107,0.7179686028792319,28071,0.5057108971938417,0.8404659821066829,0.895,0.5003,0.497875,0.504,28107
28121,0.04661172069247041,28049,-0.09012259747188257,0.8404659821066829,0.895,0.4415,0.441625,0.439,28121
28121,0.04661172069247041,28089,2.36801840971293,0.8404659821066829,0.895,1.0,1.0,1.0,28089
28121,0.04661172069247041,28123,0.6115461766712278,0.8404659821066829,0.895,0.8112,0.819625,0.822375,28123
28121,0.04661172069247041,28127,0.24859205334951506,0.8404659821066829,0.895,0.4854,0.47925,0.482625,28127
28121,0.04661172069247041,28129,0.5534739235416671,0.8404659821066829,0.895,0.7692,0.765875,0.779625,28129
28137,0.5016788337344675,28033,0.4719701628765,0.8404659821066829,0.895,0.4053,0.403375,0.395875,28137
28137,0.5016788337344675,28143,0.6193630131312736,0.8404659821066829,0.895,0.4321,0.436625,0.432375,28143
28137,0.5016788337344675,28093,0.3268123837076583,0.8404659821066829,0.895,0.461,0.470625,0.46425,28137
28137,0.5016788337344675,28071,0.5057108971938417,0.8404659821066829,0.895,0.3961,0.39575,0.40325,28071
28151,0.3848232407862119,5017,0.2062893356136613,0.8404659821066829,0.895,0.4822,0.481625,0.48125,28151
28151,0.3848232407862119,28053,0.36741201590313133,0.8404659821066829,0.895,0.3973,0.401625,0.40175,28151
28151,0.3848232407862119,28055,-0.38365654636377194,0.8404659821066829,0.895,0.9415,0.9495,0.951125,28151
28151,0.3848232407862119,28125,0.48909081275995886,0.8404659821066829,0.895,0.4229,0.421375,0.424125,28125
28151,0.3848232407862119,28133,0.593759977999316,0.8404659821066829,0.895,0.4914,0.51575,0.496625,28133
29013,0.24786706650878454,29037,0.11005315810561915,0.8404659821066829,0.895,0.4441,0.449875,0.448375,29013
29013,0.24786706650878454,20107,0.16884211763734167,0.8404659821066829,0.895,0.4098,0.4095,0.412875,29013
29013,0.24786706650878454,29185,0.2879271083917647,0.8404659821066829,0.895,0.4061,0.399125,0.4105,29185
29013,0.24786706650878454,29217,0.2120681236936959,0.8404659821066829,0.895,0.4112,0.40325,0.40075,29013
29013,0.24786706650878454,20121,-0.16367223304737893,0.8404659821066829,0.895,0.6822,0.69875,0.692125,29013
29013,0.24786706650878454,29083,0.6864740319029404,0.8404659821066829,0.895,0.7176,0.7365,0.719875,29083
29023,0.9852005944884781,29207,0.7668214319296871,0.8404659821066829,0.895,0.506,0.520375,0.515875,29023
29023,0.9852005944884781,5021,0.6150953826040974,0.8404659821066829,0.895,0.644,0.666875,0.662875,29023
29023,0.9852005944884781,29069,0.9691914115044706,0.8404659821066829,0.895,0.4054,0.400375,0.4035,29023
29023,0.9852005944884781,29181,0.6162027771796315,0.8404659821066829,0.895,0.6485,0.6405,0.64775,29023
29023,0.9852005944884781,29035,1.0563625482105365,0.8404659821066829,0.895,0.4124,0.41475,0.414875,29035
29023,0.9852005944884781,29223,1.0147042693902095,0.8404659821066829,0.895,0.3997,0.40525,0.39825,29223
29029,-0.13105325484756136,29169,0.6005573459968521,0.8404659821066829,0.895,0.9246,0.9345,0.936875,29169
29029,-0.13105325484756136,29059,-0.07968633066318251,0.8404659821066829,0.895,0.406,0.402875,0.402,29059
29029,-0.13105325484756136,29085,0.016799767451971398,0.8404659821066829,0.895,0.4578,0.45275,0.442625,29085
29029,-0.13105325484756136,29131,0.19110000442308184,0.8404659821066829,0.895,0.6105,0.599,0.607625,29131
29029,-0.13105325484756136,29141,0.3065222390033613,0.8404659821066829,0.895,0.7162,0.73125,0.714875,29141
29029,-0.13105325484756136,29015,0.6538356544034674,0.8404659821066829,0.895,0.9525,0.949875,0.950125,29015
29029,-0.13105325484756136,29105,0.03457682243596823,0.8404659821066829,0.895,0.4637,0.454,0.4495,29105
29031,0.24926254135520234,29207,0.7668214319296871,0.8404659821066829,0.895,0.796,0.797375,0.801625,29207
29031,0.24926254135520234,29157,-0.00347334100286425,0.8404659821066829,0.895,0.5432,0.550875,0.54525,29031
29031,0.24926254135520234,29201,0.8980229758303645,0.8404659821066829,0.895,0.8783,0.878625,0.890625,29201
29031,0.24926254135520234,17181,0.700984140082696,0.8404659821066829,0.895,0.7387,0.73875,0.749125,17181
29031,0.24926254135520234,29017,0.5079034092708669,0.8404659821066829,0.895,0.5314,0.531125,0.53275,29017
29037,0.11005315810561915,29095,0.02112834926752937,0.8404659821066829,0.895,0.4159,0.420625,0.41925,29037
29037,0.11005315810561915,20091,0.033446631837241385,0.8404659821066829,0.895,0.4127,0.40275,0.412875,29037
29037,0.11005315810561915,29101,0.08595280307198279,0.8404659821066829,0.895,0.397,0.39475,0.402625,29037
29037,0.11005315810561915,20121,-0.16367223304737893,0.8404659821066829,0.895,0.5456,0.556625,0.558,29037
29037,0.11005315810561915,29083,0.6864740319029404,0.8404659821066829,0.895,0.839,0.853875,0.842125,29083
29113,0.12521614784053717,29183,0.09181155356654672,0.8404659821066829,0.895,0.3993,0.401125,0.399625,29113
29113,0.12521614784053717,29163,-0.06457006436385787,0.8404659821066829,0.895,0.4782,0.469125,0.481875,29113
29113,0.12521614784053717,29139,-0.09402722943580939,0.8404659821066829,0.895,0.503,0.495125,0.487875,29113
29113,0.12521614784053717,29219,-0.187880319564678,0.8404659821066829,0.895,0.59,0.58275,0.592875,29113
29113,0.12521614784053717,17013,-0.028047135154471152,0.8404659821066829,0.895,0.4519,0.45025,0.447125,29113
29123,1.0328459247980377,29157,-0.00347334100286425,0.8404659821066829,0.895,0.99,0.99275,0.993625,29123
29123,1.0328459247980377,29187,0.6544171674792921,0.8404659821066829,0.895,0.6526,0.663125,0.68475,29123
29123,1.0328459247980377,29093,0.9092453811031337,0.8404659821066829,0.895,0.4354,0.437,0.4455,29123
29123,1.0328459247980377,29223,1.0147042693902095,0.8404659821066829,0.895,0.4019,0.405125,0.402125,29123
29123,1.0328459247980377,29017,0.5079034092708669,0.8404659821066829,0.895,0.7863,0.7915,0.791875,29123
29169,0.6005573459968521,29131,0.19110000442308184,0.8404659821066829,0.895,0.6987,0.705375,0.70875,29169
29169,0.6005573459968521,29215,-0.10627763981366084,0.8404659821066829,0.895,0.9221,0.931375,0.935625,29169
29169,0.6005573459968521,29105,0.03457682243596823,0.8404659821066829,0.895,0.8349,0.83125,0.84425,29169
29169,0.6005573459968521,29125,0.20045515602808534,0.8404659821066829,0.895,0.6758,0.668125,0.683125,29169
29169,0.6005573459968521,29161,0.13988565780310938,0.8404659821066829,0.895,0.7295,0.74575,0.763125,29169
29183,0.09181155356654672,29189,-0.08825108313504461,0.8404659821066829,0.895,0.4729,0.473625,0.47425,29183
29183,0.09181155356654672,17083,-0.06412011327884164,0.8404659821066829,0.895,0.4638,0.45525,0.457875,29183
29183,0.09181155356654672,17119,0.10745514176173152,0.8404659821066829,0.895,0.4052,0.395125,0.3985,17119
29183,0.09181155356654672,29071,0.05644013342068695,0.8404659821066829,0.895,0.4029,0.40325,0.405375,29183
29183,0.09181155356654672,29219,-0.187880319564678,0.8404659821066829,0.895,0.5632,0.57325,0.56325,29183
29183,0.09181155356654672,17013,-0.028047135154471152,0.8404659821066829,0.895,0.4279,0.430375,0.428125,29183
29195,-0.052911637142512555,29033,-0.06257949405776313,0.8404659821066829,0.895,0.4025,0.400875,0.404,29195
29195,-0.052911637142512555,29041,-0.2462264669514977,0.8404659821066829,0.895,0.4852,0.490875,0.492125,29195
29195,-0.052911637142512555,29053,-0.2525025500213627,0.8404659821066829,0.895,0.4932,0.498125,0.48275,29195
29195,-0.052911637142512555,29107,0.07028942152271117,0.8404659821066829,0.895,0.4309,0.433125,0.43525,29107
29195,-0.052911637142512555,29159,0.32194868641764196,0.8404659821066829,0.895,0.6668,0.658,0.66775,29159
29195,-0.052911637142512555,29089,-0.20403830362506398,0.8404659821066829,0.895,0.4474,0.45075,0.452,29195
29207,0.7668214319296871,29069,0.9691914115044706,0.8404659821066829,0.895,0.4909,0.4935,0.493375,29069
29207,0.7668214319296871,29143,1.1569643975114476,0.8404659821066829,0.895,0.6842,0.71,0.694625,29143
29207,0.7668214319296871,29201,0.8980229758303645,0.8404659821066829,0.895,0.4345,0.450625,0.447,29201
29207,0.7668214319296871,29223,1.0147042693902095,0.8404659821066829,0.895,0.5401,0.548125,0.535125,29223
29207,0.7668214319296871,29017,0.5079034092708669,0.8404659821066829,0.895,0.5349,0.548375,0.538125,29207
30003,-0.5083034142427644,30087,-0.1335379761797103,0.8404659821066829,0.895,0.6805,0.683,0.696375,30087
30003,-0.5083034142427644,30009,-0.45306542868960475,0.8404659821066829,0.895,0.4053,0.414125,0.412,30009
30003,-0.5083034142427644,56033,-0.10023698515556002,0.8404659821066829,0.895,0.6908,0.695125,0.691,56033
30003,-0.5083034142427644,56003,-0.20845232636125557,0.8404659821066829,0.895,0.5851,0.59625,0.596875,56003
30003,-0.5083034142427644,30075,-0.29771543150726604,0.8404659821066829,0.895,0.5028,0.521625,0.51475,30075
30003,-0.5083034142427644,30111,-0.13729579146006496,0.8404659821066829,0.895,0.6618,0.668375,0.6715,30111
30003,-0.5083034142427644,30103,0.12927062176093262,0.8404659821066829,0.895,0.8567,0.86925,0.8755,30103
30013,-0.04418591614526591,30059,-0.2800461459542892,0.8404659821066829,0.895,0.5252,0.51525,0.51325,30013
30013,-0.04418591614526591,30045,-0.22830366825303403,0.8404659821066829,0.895,0.477,0.4585,0.45725,30013
30013,-0.04418591614526591,30049,0.11368800093417117,0.8404659821066829,0.895,0.4509,0.4555,0.454875,30049
30013,-0.04418591614526591,30015,-0.5260394880758764,0.8404659821066829,0.895,0.7629,0.769375,0.7605,30013
30013,-0.04418591614526591,30099,-0.27166421376512695,0.8404659821066829,0.895,0.5051,0.496875,0.488125,30013
30029,-0.22811274346513796,30053,0.05163144432393269,0.8404659821066829,0.895,0.5603,0.568375,0.576125,30053
30029,-0.22811274346513796,30073,-0.41256771984445967,0.8404659821066829,0.895,0.4825,0.484125,0.4955,30029
30029,-0.22811274346513796,30089,-0.2965859279611001,0.8404659821066829,0.895,0.4201,0.414125,0.42,30029
30029,-0.22811274346513796,30035,-0.2648604460075696,0.8404659821066829,0.895,0.4056,0.4025,0.4145,30029
30029,-0.22811274346513796,30077,-0.17293241824224045,0.8404659821066829,0.895,0.4077,0.405625,0.404875,30077
30029,-0.22811274346513796,30049,0.11368800093417117,0.8404659821066829,0.895,0.6512,0.647875,0.638875,30049
30029,-0.22811274346513796,30063,-0.2254474801063001,0.8404659821066829,0.895,0.4003,0.403625,0.402375,30063
30029,-0.22811274346513796,30047,-0.764437106942786,0.8404659821066829,0.895,0.7943,0.807125,0.81025,30029
30029,-0.22811274346513796,30099,-0.27166421376512695,0.8404659821066829,0.895,0.4043,0.408125,0.40375,30029
30053,0.05163144432393269,30089,-0.2965859279611001,0.8404659821066829,0.895,0.6192,0.631875,0.62825,30053
30053,0.05163144432393269,16017,-0.24005226824687143,0.8404659821066829,0.895,0.568,0.571,0.574625,30053
30059,-0.2800461459542892,30007,-0.0846432593675754,0.8404659821066829,0.895,0.4855,0.480625,0.48525,30007
30059,-0.2800461459542892,30031,-0.38890572149395514,0.8404659821066829,0.895,0.4373,0.434875,0.437875,30059
30059,-0.2800461459542892,30045,-0.22830366825303403,0.8404659821066829,0.895,0.3982,0.405375,0.406625,30045
30059,-0.2800461459542892,30049,0.11368800093417117,0.8404659821066829,0.895,0.6973,0.698875,0.690125,30049
30059,-0.2800461459542892,30097,-0.4333252768410946,0.8404659821066829,0.895,0.4537,0.45925,0.467875,30059
30059,-0.2800461459542892,30107,-0.4160221691035041,0.8404659821066829,0.895,0.4385,0.447125,0.453,30059
30059,-0.2800461459542892,30067,-0.3168478759977057,0.8404659821066829,0.895,0.4066,0.392625,0.411,30059
30069,0.03293859778791321,30027,-0.1667257645402773,0.8404659821066829,0.895,0.493,0.502375,0.491875,30069
30069,0.03293859778791321,30087,-0.1335379761797103,0.8404659821066829,0.895,0.4583,0.48575,0.467625,30069
30069,0.03293859778791321,30071,-0.2961134802351271,0.8404659821066829,0.895,0.5929,0.6055,0.592875,30069
30069,0.03293859778791321,30033,-0.42402052010839486,0.8404659821066829,0.895,0.736,0.75475,0.747875,30069
30069,0.03293859778791321,30065,0.3575520482762781,0.8404659821066829,0.895,0.5834,0.59675,0.590625,30065
30073,-0.41256771984445967,30035,-0.2648604460075696,0.8404659821066829,0.895,0.4417,0.4325,0.4375,30035
30073,-0.41256771984445967,30015,-0.5260394880758764,0.8404659821066829,0.895,0.4305,0.424625,0.42275,30073
30073,-0.41256771984445967,30099,-0.27166421376512695,0.8404659821066829,0.895,0.4403,0.448,0.452125,30099
30073,-0.41256771984445967,30051,-1.042160889473046,0.8404659821066829,0.895,0.8614,0.87875,0.87675,30073
30073,-0.41256771984445967,30101,-0.38990748038086487,0.8404659821066829,0.895,0.4073,0.4045,0.392875,30101
30089,-0.2965859279611001,16079,0.23452084258993872,0.8404659821066829,0.895,0.8198,0.824,0.825625,16079
30089,-0.2965859279611001,30061,-0.2326066198145194,0.8404659821066829,0.895,0.4076,0.406,0.412125,30061
30089,-0.2965859279611001,30063,-0.2254474801063001,0.8404659821066829,0.895,0.4204,0.4175,0.423625,30063
30089,-0.2965859279611001,30047,-0.764437106942786,0.8404659821066829,0.895,0.7316,0.73725,0.734,30089
30089,-0.2965859279611001,16017,-0.24005226824687143,0.8404659821066829,0.895,0.4021,0.407125,0.407625,16017
31049,-0.3911423522113024,31101,-0.30559889879378754,0.8404659821066829,0.895,0.4088,0.41775,0.416875,31101
31049,-0.3911423522113024,31135,-0.17906940210074118,0.8404659821066829,0.895,0.4941,0.484875,0.50525,31135
31049,-0.3911423522113024,8115,-0.4173091949609743,0.8404659821066829,0.895,0.4016,0.403375,0.41325,31049
31049,-0.3911423522113024,31033,-0.499970491900356,0.8404659821066829,0.895,0.4237,0.426625,0.422125,31049
31049,-0.3911423522113024,31069,-0.3673315660282381,0.8404659821066829,0.895,0.4007,0.40825,0.406875,31069
31101,-0.30559889879378754,31005,-0.4401740079269158,0.8404659821066829,0.895,0.4375,0.438,0.4305,31101
31101,-0.30559889879378754,31117,-0.4616181070879684,0.8404659821066829,0.895,0.4496,0.463625,0.462125,31101
31101,-0.30559889879378754,31135,-0.17906940210074118,0.8404659821066829,0.895,0.4365,0.434375,0.436875,31135
31101,-0.30559889879378754,31111,-0.18647766766306173,0.8404659821066829,0.895,0.4326,0.432875,0.434,31111
31101,-0.30559889879378754,31069,-0.3673315660282381,0.8404659821066829,0.895,0.4104,0.401375,0.403875,31101
31113,-0.4039402219264647,31171,-0.5671927996203264,0.8404659821066829,0.895,0.4573,0.467375,0.464875,31113
31113,-0.4039402219264647,31117,-0.4616181070879684,0.8404659821066829,0.895,0.4066,0.40925,0.41075,31113
31113,-0.4039402219264647,31041,-0.46078681929506055,0.8404659821066829,0.895,0.4063,0.409375,0.403875,31113
31113,-0.4039402219264647,31009,-0.37763493896157435,0.8404659821066829,0.895,0.4022,0.403625,0.4,31009
31113,-0.4039402219264647,31111,-0.18647766766306173,0.8404659821066829,0.895,0.506,0.49275,0.4925,31111
31171,-0.5671927996203264,31117,-0.4616181070879684,0.8404659821066829,0.895,0.4278,0.419,0.42375,31117
31171,-0.5671927996203264,31091,-0.38319182158634824,0.8404659821066829,0.895,0.4677,0.4845,0.466625,31091
31171,-0.5671927996203264,31031,-0.5640516387701816,0.8404659821066829,0.895,0.3976,0.404,0.4035,31031
31171,-0.5671927996203264,31009,-0.37763493896157435,0.8404659821066829,0.895,0.4773,0.4805,0.478125,31009
33015,0.3994722520514301,33017,0.38749640512855,0.8404659821066829,0.895,0.3993,0.40075,0.398125,33015
33015,0.3994722520514301,25009,-0.013135619506517997,0.8404659821066829,0.895,0.665,0.682375,0.681125,33015
33015,0.3994722520514301,33013,0.27951236272334684,0.8404659821066829,0.895,0.4261,0.4295,0.4275,33015
33015,0.3994722520514301,33011,0.17101012431657378,0.8404659821066829,0.895,0.5102,0.515375,0.518875,33015
34005,-0.07872662100790974,34021,-0.14216405144879424,0.8404659821066829,0.895,0.4167,0.409875,0.412125,34005
34005,-0.07872662100790974,34025,0.00023598452783188658,0.8404659821066829,0.895,0.4212,0.412125,0.418375,34025
34005,-0.07872662100790974,34001,-0.08986664094291368,0.8404659821066829,0.895,0.3971,0.393,0.4025,34005
34005,-0.07872662100790974,34007,-0.051101054804191144,0.8404659821066829,0.895,0.3949,0.404875,0.403375,34007
34005,-0.07872662100790974,34029,-0.07535419558798007,0.8404659821066829,0.895,0.398,0.39925,0.405625,34029
34005,-0.07872662100790974,42017,-0.15620755400230402,0.8404659821066829,0.895,0.4177,0.42225,0.412125,34005
34005,-0.07872662100790974,42101,-0.06108137631654579,0.8404659821066829,0.895,0.4014,0.395625,0.403,42101
34021,-0.14216405144879424,34025,0.00023598452783188658,0.8404659821066829,0.895,0.4487,0.444375,0.45075,34025
34021,-0.14216405144879424,34035,-0.059159418309709236,0.8404659821066829,0.895,0.4208,0.422125,0.4185,34035
34021,-0.14216405144879424,34023,-0.1579942730802613,0.8404659821066829,0.895,0.3978,0.398625,0.3945,34021
34021,-0.14216405144879424,34019,-0.16590955559578052,0.8404659821066829,0.895,0.405,0.39875,0.399875,34021
34021,-0.14216405144879424,42017,-0.15620755400230402,0.8404659821066829,0.895,0.3981,0.401625,0.400875,34021
34025,0.00023598452783188658,34023,-0.1579942730802613,0.8404659821066829,0.895,0.4492,0.456375,0.4535,34025
34025,0.00023598452783188658,34029,-0.07535419558798007,0.8404659821066829,0.895,0.4093,0.4175,0.404875,34025
34035,-0.059159418309709236,34023,-0.1579942730802613,0.8404659821066829,0.895,0.4202,0.42825,0.423125,34035
34035,-0.059159418309709236,34019,-0.16590955559578052,0.8404659821066829,0.895,0.4255,0.4285,0.433125,34035
34035,-0.059159418309709236,34027,-0.13802240311916086,0.8404659821066829,0.895,0.4163,0.416,0.42225,34035
34035,-0.059159418309709236,34039,-0.36549968763295493,0.8404659821066829,0.895,0.5803,0.580875,0.581625,34035
34041,-0.11031582900158374,34019,-0.16590955559578052,0.8404659821066829,0.895,0.4054,0.409,0.399875,34041
34041,-0.11031582900158374,42017,-0.15620755400230402,0.8404659821066829,0.895,0.399,0.408375,0.40375,34041
34041,-0.11031582900158374,42089,-0.14574651627289603,0.8404659821066829,0.895,0.4,0.40775,0.407125,34041
34041,-0.11031582900158374,42095,-0.3359408954302582,0.8404659821066829,0.895,0.5033,0.526625,0.51975,34041
34041,-0.11031582900158374,34027,-0.13802240311916086,0.8404659821066829,0.895,0.4012,0.39775,0.40225,34041
34041,-0.11031582900158374,34037,-0.032508042529244593,0.8404659821066829,0.895,0.4206,0.40725,0.41375,34037
35007,-1.0685743634302658,35021,-1.1340733285689821,0.8404659821066829,0.895,0.4181,0.4075,0.403625,35007
35007,-1.0685743634302658,8023,-1.3513693100566255,0.8404659821066829,0.895,0.5616,0.551,0.558,35007
35007,-1.0685743634302658,35033,-1.3105480349743732,0.8404659821066829,0.895,0.5367,0.535625,0.531875,35007
35007,-1.0685743634302658,35055,-1.2571823062186294,0.8404659821066829,0.895,0.475,0.476,0.47725,35007
35007,-1.0685743634302658,8071,-0.9916567647904007,0.8404659821066829,0.895,0.4147,0.409875,0.412875,8071
35007,-1.0685743634302658,35059,-0.6667254262037524,0.8404659821066829,0.895,0.6981,0.72025,0.708375,35059
35017,-1.1062241774010166,35029,-1.0883595808377755,0.8404659821066829,0.895,0.4009,0.408625,0.394,35029
35017,-1.1062241774010166,35051,-0.8016013972699206,0.8404659821066829,0.895,0.579,0.610625,0.5985,35051
35017,-1.1062241774010166,35023,-1.0244931952180527,0.8404659821066829,0.895,0.4149,0.417875,0.414625,35023
35017,-1.1062241774010166,35003,-1.4394621658331619,0.8404659821066829,0.895,0.6041,0.6225,0.611125,35017
35017,-1.1062241774010166,4011,-0.9385088789069453,0.8404659821066829,0.895,0.465,0.473375,0.463875,4011
35021,-1.1340733285689821,35033,-1.3105480349743732,0.8404659821066829,0.895,0.4702,0.476125,0.467375,35021
35021,-1.1340733285689821,35059,-0.6667254262037524,0.8404659821066829,0.895,0.7545,0.763125,0.767875,35059
35021,-1.1340733285689821,35037,-0.6148724189176014,0.8404659821066829,0.895,0.8098,0.822125,0.835,35037
35021,-1.1340733285689821,35047,-1.0619615013655712,0.8404659821066829,0.895,0.415,0.40925,0.414875,35047
35045,-1.4172294018471314,4001,-1.7988483587576753,0.8404659821066829,0.895,0.683,0.69525,0.703625,35045
35045,-1.4172294018471314,8067,-0.8578069382703117,0.8404659821066829,0.895,0.8276,0.847625,0.838875,8067
35045,-1.4172294018471314,8083,-0.7730500718042033,0.8404659821066829,0.895,0.8703,0.88825,0.889375,8083
35045,-1.4172294018471314,35031,-2.08309136641655,0.8404659821066829,0.895,0.8947,0.904375,0.901875,35045
35045,-1.4172294018471314,35039,-1.4266439210010253,0.8404659821066829,0.895,0.3966,0.403625,0.3955,35045
35045,-1.4172294018471314,35043,-1.230121401826735,0.8404659821066829,0.895,0.4865,0.47975,0.478875,35043
35045,-1.4172294018471314,8007,-1.240826645455704,0.8404659821066829,0.895,0.4718,0.491625,0.48975,8007
36051,0.1516238440240807,36037,0.19208433638956351,0.8404659821066829,0.895,0.3995,0.404125,0.406375,36037
36051,0.1516238440240807,36055,0.17446765566406622,0.8404659821066829,0.895,0.4054,0.39075,0.39425,36055
36051,0.1516238440240807,36101,0.2741381566713994,0.8404659821066829,0.895,0.4327,0.441375,0.4215,36101
36051,0.1516238440240807,36003,-0.03500513366785558,0.8404659821066829,0.895,0.4705,0.4735,0.48775,36051
36051,0.1516238440240807,36069,0.31285387824984345,0.8404659821066829,0.895,0.4563,0.469625,0.4615,36069
36051,0.1516238440240807,36121,-0.24806659952147064,0.8404659821066829,0.895,0.6735,0.682875,0.693375,36051
36061,-0.6471949760185421,34003,-0.415279188997881,0.8404659821066829,0.895,0.5095,0.52175,0.5145,34003
36061,-0.6471949760185421,36047,-1.0823942071889228,0.8404659821066829,0.895,0.6663,0.6965,0.687875,36061
36061,-0.6471949760185421,36081,-0.9089506762180596,0.8404659821066829,0.895,0.5272,0.540125,0.53675,36061
36061,-0.6471949760185421,36005,-1.1339034706138464,0.8404659821066829,0.895,0.732,0.768125,0.74825,36061
36061,-0.6471949760185421,34017,-0.42484982547538086,0.8404659821066829,0.895,0.494,0.520125,0.522875,34017
36065,-0.03497320462142775,36077,-0.04982655517377089,0.8404659821066829,0.895,0.399,0.39775,0.39625,36065
36065,-0.03497320462142775,36043,-0.14290583159895484,0.8404659821066829,0.895,0.4242,0.42325,0.4285,36065
36065,-0.03497320462142775,36053,0.21516958982552797,0.8404659821066829,0.895,0.5343,0.532375,0.537375,36053
36065,-0.03497320462142775,36075,0.2905977097221454,0.8404659821066829,0.895,0.5966,0.614125,0.6135,36075
36065,-0.03497320462142775,36049,-0.19174691687310566,0.8404659821066829,0.895,0.4536,0.449,0.4515,36065
36067,0.2803782520490716,36053,0.21516958982552797,0.8404659821066829,0.895,0.4045,0.419375,0.410875,36067
36067,0.2803782520490716,36075,0.2905977097221454,0.8404659821066829,0.895,0.4023,0.40125,0.40125,36075
36067,0.2803782520490716,36011,-0.0742737671215513,0.8404659821066829,0.895,0.6209,0.62175,0.64475,36067
36067,0.2803782520490716,36023,0.09520103985700029,0.8404659821066829,0.895,0.4749,0.475875,0.48125,36067
36077,-0.04982655517377089,36017,-0.15270119077623162,0.8404659821066829,0.895,0.4225,0.4315,0.42425,36077
36077,-0.04982655517377089,36043,-0.14290583159895484,0.8404659821066829,0.895,0.4263,0.419125,0.422375,36077
36077,-0.04982655517377089,36053,0.21516958982552797,0.8404659821066829,0.895,0.5445,0.553125,0.552,36053
36077,-0.04982655517377089,36025,-0.3189329054185464,0.8404659821066829,0.895,0.5659,0.585125,0.57725,36077
36077,-0.04982655517377089,36057,-0.3169478319711621,0.8404659821066829,0.895,0.553,0.571625,0.571,36077
36077,-0.04982655517377089,36095,-0.05226262680839932,0.8404659821066829,0.895,0.4059,0.395375,0.40375,36077
36103,-0.13679889324059094,36059,-0.4676910639845467,0.8404659821066829,0.895,0.5436,0.551,0.5495,36103
36111,-0.08756784474136305,36105,-0.17128512648684838,0.8404659821066829,0.895,0.4092,0.41825,0.419875,36111
36111,-0.08756784474136305,36025,-0.3189329054185464,0.8404659821066829,0.895,0.518,0.53575,0.5345,36111
36111,-0.08756784474136305,36071,-0.13461122333537084,0.8404659821066829,0.895,0.4062,0.404625,0.4,36111
36111,-0.08756784474136305,36021,0.11653895156583542,0.8404659821066829,0.895,0.4933,0.486875,0.493625,36021
36111,-0.08756784474136305,36027,-0.045291553669281254,0.8404659821066829,0.895,0.3963,0.403625,0.398125,36027
36111,-0.08756784474136305,36039,0.1256926432996771,0.8404659821066829,0.895,0.4915,0.50625,0.494875,36039
37017,0.06298349767241121,37047,0.28146392592307257,0.8404659821066829,0.895,0.4943,0.484125,0.484,37047
37017,0.06298349767241121,37141,0.1201815367461743,0.8404659821066829,0.895,0.4099,0.416,0.400875,37141
37017,0.06298349767241121,37163,0.1315074407328505,0.8404659821066829,0.895,0.4034,0.41425,0.4115,37163
37017,0.06298349767241121,37155,0.39095867046010885,0.8404659821066829,0.895,0.6014,0.603375,0.61425,37155
37017,0.06298349767241121,37051,0.30807258300908713,0.8404659821066829,0.895,0.5224,0.5155,0.50975,37051
37043,-0.04944452280152235,13241,0.4539299213459791,0.8404659821066829,0.895,0.7674,0.77825,0.785,13241
37043,-0.04944452280152235,37039,0.31222736312050403,0.8404659821066829,0.895,0.6439,0.640875,0.636875,37039
37043,-0.04944452280152235,13291,0.2960843874298011,0.8404659821066829,0.895,0.6162,0.635,0.63,13291
37043,-0.04944452280152235,37113,0.01106961533403651,0.8404659821066829,0.895,0.4041,0.411,0.411875,37113
37043,-0.04944452280152235,13281,0.23300301749194832,0.8404659821066829,0.895,0.5456,0.57,0.555375,13281
37047,0.28146392592307257,37141,0.1201815367461743,0.8404659821066829,0.895,0.4619,0.449375,0.448125,37047
37047,0.28146392592307257,45051,0.28025528446953396,0.8404659821066829,0.895,0.397,0.3925,0.404875,37047
37047,0.28146392592307257,37155,0.39095867046010885,0.8404659821066829,0.895,0.4236,0.428,0.437875,37155
37047,0.28146392592307257,37019,0.09113143213724041,0.8404659821066829,0.895,0.4774,0.457375,0.456125,37047
37057,0.26735817669623935,37059,0.15637782254059898,0.8404659821066829,0.895,0.4217,0.430625,0.421875,37057
37057,0.26735817669623935,37159,0.2583584039904573,0.8404659821066829,0.895,0.3993,0.39725,0.40275,37057
37057,0.26735817669623935,37123,-0.04000021858065428,0.8404659821066829,0.895,0.5902,0.5935,0.592125,37057
37057,0.26735817669623935,37151,0.12483862463364448,0.8404659821066829,0.895,0.4469,0.452875,0.445375,37057
37057,0.26735817669623935,37067,0.21922655515104597,0.8404659821066829,0.895,0.4015,0.406,0.402125,37057
37057,0.26735817669623935,37081,0.038899114412776464,0.8404659821066829,0.895,0.5111,0.5095,0.505625,37057
37087,0.013782240583879153,37173,0.2867011956979545,0.8404659821066829,0.895,0.5688,0.555375,0.565625,37173
37087,0.013782240583879153,37089,-0.055383866594993586,0.8404659821066829,0.895,0.4167,0.411875,0.412875,37087
37087,0.013782240583879153,37099,-0.0020098544553564628,0.8404659821066829,0.895,0.4021,0.4025,0.403,37087
37087,0.013782240583879153,37175,-0.22735940596004156,0.8404659821066829,0.895,0.533,0.535875,0.53375,37087
37087,0.013782240583879153,37021,0.0213276545047834,0.8404659821066829,0.895,0.4016,0.3995,0.401875,37021
37087,0.013782240583879153,37115,0.1027565042381901,0.8404659821066829,0.895,0.4207,0.413375,0.417125,37115
37087,0.013782240583879153,47155,0.40066109877073686,0.8404659821066829,0.895,0.6896,0.691375,0.694625,47155
37087,0.013782240583879153,47029,0.658417614316895,0.8404659821066829,0.895,0.9,0.890875,0.894375,47029
37093,0.7937091360531108,37155,0.39095867046010885,0.8404659821066829,0.895,0.6782,0.69125,0.68775,37093
37093,0.7937091360531108,37165,0.7114424624587278,0.8404659821066829,0.895,0.4097,0.410375,0.412375,37093
37093,0.7937091360531108,37051,0.30807258300908713,0.8404659821066829,0.895,0.7541,0.770125,0.770625,37093
37093,0.7937091360531108,37125,0.2668299615830769,0.8404659821066829,0.895,0.7921,0.7975,0.793,37093
37103,0.20506539508536875,37133,0.5188365727338465,0.8404659821066829,0.895,0.5751,0.587125,0.59075,37133
37103,0.20506539508536875,37049,0.27025210202565214,0.8404659821066829,0.895,0.4063,0.415375,0.413625,37049
37103,0.20506539508536875,37031,0.42426518509358413,0.8404659821066829,0.895,0.48,0.501,0.49225,37031
37103,0.20506539508536875,37061,-0.07202871264776177,0.8404659821066829,0.895,0.5536,0.56425,0.56375,37103
37103,0.20506539508536875,37107,0.020956856069224542,0.8404659821066829,0.895,0.4691,0.4845,0.489875,37103
37117,0.041290597914908814,37147,-0.13722772318325696,0.8404659821066829,0.895,0.4698,0.46,0.473375,37117
37117,0.041290597914908814,37015,-0.30692023584075506,0.8404659821066829,0.895,0.621,0.634625,0.647375,37117
37117,0.041290597914908814,37065,-0.2501498487093911,0.8404659821066829,0.895,0.5632,0.57875,0.578875,37117
37117,0.041290597914908814,37013,0.18589164039602424,0.8404659821066829,0.895,0.4466,0.44775,0.456125,37013
37117,0.041290597914908814,37083,-0.2383109279344554,0.8404659821066829,0.895,0.5602,0.5535,0.574125,37117
37117,0.041290597914908814,37187,-0.2460864447195898,0.8404659821066829,0.895,0.5598,0.571625,0.56775,37117
37127,-0.020695049421503024,37065,-0.2501498487093911,0.8404659821066829,0.895,0.5034,0.51,0.5205,37127
37127,-0.020695049421503024,37083,-0.2383109279344554,0.8404659821066829,0.895,0.501,0.502875,0.4905,37127
37127,-0.020695049421503024,37101,0.24338446697007662,0.8404659821066829,0.895,0.5378,0.535375,0.5485,37101
37127,-0.020695049421503024,37069,0.06181536848567356,0.8404659821066829,0.895,0.4146,0.4145,0.414625,37069
37127,-0.020695049421503024,37195,-0.03058535708941103,0.8404659821066829,0.895,0.3945,0.40125,0.400375,37127
37133,0.5188365727338465,37141,0.1201815367461743,0.8404659821066829,0.895,0.6701,0.67,0.682875,37133
37133,0.5188365727338465,37031,0.42426518509358413,0.8404659821066829,0.895,0.412,0.41425,0.422125,37133
37133,0.5188365727338465,37061,-0.07202871264776177,0.8404659821066829,0.895,0.8363,0.844625,0.83775,37133
37141,0.1201815367461743,37163,0.1315074407328505,0.8404659821066829,0.895,0.4044,0.3995,0.405625,37163
37141,0.1201815367461743,37129,0.06371163805705916,0.8404659821066829,0.895,0.4026,0.396,0.40725,37141
37141,0.1201815367461743,37061,-0.07202871264776177,0.8404659821066829,0.895,0.4789,0.494625,0.493125,37141
37141,0.1201815367461743,37019,0.09113143213724041,0.8404659821066829,0.895,0.4032,0.39875,0.399875,37141
37147,-0.13722772318325696,37049,0.27025210202565214,0.8404659821066829,0.895,0.7011,0.7155,0.70275,37049
37147,-0.13722772318325696,37065,-0.2501498487093911,0.8404659821066829,0.895,0.4306,0.431125,0.4305,37147
37147,-0.13722772318325696,37013,0.18589164039602424,0.8404659821066829,0.895,0.6078,0.61225,0.61025,37013
37147,-0.13722772318325696,37107,0.020956856069224542,0.8404659821066829,0.895,0.4556,0.4495,0.442375,37107
37147,-0.13722772318325696,37079,0.06897124026401755,0.8404659821066829,0.895,0.4909,0.50275,0.49475,37079
37147,-0.13722772318325696,37195,-0.03058535708941103,0.8404659821066829,0.895,0.4316,0.427125,0.426125,37195
37163,0.1315074407328505,37085,0.26669871266416395,0.8404659821066829,0.895,0.4503,0.448,0.448125,37085
37163,0.1315074407328505,37191,0.22569837698050155,0.8404659821066829,0.895,0.4217,0.420625,0.4235,37191
37163,0.1315074407328505,37051,0.30807258300908713,0.8404659821066829,0.895,0.4665,0.46725,0.467875,37051
37163,0.1315074407328505,37061,-0.07202871264776177,0.8404659821066829,0.895,0.4964,0.50525,0.496125,37163
37163,0.1315074407328505,37101,0.24338446697007662,0.8404659821066829,0.895,0.4326,0.433375,0.42275,37101
37167,0.15179688783919165,37179,0.1932814828243008,0.8404659821066829,0.895,0.3991,0.40525,0.40725,37179
37167,0.15179688783919165,37159,0.2583584039904573,0.8404659821066829,0.895,0.4268,0.425125,0.42,37159
37167,0.15179688783919165,37123,-0.04000021858065428,0.8404659821066829,0.895,0.4791,0.46275,0.471625,37167
37167,0.15179688783919165,37007,-0.06591630577004877,0.8404659821066829,0.895,0.4869,0.497,0.498,37167
37167,0.15179688783919165,37025,0.2288126811810149,0.8404659821066829,0.895,0.4071,0.41275,0.426,37025
37173,0.2867011956979545,37075,0.1408756345082143,0.8404659821066829,0.895,0.4451,0.44225,0.45125,37173
37173,0.2867011956979545,37099,-0.0020098544553564628,0.8404659821066829,0.895,0.5706,0.560875,0.564,37173
37173,0.2867011956979545,47155,0.40066109877073686,0.8404659821066829,0.895,0.4296,0.442,0.42475,47155
37173,0.2867011956979545,37113,0.01106961533403651,0.8404659821066829,0.895,0.5533,0.5555,0.542,37173
37173,0.2867011956979545,47009,0.3722393211633581,0.8404659821066829,0.895,0.4111,0.40525,0.415875,47009
37179,0.1932814828243008,37119,0.18352206200727586,0.8404659821066829,0.895,0.3975,0.399625,0.408,37179
37179,0.1932814828243008,45025,0.5010898521981875,0.8404659821066829,0.895,0.5807,0.59725,0.592625,45025
37179,0.1932814828243008,45057,0.10135212993432627,0.8404659821066829,0.895,0.4166,0.422375,0.4255,37179
37179,0.1932814828243008,37007,-0.06591630577004877,0.8404659821066829,0.895,0.5308,0.5375,0.54225,37179
37179,0.1932814828243008,37025,0.2288126811810149,0.8404659821066829,0.895,0.4049,0.4045,0.407125,37025
37183,0.1696044505549942,37085,0.26669871266416395,0.8404659821066829,0.895,0.4193,0.424375,0.41875,37085
37183,0.1696044505549942,37101,0.24338446697007662,0.8404659821066829,0.895,0.4133,0.407375,0.411125,37101
37183,0.1696044505549942,37069,0.06181536848567356,0.8404659821066829,0.895,0.4241,0.437875,0.432875,37183
37183,0.1696044505549942,37063,0.3248136408381523,0.8404659821066829,0.895,0.4555,0.459375,0.464,37063
37183,0.1696044505549942,37077,0.18362064475238526,0.8404659821066829,0.895,0.4039,0.4035,0.397125,37077
37183,0.1696044505549942,37037,0.04309174466714433,0.8404659821066829,0.895,0.435,0.451875,0.436375,37183
38017,-0.34372211710155964,38097,-0.466436935373141,0.8404659821066829,0.895,0.4379,0.44,0.43975,38017
38017,-0.34372211710155964,27027,-0.2835102767784442,0.8404659821066829,0.895,0.4093,0.406,0.4035,27027
38017,-0.34372211710155964,27107,-0.19640192052516064,0.8404659821066829,0.895,0.4536,0.454375,0.446125,27107
38017,-0.34372211710155964,38077,-0.6817278764259043,0.8404659821066829,0.895,0.6364,0.639875,0.646875,38017
38017,-0.34372211710155964,38003,-0.5988656236943094,0.8404659821066829,0.895,0.5325,0.553,0.558875,38017
38017,-0.34372211710155964,38073,-0.5173589852942766,0.8404659821066829,0.895,0.4714,0.47825,0.48725,38017
38017,-0.34372211710155964,38091,-0.7336662873334774,0.8404659821066829,0.895,0.6729,0.6995,0.697875,38017
38053,-0.9155142110376537,38105,-0.6567447952994157,0.8404659821066829,0.895,0.5452,0.547625,0.545125,38105
38053,-0.9155142110376537,38033,-1.0585150063224293,0.8404659821066829,0.895,0.4477,0.450875,0.444625,38053
38053,-0.9155142110376537,30083,-0.2723872697196171,0.8404659821066829,0.895,0.8848,0.887625,0.89925,30083
38053,-0.9155142110376537,30109,-0.3449463567729001,0.8404659821066829,0.895,0.8421,0.851,0.858375,30109
38053,-0.9155142110376537,38025,-1.096013538806619,0.8404659821066829,0.895,0.4683,0.478375,0.481625,38053
38053,-0.9155142110376537,38007,-1.302635801032589,0.8404659821066829,0.895,0.6598,0.682125,0.678875,38053
38053,-0.9155142110376537,38061,-0.7525516204520464,0.8404659821066829,0.895,0.4592,0.458,0.46325,38061
38067,-0.36169615484917184,38099,-0.5087290265470751,0.8404659821066829,0.895,0.4435,0.44025,0.44625,38067
38067,-0.36169615484917184,38019,-0.603402552167714,0.8404659821066829,0.895,0.5057,0.505,0.51175,38067
38097,-0.466436935373141,38035,-0.20348127789846204,0.8404659821066829,0.895,0.5434,0.532125,0.54525,38035
38097,-0.466436935373141,27107,-0.19640192052516064,0.8404659821066829,0.895,0.5542,0.544,0.553375,27107
38097,-0.466436935373141,27119,-0.3271934362841517,0.8404659821066829,0.895,0.4466,0.442,0.4445,27119
38097,-0.466436935373141,38091,-0.7336662873334774,0.8404659821066829,0.895,0.5456,0.563625,0.568125,38097
39039,-0.24297345083133443,39171,-0.5047573639948274,0.8404659821066829,0.895,0.5422,0.5475,0.55375,39039
39039,-0.24297345083133443,39069,-0.5503317272762116,0.8404659821066829,0.895,0.587,0.594625,0.6045,39039
39039,-0.24297345083133443,18003,-0.3549716920488576,0.8404659821066829,0.895,0.431,0.4285,0.427625,39039
39039,-0.24297345083133443,39125,0.05935955830659509,0.8404659821066829,0.895,0.57,0.57825,0.57425,39125
39039,-0.24297345083133443,39137,-0.42744440178586784,0.8404659821066829,0.895,0.4731,0.47275,0.4785,39039
39095,-0.3915016898717597,26115,-0.1211671178227245,0.8404659821066829,0.895,0.5396,0.538125,0.54425,26115
39095,-0.3915016898717597,39069,-0.5503317272762116,0.8404659821066829,0.895,0.4572,0.4625,0.452125,39095
39095,-0.3915016898717597,39123,-0.3654866602782581,0.8404659821066829,0.895,0.4068,0.3955,0.40375,39123
39095,-0.3915016898717597,39051,-0.6802619257307327,0.8404659821066829,0.895,0.5641,0.569125,0.5605,39095
39095,-0.3915016898717597,39173,-0.24526083087281103,0.8404659821066829,0.895,0.4466,0.457,0.452625,39173
39095,-0.3915016898717597,26091,-0.28959632406026803,0.8404659821066829,0.895,0.4262,0.42325,0.41625,26091
39115,-0.3486490754375207,39167,-0.014181424509266481,0.8404659821066829,0.895,0.6047,0.616,0.612125,39167
39115,-0.3486490754375207,39121,-1.283545381867353,0.8404659821066829,0.895,0.9767,0.98325,0.980125,39115
39115,-0.3486490754375207,39127,0.1415033125509605,0.8404659821066829,0.895,0.7662,0.765875,0.75875,39127
39115,-0.3486490754375207,39119,0.08363058393547258,0.8404659821066829,0.895,0.7049,0.70175,0.720125,39119
39115,-0.3486490754375207,39009,0.3070867767266297,0.8404659821066829,0.895,0.892,0.892625,0.89575,39009
40043,0.5700341185408518,40011,0.19270430003897537,0.8404659821066829,0.895,0.6555,0.665375,0.668625,40043
40043,0.5700341185408518,40129,0.08880264607160568,0.8404659821066829,0.895,0.7546,0.760125,0.763125,40043
40043,0.5700341185408518,40153,-0.1266972322932774,0.8404659821066829,0.895,0.9053,0.9125,0.913875,40043
40043,0.5700341185408518,40045,0.31878511805762866,0.8404659821066829,0.895,0.5362,0.536375,0.54075,40043
40043,0.5700341185408518,40093,-0.269460172310701,0.8404659821066829,0.895,0.9608,0.96825,0.973125,40043
40043,0.5700341185408518,40039,0.5319474150826023,0.8404659821066829,0.895,0.4058,0.402875,0.4005,40043
40079,0.5919763835148334,40135,0.592194380421628,0.8404659821066829,0.895,0.3965,0.40425,0.40925,40135
40079,0.5919763835148334,5131,0.2337807177358516,0.8404659821066829,0.895,0.6535,0.668625,0.6715,40079
40079,0.5919763835148334,40089,0.6894557702722346,0.8404659821066829,0.895,0.4248,0.43275,0.426875,40089
40079,0.5919763835148334,5113,0.21285064808898013,0.8404659821066829,0.895,0.6707,0.6865,0.687875,40079
40079,0.5919763835148334,5127,0.3111982798865806,0.8404659821066829,0.895,0.5702,0.586375,0.58225,40079
40079,0.5919763835148334,40127,0.8442122498570575,0.8404659821066829,0.895,0.5469,0.53975,0.542125,40127
40079,0.5919763835148334,40061,0.4155965538529832,0.8404659821066829,0.895,0.472,0.47825,0.48375,40079
40079,0.5919763835148334,40077,0.4485472487854271,0.8404659821066829,0.895,0.4423,0.451,0.4665,40079
40113,-0.11498770275014554,40143,0.12993870791613,0.8404659821066829,0.895,0.5293,0.5435,0.5395,40143
40113,-0.11498770275014554,40117,0.31642383712646044,0.8404659821066829,0.895,0.7122,0.728625,0.71875,40117
40113,-0.11498770275014554,20019,0.30120827103559805,0.8404659821066829,0.895,0.6946,0.6995,0.70175,20019
40113,-0.11498770275014554,40103,0.037066188162067866,0.8404659821066829,0.895,0.4527,0.45925,0.452875,40103
40113,-0.11498770275014554,40147,0.015177362090316126,0.8404659821066829,0.895,0.4358,0.435,0.440625,40147
40113,-0.11498770275014554,40071,0.2296995136275017,0.8404659821066829,0.895,0.6345,0.644875,0.626125,40071
40113,-0.11498770275014554,20035,0.1127098113998356,0.8404659821066829,0.895,0.5155,0.515125,0.51075,20035
40133,0.5398611054714625,40125,0.23509525204933499,0.8404659821066829,0.895,0.5795,0.58675,0.571875,40133
40133,0.5398611054714625,40063,0.5630434332604048,0.8404659821066829,0.895,0.4018,0.395125,0.40175,40063
40133,0.5398611054714625,40107,0.354618531232542,0.8404659821066829,0.895,0.4655,0.467125,0.4855,40133
40133,0.5398611054714625,40123,0.5934454987323041,0.8404659821066829,0.895,0.4069,0.41325,0.417375,40123
40143,0.12993870791613,40117,0.31642383712646044,0.8404659821066829,0.895,0.471,0.48525,0.485375,40117
40143,0.12993870791613,40145,0.16666738566520725,0.8404659821066829,0.895,0.4063,0.405125,0.40325,40145
40143,0.12993870791613,40131,0.16118802393248433,0.8404659821066829,0.895,0.4002,0.400125,0.39725,40131
40143,0.12993870791613,40147,0.015177362090316126,0.8404659821066829,0.895,0.4319,0.429875,0.447625,40143
40143,0.12993870791613,40037,0.4253224801644222,0.8404659821066829,0.895,0.578,0.597,0.578625,40037
40143,0.12993870791613,40111,0.3738614231147172,0.8404659821066829,0.895,0.5271,0.529625,0.52775,40111
41005,-0.12752295873104857,41051,-0.03323918730599969,0.8404659821066829,0.895,0.4187,0.418625,0.422375,41051
41005,-0.12752295873104857,41065,-0.21533992497596127,0.8404659821066829,0.895,0.4155,0.414,0.423625,41005
41005,-0.12752295873104857,41047,-0.1571724635705308,0.8404659821066829,0.895,0.4001,0.403625,0.406625,41005
41005,-0.12752295873104857,41027,-0.24312695389291067,0.8404659821066829,0.895,0.4295,0.4265,0.43275,41005
41005,-0.12752295873104857,41071,-0.07865307028485305,0.8404659821066829,0.895,0.4065,0.40625,0.4085,41071
41005,-0.12752295873104857,41067,-0.1756677642645052,0.8404659821066829,0.895,0.4075,0.403875,0.40325,41005
41019,-0.20799066628238505,41039,-0.18519359221038986,0.8404659821066829,0.895,0.3928,0.400875,0.408125,41039
41019,-0.20799066628238505,41015,-0.05123840369710879,0.8404659821066829,0.895,0.4464,0.44675,0.442875,41015
41019,-0.20799066628238505,41035,-0.35773359630863194,0.8404659821066829,0.895,0.4482,0.449,0.45225,41019
41019,-0.20799066628238505,41029,-0.35027146112306845,0.8404659821066829,0.895,0.4449,0.43525,0.44475,41019
41019,-0.20799066628238505,41011,0.1941664097989078,0.8404659821066829,0.895,0.6428,0.654,0.640375,41011
41019,-0.20799066628238505,41033,-0.0666046078804641,0.8404659821066829,0.895,0.4443,0.450875,0.448875,41033
41023,-0.7689657074069719,41045,-0.6992264397457366,0.8404659821066829,0.895,0.4136,0.41775,0.425,41045
41023,-0.7689657074069719,41061,-0.6602637207571777,0.8404659821066829,0.895,0.4256,0.426,0.436125,41061
41023,-0.7689657074069719,41001,-0.4633767117988236,0.8404659821066829,0.895,0.5952,0.59875,0.59425,41001
41023,-0.7689657074069719,41049,-0.37718573262528016,0.8404659821066829,0.895,0.6844,0.703625,0.69575,41049
41023,-0.7689657074069719,41013,-0.8650660753485104,0.8404659821066829,0.895,0.4236,0.42575,0.427625,41023
41023,-0.7689657074069719,41069,-0.6771655155987685,0.8404659821066829,0.895,0.4202,0.428125,0.427875,41069
41023,-0.7689657074069719,41025,-0.6301421949045455,0.8404659821066829,0.895,0.4454,0.456375,0.450125,41025
41023,-0.7689657074069719,41059,-0.4252763261351747,0.8404659821066829,0.895,0.6438,0.65975,0.678,41059
41039,-0.18519359221038986,41043,-0.12143075885532546,0.8404659821066829,0.895,0.4078,0.408,0.414875,41043
41039,-0.18519359221038986,41017,-0.5206658023686472,0.8404659821066829,0.895,0.6146,0.617,0.633375,41039
41039,-0.18519359221038986,41035,-0.35773359630863194,0.8404659821066829,0.895,0.4635,0.484875,0.475625,41039
41039,-0.18519359221038986,41003,-0.173303885658402,0.8404659821066829,0.895,0.3922,0.401875,0.3995,41003
41039,-0.18519359221038986,41041,-0.07510693383025971,0.8404659821066829,0.895,0.4165,0.4265,0.425625,41041
41043,-0.12143075885532546,41017,-0.5206658023686472,0.8404659821066829,0.895,0.6959,0.686625,0.69325,41043
41043,-0.12143075885532546,41031,-0.6935397085963173,0.8404659821066829,0.895,0.8335,0.84425,0.839875,41043
41043,-0.12143075885532546,41047,-0.1571724635705308,0.8404659821066829,0.895,0.401,0.4015,0.407,41043
41043,-0.12143075885532546,41003,-0.173303885658402,0.8404659821066829,0.895,0.4098,0.412,0.408875,41043
41043,-0.12143075885532546,41053,-0.3737225100549975,0.8404659821066829,0.895,0.5355,0.531375,0.52075,41043
41045,-0.6992264397457366,16087,-0.42793638315571353,0.8404659821066829,0.895,0.5598,0.567,0.562875,16087
41045,-0.6992264397457366,16073,-0.5205465987526225,0.8404659821066829,0.895,0.4832,0.490375,0.481125,16073
41045,-0.6992264397457366,41001,-0.4633767117988236,0.8404659821066829,0.895,0.5329,0.512875,0.51125,41001
41045,-0.6992264397457366,32013,-0.03828992074521167,0.8404659821066829,0.895,0.908,0.91325,0.918,32013
41045,-0.6992264397457366,16075,-0.4958471454577955,0.8404659821066829,0.895,0.4879,0.49975,0.495125,16075
41045,-0.6992264397457366,41025,-0.6301421949045455,0.8404659821066829,0.895,0.4078,0.411,0.407,41025
41051,-0.03323918730599969,53011,-0.006064311510075343,0.8404659821066829,0.895,0.3993,0.407125,0.399625,53011
41051,-0.03323918730599969,41027,-0.24312695389291067,0.8404659821066829,0.895,0.4927,0.485,0.4735,41051
41051,-0.03323918730599969,53059,-0.03602004246594854,0.8404659821066829,0.895,0.4003,0.39575,0.40125,41051
41051,-0.03323918730599969,41009,0.002596467979164997,0.8404659821066829,0.895,0.4053,0.407625,0.4075,41009
41051,-0.03323918730599969,41067,-0.1756677642645052,0.8404659821066829,0.895,0.4483,0.448,0.435625,41051
41055,-0.3684220144109313,41065,-0.21533992497596127,0.8404659821066829,0.895,0.4497,0.4505,0.457625,41065
41055,-0.3684220144109313,41021,-0.6951110165693173,0.8404659821066829,0.895,0.5818,0.57675,0.587875,41055
41055,-0.3684220144109313,53039,-0.2943911053468567,0.8404659821066829,0.895,0.4156,0.4165,0.4115,53039
42005,-0.572727325415871,42031,-0.5249206203734471,0.8404659821066829,0.895,0.4036,0.40625,0.406625,42031
42005,-0.572727325415871,42063,-0.5337370831787818,0.8404659821066829,0.895,0.4097,0.407,0.404625,42063
42005,-0.572727325415871,42129,-0.40673731642560956,0.8404659821066829,0.895,0.4667,0.467375,0.462625,42129
42005,-0.572727325415871,42003,-0.2937815161120827,0.8404659821066829,0.895,0.5439,0.556625,0.555375,42003
42005,-0.572727325415871,42065,-0.5907789976152531,0.8404659821066829,0.895,0.399,0.397125,0.396,42005
42005,-0.572727325415871,42019,-0.346444615791472,0.8404659821066829,0.895,0.5186,0.51525,0.510625,42019
42031,-0.5249206203734471,42121,-0.22827510639752932,0.8404659821066829,0.895,0.5729,0.565,0.579875,42121
42031,-0.5249206203734471,42065,-0.5907789976152531,0.8404659821066829,0.895,0.415,0.406,0.41325,42031
42031,-0.5249206203734471,42053,-0.39599619332901803,0.8404659821066829,0.895,0.4314,0.436875,0.4385,42053
42031,-0.5249206203734471,42019,-0.346444615791472,0.8404659821066829,0.895,0.4728,0.47675,0.476875,42019
42035,-0.1374648612752383,42023,-0.41817109898836197,0.8404659821066829,0.895,0.5521,0.564625,0.560875,42035
42035,-0.1374648612752383,42033,-0.5004509231112312,0.8404659821066829,0.895,0.6567,0.666,0.674,42035
42035,-0.1374648612752383,42027,-0.3290212515179194,0.8404659821066829,0.895,0.479,0.47125,0.47525,42035
42035,-0.1374648612752383,42119,-0.73689615383529,0.8404659821066829,0.895,0.8521,0.868625,0.869,42035
42035,-0.1374648612752383,42081,-0.27557643245636976,0.8404659821066829,0.895,0.4472,0.447125,0.44875,42035
42035,-0.1374648612752383,42105,-0.08446298736518462,0.8404659821066829,0.895,0.4088,0.405875,0.411125,42105
42045,0.13143110593172871,42091,-0.08054203256420162,0.8404659821066829,0.895,0.4878,0.497875,0.49425,42045
42045,0.13143110593172871,10003,0.04635071327200375,0.8404659821066829,0.895,0.418,0.418125,0.411375,42045
42045,0.13143110593172871,42029,0.10143001226228064,0.8404659821066829,0.895,0.4041,0.39775,0.4,42045
42045,0.13143110593172871,34015,0.16355566447964756,0.8404659821066829,0.895,0.3988,0.395125,0.4065,34015
42045,0.13143110593172871,42101,-0.06108137631654579,0.8404659821066829,0.895,0.4771,0.48925,0.48875,42045
42055,-0.34078013027126325,42061,-0.49823585855789515,0.8404659821066829,0.895,0.4667,0.481875,0.480625,42055
42055,-0.34078013027126325,24021,-0.08891329614990687,0.8404659821066829,0.895,0.5364,0.5435,0.5575,24021
42055,-0.34078013027126325,42041,-0.1645590621141317,0.8404659821066829,0.895,0.4733,0.47325,0.472,42041
42055,-0.34078013027126325,42067,-0.6896472749166813,0.8404659821066829,0.895,0.6426,0.674,0.663875,42055
42055,-0.34078013027126325,24043,-0.029230709267519445,0.8404659821066829,0.895,0.6097,0.604375,0.611,24043
42055,-0.34078013027126325,42099,0.04957299152053368,0.8404659821066829,0.895,0.6726,0.67425,0.665375,42099
42055,-0.34078013027126325,42057,-0.3736460463155551,0.8404659821066829,0.895,0.3968,0.39975,0.4035,42055
42055,-0.34078013027126325,42001,-0.22691035071456772,0.8404659821066829,0.895,0.4321,0.41675,0.429375,42001
42061,-0.49823585855789515,42027,-0.3290212515179194,0.8404659821066829,0.895,0.4655,0.474,0.47125,42027
42061,-0.49823585855789515,42067,-0.6896472749166813,0.8404659821066829,0.895,0.478,0.482,0.475875,42061
42061,-0.49823585855789515,42009,-0.7287135118443869,0.8404659821066829,0.895,0.5187,0.515375,0.53025,42061
42061,-0.49823585855789515,42013,-0.39839521320917776,0.8404659821066829,0.895,0.4202,0.4135,0.425625,42013
42061,-0.49823585855789515,42087,-0.4929744691740122,0.8404659821066829,0.895,0.3994,0.399375,0.397,42087
42061,-0.49823585855789515,42057,-0.3736460463155551,0.8404659821066829,0.895,0.4371,0.456125,0.446125,42057
42091,-0.08054203256420162,42029,0.10143001226228064,0.8404659821066829,0.895,0.4785,0.4745,0.477875,42029
42091,-0.08054203256420162,42017,-0.15620755400230402,0.8404659821066829,0.895,0.4142,0.41075,0.408125,42091
42091,-0.08054203256420162,42101,-0.06108137631654579,0.8404659821066829,0.895,0.3977,0.400375,0.39875,42101
42091,-0.08054203256420162,42011,-0.38541589269371546,0.8404659821066829,0.895,0.5884,0.597,0.591625,42091
42091,-0.08054203256420162,42077,-0.35634609936928135,0.8404659821066829,0.895,0.5711,0.564625,0.57,42091
42111,-0.9085859688787379,42051,-0.4853435128000347,0.8404659821066829,0.895,0.7075,0.704,0.715,42051
42111,-0.9085859688787379,42129,-0.40673731642560956,0.8404659821066829,0.895,0.7861,0.802375,0.792375,42129
42111,-0.9085859688787379,24001,-0.5785042148577059,0.8404659821066829,0.895,0.6229,0.616625,0.624625,24001
42111,-0.9085859688787379,42021,-0.6206023304523726,0.8404659821066829,0.895,0.5722,0.566625,0.56275,42021
42111,-0.9085859688787379,42009,-0.7287135118443869,0.8404659821066829,0.895,0.4703,0.4725,0.47225,42009
42123,-0.4098458243527153,36009,-0.35742004591065635,0.8404659821066829,0.895,0.409,0.411625,0.4055,36009
42123,-0.4098458243527153,36013,-0.4910403410051156,0.8404659821066829,0.895,0.4129,0.41475,0.41725,42123
42123,-0.4098458243527153,42049,-0.190259118307282,0.8404659821066829,0.895,0.5006,0.501375,0.50825,42049
42123,-0.4098458243527153,42047,-0.40547305038284387,0.8404659821066829,0.895,0.4008,0.405875,0.4005,42047
42123,-0.4098458243527153,42039,-0.22388417882128098,0.8404659821066829,0.895,0.4847,0.490625,0.48775,42039
42123,-0.4098458243527153,42083,-0.2343929647096803,0.8404659821066829,0.895,0.4782,0.4865,0.48175,42083
42123,-0.4098458243527153,42121,-0.22827510639752932,0.8404659821066829,0.895,0.4728,0.474,0.488,42121
42123,-0.4098458243527153,42053,-0.39599619332901803,0.8404659821066829,0.895,0.3946,0.39825,0.40925,42053
42125,-0.12454110927953388,42059,0.03975453561999923,0.8404659821066829,0.895,0.4657,0.467375,0.4715,42059
42125,-0.12454110927953388,42051,-0.4853435128000347,0.8404659821066829,0.895,0.6651,0.660875,0.660875,42125
42125,-0.12454110927953388,42129,-0.40673731642560956,0.8404659821066829,0.895,0.5817,0.575,0.584375,42125
42125,-0.12454110927953388,42003,-0.2937815161120827,0.8404659821066829,0.895,0.4705,0.47275,0.46875,42125
42125,-0.12454110927953388,54009,-0.30036423858039596,0.8404659821066829,0.895,0.4627,0.47275,0.46975,42125
42125,-0.12454110927953388,54051,-0.18952485895570192,0.8404659821066829,0.895,0.4133,0.412625,0.408875,42125
42125,-0.12454110927953388,42007,-0.3901879769880112,0.8404659821066829,0.895,0.5667,0.5555,0.550625,42125
42125,-0.12454110927953388,54029,-0.37854430591853344,0.8404659821066829,0.895,0.5359,0.5465,0.545125,42125
42125,-0.12454110927953388,54069,-0.1396026338717135,0.8404659821066829,0.895,0.3931,0.401625,0.39775,42125
45007,0.10735168638562773,45077,0.06998726555358854,0.8404659821066829,0.895,0.3984,0.394625,0.407625,45007
45007,0.10735168638562773,45045,0.05496552172683805,0.8404659821066829,0.895,0.4046,0.40875,0.40825,45007
45007,0.10735168638562773,45073,0.12731362308248254,0.8404659821066829,0.895,0.399,0.402,0.406375,45073
45007,0.10735168638562773,13147,0.18422709077958174,0.8404659821066829,0.895,0.4138,0.422625,0.414625,13147
45007,0.10735168638562773,45001,-0.13857554622457183,0.8404659821066829,0.895,0.5216,0.53275,0.54125,45007
45021,0.233170079729125,45091,0.3354676750056386,0.8404659821066829,0.895,0.419,0.433625,0.438375,45091
45021,0.233170079729125,37161,0.0065163846171855735,0.8404659821066829,0.895,0.5086,0.51075,0.509125,45021
45021,0.233170079729125,45083,0.10001406604882715,0.8404659821066829,0.895,0.4394,0.43625,0.42725,45021
45021,0.233170079729125,45087,0.21244213237633153,0.8404659821066829,0.895,0.3997,0.40275,0.400625,45021
45021,0.233170079729125,37045,0.24939216682376947,0.8404659821066829,0.895,0.4059,0.397,0.397875,37045
45031,0.5988335955643379,45061,0.41312077439630773,0.8404659821066829,0.895,0.4737,0.49,0.489375,45031
45031,0.5988335955643379,45025,0.5010898521981875,0.8404659821066829,0.895,0.4195,0.43375,0.428375,45031
45031,0.5988335955643379,45055,0.416435535747842,0.8404659821066829,0.895,0.4785,0.48125,0.4815,45031
45031,0.5988335955643379,45041,0.4208446490742617,0.8404659821066829,0.895,0.4808,0.48625,0.494375,45031
45031,0.5988335955643379,45069,1.4239431028289629,0.8404659821066829,0.895,0.9581,0.96125,0.96025,45069
45051,0.28025528446953396,45043,0.03243394721002745,0.8404659821066829,0.895,0.5182,0.516,0.531875,45051
45051,0.28025528446953396,45067,0.3148635529593182,0.8404659821066829,0.895,0.398,0.40125,0.394,45067
45051,0.28025528446953396,37019,0.09113143213724041,0.8404659821066829,0.895,0.468,0.466125,0.4575,45051
45051,0.28025528446953396,45033,0.744429608581542,0.8404659821066829,0.895,0.7197,0.737625,0.708,45033
45061,0.41312077439630773,45055,0.416435535747842,0.8404659821066829,0.895,0.4082,0.39575,0.402125,45055
45061,0.41312077439630773,45041,0.4208446490742617,0.8404659821066829,0.895,0.3966,0.403375,0.40375,45041
45061,0.41312077439630773,45085,0.0005232054754187022,0.8404659821066829,0.895,0.674,0.68375,0.677875,45061
45077,0.06998726555358854,37175,-0.22735940596004156,0.8404659821066829,0.895,0.5675,0.55825,0.564625,45077
45077,0.06998726555358854,45045,0.05496552172683805,0.8404659821066829,0.895,0.3986,0.39,0.405,45077
45077,0.06998726555358854,45073,0.12731362308248254,0.8404659821066829,0.895,0.4063,0.41025,0.415625,45073
45091,0.3354676750056386,37119,0.18352206200727586,0.8404659821066829,0.895,0.4495,0.450875,0.453875,45091
45091,0.3354676750056386,45057,0.10135212993432627,0.8404659821066829,0.895,0.5219,0.5255,0.53525,45091
45091,0.3354676750056386,45087,0.21244213237633153,0.8404659821066829,0.895,0.4351,0.434,0.443125,45091
45091,0.3354676750056386,45023,0.33908563007826525,0.8404659821066829,0.895,0.403,0.396375,0.394125,45023
45091,0.3354676750056386,37045,0.24939216682376947,0.8404659821066829,0.895,0.4128,0.426125,0.421875,45091
45091,0.3354676750056386,37071,0.37749386604356117,0.8404659821066829,0.895,0.3995,0.404875,0.4025,37071
46085,-0.16660951235315707,46095,-0.2890095451692821,0.8404659821066829,0.895,0.4334,0.443875,0.45125,46085
46085,-0.16660951235315707,46023,-0.57551150404264,0.8404659821066829,0.895,0.7364,0.74575,0.744875,46085
46085,-0.16660951235315707,46123,-0.43918394705412966,0.8404659821066829,0.895,0.5666,0.573625,0.583375,46085
46085,-0.16660951235315707,46117,0.1506846326254345,0.8404659821066829,0.895,0.6209,0.61275,0.623125,46117
46085,-0.16660951235315707,46075,0.06904463723130128,0.8404659821066829,0.895,0.5213,0.53275,0.536875,46075
46085,-0.16660951235315707,46017,-0.26034850614076166,0.8404659821066829,0.895,0.4208,0.4405,0.439875,46085
46085,-0.16660951235315707,46065,-0.23238540056133952,0.8404659821066829,0.895,0.4118,0.414125,0.41525,46085
46085,-0.16660951235315707,46015,-0.296724281127735,0.8404659821066829,0.895,0.4416,0.446375,0.437125,46085
46085,-0.16660951235315707,46069,-0.5147704121732961,0.8404659821066829,0.895,0.6567,0.660375,0.674125,46085
46085,-0.16660951235315707,46053,-0.3843847397716385,0.8404659821066829,0.895,0.5089,0.507625,0.503875,46085
46095,-0.2890095451692821,46123,-0.43918394705412966,0.8404659821066829,0.895,0.4394,0.43975,0.4425,46095
46095,-0.2890095451692821,46075,0.06904463723130128,0.8404659821066829,0.895,0.6239,0.654125,0.64725,46075
46095,-0.2890095451692821,46071,-0.17375794185952878,0.8404659821066829,0.895,0.4216,0.4415,0.429,46071
46095,-0.2890095451692821,46121,-0.6391879042750415,0.8404659821066829,0.895,0.608,0.643125,0.64975,46095
46103,-0.22171514814146268,46055,0.06185618557899452,0.8404659821066829,0.895,0.5732,0.5565,0.560875,46055
46103,-0.22171514814146268,46093,-0.13254306052349552,0.8404659821066829,0.895,0.4166,0.415625,0.411625,46093
46103,-0.22171514814146268,46071,-0.17375794185952878,0.8404659821066829,0.895,0.4029,0.40325,0.404125,46071
46103,-0.22171514814146268,56045,-0.11503197745392825,0.8404659821066829,0.895,0.4217,0.424375,0.42975,56045
46103,-0.22171514814146268,46081,-0.3332854035539792,0.8404659821066829,0.895,0.4282,0.42625,0.42225,46103
46103,-0.22171514814146268,46033,-0.17012090238140146,0.8404659821066829,0.895,0.403,0.40425,0.410125,46033
47005,1.2167531265577844,47085,1.1469681773916827,0.8404659821066829,0.895,0.4153,0.412125,0.41025,47005
47005,1.2167531265577844,47135,1.1384057805736385,0.8404659821066829,0.895,0.414,0.4135,0.42275,47005
47005,1.2167531265577844,47079,0.7604451926366768,0.8404659821066829,0.895,0.7458,0.754625,0.752625,47005
47005,1.2167531265577844,47083,0.8547702767402421,0.8404659821066829,0.895,0.6431,0.65075,0.665125,47005
47005,1.2167531265577844,47039,1.0144917029852338,0.8404659821066829,0.895,0.4966,0.49575,0.493125,47005
47005,1.2167531265577844,47161,1.0497560786264541,0.8404659821066829,0.895,0.4651,0.49275,0.48525,47005
47005,1.2167531265577844,47017,0.84968946343274,0.8404659821066829,0.895,0.6532,0.67425,0.68475,47005
47021,1.1093710770746477,47037,0.617032801113262,0.8404659821066829,0.895,0.7713,0.7695,0.7515,47021
47021,1.1093710770746477,47147,0.6663731971021664,0.8404659821066829,0.895,0.7211,0.744875,0.73625,47021
47021,1.1093710770746477,47187,0.38776989392375155,0.8404659821066829,0.895,0.9221,0.927375,0.91975,47021
47021,1.1093710770746477,47043,0.7670355302210923,0.8404659821066829,0.895,0.6098,0.6195,0.611875,47021
47021,1.1093710770746477,47125,0.7789448751792721,0.8404659821066829,0.895,0.6119,0.63175,0.624375,47021
47031,0.31874569679892567,47003,0.2209478084857669,0.8404659821066829,0.895,0.419,0.414375,0.428875,47031
47031,0.31874569679892567,47149,0.4034816281587415,0.8404659821066829,0.895,0.4166,0.422125,0.41675,47149
47031,0.31874569679892567,47127,-0.5938594391148341,0.8404659821066829,0.895,0.972,0.9815,0.97975,47031
47031,0.31874569679892567,47051,0.1612630946667908,0.8404659821066829,0.895,0.4578,0.464125,0.4735,47031
47031,0.31874569679892567,47061,0.5607613301007351,0.8404659821066829,0.895,0.5221,0.535375,0.5245,47061
47031,0.31874569679892567,47015,0.2430901484077065,0.8404659821066829,0.895,0.4158,0.412875,0.418,47031
47031,0.31874569679892567,47177,0.5450188883013527,0.8404659821066829,0.895,0.5204,0.5265,0.51725,47177
47035,0.21728124811439012,47145,0.7177034628177902,0.8404659821066829,0.895,0.8038,0.81,0.81825,47145
47035,0.21728124811439012,47143,0.5331241536329261,0.8404659821066829,0.895,0.5984,0.600375,0.6045,47143
47035,0.21728124811439012,47141,0.8425636896601869,0.8404659821066829,0.895,0.8943,0.90775,0.9,47141
47035,0.21728124811439012,47185,0.5151266072418937,0.8404659821066829,0.895,0.5787,0.58825,0.5695,47185
47035,0.21728124811439012,47129,0.9057667547151684,0.8404659821066829,0.895,0.9159,0.9205,0.92375,47129
47035,0.21728124811439012,47049,1.347721552908234,0.8404659821066829,0.895,0.9975,0.999125,0.9975,47049
47035,0.21728124811439012,47175,-0.10401228386115856,0.8404659821066829,0.895,0.606,0.613875,0.612125,47035
47035,0.21728124811439012,47007,-0.1493864303337035,0.8404659821066829,0.895,0.654,0.6575,0.65375,47035
47085,1.1469681773916827,47135,1.1384057805736385,0.8404659821066829,0.895,0.3957,0.400875,0.395375,47085
47085,1.1469681773916827,47081,1.2275131521020155,0.8404659821066829,0.895,0.415,0.407875,0.405375,47081
47085,1.1469681773916827,47043,0.7670355302210923,0.8404659821066829,0.895,0.651,0.651875,0.650625,47085
47085,1.1469681773916827,47083,0.8547702767402421,0.8404659821066829,0.895,0.5541,0.5715,0.56825,47085
47091,0.22990307518802275,37009,-0.030864293687260447,0.8404659821066829,0.895,0.5375,0.53475,0.532375,47091
47091,0.22990307518802275,51077,0.30024811953421493,0.8404659821066829,0.895,0.4214,0.410625,0.409,51077
47091,0.22990307518802275,47163,0.2656012736944009,0.8404659821066829,0.895,0.3975,0.40125,0.398,47163
47091,0.22990307518802275,51191,0.4937783977663365,0.8404659821066829,0.895,0.5504,0.556,0.55,51191
47091,0.22990307518802275,47019,0.15248003220758302,0.8404659821066829,0.895,0.4193,0.41825,0.414,47091
47091,0.22990307518802275,37189,-0.07784957359499758,0.8404659821066829,0.895,0.5904,0.57525,0.575875,47091
47091,0.22990307518802275,37011,0.26099163943435433,0.8404659821066829,0.895,0.3962,0.40375,0.403125,37011
47105,0.3655986990799358,47145,0.7177034628177902,0.8404659821066829,0.895,0.6379,0.628125,0.64425,47145
47105,0.3655986990799358,47093,0.6806636430416342,0.8404659821066829,0.895,0.607,0.6,0.606625,47093
47105,0.3655986990799358,47107,0.5557172510182996,0.8404659821066829,0.895,0.4756,0.472,0.477125,47107
47105,0.3655986990799358,47123,0.5079523273826713,0.8404659821066829,0.895,0.4398,0.45325,0.441125,47123
47105,0.3655986990799358,47009,0.3722393211633581,0.8404659821066829,0.895,0.3967,0.392125,0.397,47009
47121,0.3798283200247104,47145,0.7177034628177902,0.8404659821066829,0.895,0.6184,0.63975,0.63825,47145
47121,0.3798283200247104,47107,0.5557172510182996,0.8404659821066829,0.895,0.4713,0.47325,0.47775,47107
47121,0.3798283200247104,47143,0.5331241536329261,0.8404659821066829,0.895,0.4487,0.46,0.456875,47143
47121,0.3798283200247104,47065,0.2878380880172133,0.8404659821066829,0.895,0.4145,0.42325,0.41925,47121
47121,0.3798283200247104,47011,0.30467797552152753,0.8404659821066829,0.895,0.4116,0.415625,0.414125,47121
47135,1.1384057805736385,47081,1.2275131521020155,0.8404659821066829,0.895,0.4188,0.4185,0.41825,47081
47135,1.1384057805736385,47101,0.9589231998335145,0.8404659821066829,0.895,0.4634,0.4615,0.475375,47135
47135,1.1384057805736385,47039,1.0144917029852338,0.8404659821066829,0.895,0.4346,0.439875,0.441625,47135
47135,1.1384057805736385,47181,0.6412872740649799,0.8404659821066829,0.895,0.7797,0.782625,0.788125,47135
47145,0.7177034628177902,47093,0.6806636430416342,0.8404659821066829,0.895,0.4016,0.400125,0.396625,47145
47145,0.7177034628177902,47107,0.5557172510182996,0.8404659821066829,0.895,0.4639,0.465625,0.47325,47145
47145,0.7177034628177902,47143,0.5331241536329261,0.8404659821066829,0.895,0.4785,0.48325,0.48,47145
47145,0.7177034628177902,47001,0.8249287290337437,0.8404659821066829,0.895,0.4286,0.427125,0.430375,47001
47145,0.7177034628177902,47129,0.9057667547151684,0.8404659821066829,0.895,0.4828,0.479375,0.476875,47129
47151,1.7288805160524026,47013,1.391598840819703,0.8404659821066829,0.895,0.6198,0.614125,0.616,47151
47151,1.7288805160524026,47001,0.8249287290337437,0.8404659821066829,0.895,0.9788,0.978,0.97925,47151
47151,1.7288805160524026,47129,0.9057667547151684,0.8404659821066829,0.895,0.9596,0.9575,0.96225,47151
47151,1.7288805160524026,47049,1.347721552908234,0.8404659821066829,0.895,0.67,0.669375,0.670875,47151
47151,1.7288805160524026,47137,0.8273162710065848,0.8404659821066829,0.895,0.9746,0.978875,0.97775,47151
48001,1.3763751364753432,48213,0.7768066083820206,0.8404659821066829,0.895,0.8543,0.86875,0.860375,48001
48001,1.3763751364753432,48073,0.41137359901189313,0.8404659821066829,0.895,0.9854,0.984375,0.98575,48001
48001,1.3763751364753432,48225,0.43145083482005686,0.8404659821066829,0.895,0.9816,0.985,0.982125,48001
48001,1.3763751364753432,48161,0.5566473241243972,0.8404659821066829,0.895,0.94,0.941375,0.9535,48001
48001,1.3763751364753432,48289,0.9663981553795252,0.8404659821066829,0.895,0.6816,0.677125,0.67675,48001
48011,0.24329055627660318,48065,0.17528947812431464,0.8404659821066829,0.895,0.407,0.407,0.4195,48011
48011,0.24329055627660318,48437,-0.28923558923362,0.8404659821066829,0.895,0.7955,0.800875,0.816,48011
48011,0.24329055627660318,48129,0.8964438221998487,0.8404659821066829,0.895,0.88,0.889,0.878875,48129
48011,0.24329055627660318,48381,-0.17880410905901953,0.8404659821066829,0.895,0.6894,0.704875,0.711375,48011
48011,0.24329055627660318,48045,0.3074224551853419,0.8404659821066829,0.895,0.4053,0.4185,0.421,48045
48015,-0.0743273064304262,48473,0.07042161443439256,0.8404659821066829,0.895,0.4497,0.462125,0.4615,48473
48015,-0.0743273064304262,48089,-0.025818425651818494,0.8404659821066829,0.895,0.4064,0.407375,0.416375,48089
48015,-0.0743273064304262,48477,-0.0917353402457938,0.8404659821066829,0.895,0.3984,0.400875,0.398625,48015
48015,-0.0743273064304262,48481,0.07594046788239521,0.8404659821066829,0.895,0.4443,0.461625,0.460625,48481
48015,-0.0743273064304262,48149,-0.19157297127131354,0.8404659821066829,0.895,0.4363,0.4215,0.43375,48015
48015,-0.0743273064304262,48157,-0.10799288221763181,0.8404659821066829,0.895,0.411,0.399875,0.40525,48015
48025,-0.3407934786499358,48409,0.41471848117239135,0.8404659821066829,0.895,0.9312,0.941375,0.944625,48409
48025,-0.3407934786499358,48391,0.4265716224942761,0.8404659821066829,0.895,0.9391,0.943875,0.94675,48391
48025,-0.3407934786499358,48175,-0.06585467485992916,0.8404659821066829,0.895,0.549,0.544375,0.543125,48175
48025,-0.3407934786499358,48255,-0.37744399516988864,0.8404659821066829,0.895,0.4001,0.404625,0.408875,48025
48025,-0.3407934786499358,48297,-0.38220176633316144,0.8404659821066829,0.895,0.3973,0.403375,0.39975,48025
48041,0.09004742150829032,48051,0.1589297933069811,0.8404659821066829,0.895,0.4179,0.40425,0.408625,48051
48041,0.09004742150829032,48185,0.149253000364986,0.8404659821066829,0.895,0.4064,0.403625,0.40475,48185
48041,0.09004742150829032,48395,0.42533277385510393,0.8404659821066829,0.895,0.6013,0.6175,0.61075,48395
48041,0.09004742150829032,48477,-0.0917353402457938,0.8404659821066829,0.895,0.4771,0.48475,0.491,48041
48041,0.09004742150829032,48313,0.29548493010261484,0.8404659821066829,0.895,0.4815,0.485375,0.479375,48313
48051,0.1589297933069811,48287,-0.06878585508867267,0.8404659821066829,0.895,0.5056,0.51925,0.515625,48051
48051,0.1589297933069811,48395,0.42533277385510393,0.8404659821066829,0.895,0.5351,0.54975,0.548625,48395
48051,0.1589297933069811,48477,-0.0917353402457938,0.8404659821066829,0.895,0.5355,0.54625,0.539625,48051
48051,0.1589297933069811,48331,0.4129074726935047,0.8404659821066829,0.895,0.5318,0.545875,0.5415,48331
48071,0.5586450472871993,48167,0.6373032897404474,0.8404659821066829,0.895,0.4058,0.4175,0.418875,48167
48071,0.5586450472871993,48245,0.07142109944994318,0.8404659821066829,0.895,0.743,0.74575,0.745,48071
48071,0.5586450472871993,48291,0.8623010881590067,0.8404659821066829,0.895,0.5784,0.576875,0.58,48291
48071,0.5586450472871993,48201,0.24450014005256526,0.8404659821066829,0.895,0.5777,0.580625,0.583125,48071
48083,0.6508285185806085,48095,-0.026439137856051162,0.8404659821066829,0.895,0.9003,0.896625,0.89825,48083
48083,0.6508285185806085,48399,0.5394081762902875,0.8404659821066829,0.895,0.4219,0.42225,0.422375,48083
48083,0.6508285185806085,48307,0.3807781407602375,0.8404659821066829,0.895,0.5559,0.543,0.540875,48083
48083,0.6508285185806085,48049,0.5656724974765651,0.8404659821066829,0.895,0.416,0.41375,0.419625,48083
48083,0.6508285185806085,48059,0.8186058104877578,0.8404659821066829,0.895,0.4632,0.466625,0.468875,48059
48083,0.6508285185806085,48441,0.3905149934400268,0.8404659821066829,0.895,0.541,0.522375,0.5315,48083
48111,0.13056139170018358,48421,0.36597979566907846,0.8404659821066829,0.895,0.5105,0.519,0.516625,48421
48111,0.13056139170018358,35059,-0.6667254262037524,0.8404659821066829,0.895,0.9483,0.966125,0.964625,48111
48111,0.13056139170018358,48205,-0.48971811271714377,0.8404659821066829,0.895,0.8458,0.867625,0.857375,48111
48111,0.13056139170018358,40025,0.14600512526208936,0.8404659821066829,0.895,0.4005,0.3985,0.398,40025
48135,0.2630477133809617,48329,0.013832744437665854,0.8404659821066829,0.895,0.5267,0.538875,0.5305,48135
48135,0.2630477133809617,48475,0.1828822521736549,0.8404659821066829,0.895,0.4173,0.4145,0.4245,48135
48135,0.2630477133809617,48003,0.2978629538642118,0.8404659821066829,0.895,0.4028,0.404625,0.411125,48003
48135,0.2630477133809617,48461,0.3335072427019456,0.8404659821066829,0.895,0.404,0.406875,0.4135,48461
48135,0.2630477133809617,48103,0.16272676822618118,0.8404659821066829,0.895,0.4182,0.4215,0.4205,48135
48135,0.2630477133809617,48495,0.23948439077773523,0.8404659821066829,0.895,0.3998,0.398875,0.4045,48135
48139,0.47850999444226017,48213,0.7768066083820206,0.8404659821066829,0.895,0.597,0.605875,0.599875,48213
48139,0.47850999444226017,48349,0.7962656723549393,0.8404659821066829,0.895,0.6,0.618125,0.613,48349
48139,0.47850999444226017,48439,0.250853918923704,0.8404659821066829,0.895,0.5163,0.520875,0.51575,48139
48139,0.47850999444226017,48113,0.13969184108849478,0.8404659821066829,0.895,0.628,0.6225,0.633125,48139
48139,0.47850999444226017,48217,0.7021257335616021,0.8404659821066829,0.895,0.5117,0.52025,0.51625,48217
48139,0.47850999444226017,48251,0.5264168146554665,0.8404659821066829,0.895,0.4074,0.4125,0.39975,48251
48139,0.47850999444226017,48257,0.6453708348749518,0.8404659821066829,0.895,0.4618,0.453125,0.459125,48257
48141,-0.9929081498753205,48229,-0.8994839756127523,0.8404659821066829,0.895,0.4142,0.424625,0.416875,48229
48141,-0.9929081498753205,35013,-0.942573469939104,0.8404659821066829,0.895,0.3968,0.398375,0.3995,35013
48141,-0.9929081498753205,35035,-0.9264009438277871,0.8404659821066829,0.895,0.4114,0.4075,0.40325,35035
48169,0.03164540538199903,48415,0.34524261507750437,0.8404659821066829,0.895,0.5815,0.57225,0.573,48415
48169,0.03164540538199903,48263,0.5349595276676633,0.8404659821066829,0.895,0.7587,0.781125,0.770125,48263
48169,0.03164540538199903,48107,-0.015874203712818388,0.8404659821066829,0.895,0.403,0.40425,0.4015,48169
48169,0.03164540538199903,48305,-0.14667418353987446,0.8404659821066829,0.895,0.4698,0.476125,0.476625,48169
48169,0.03164540538199903,48033,0.19461802701239375,0.8404659821066829,0.895,0.4523,0.460125,0.4555,48033
48185,0.149253000364986,48473,0.07042161443439256,0.8404659821066829,0.895,0.4123,0.414375,0.415625,48185
48185,0.149253000364986,48477,-0.0917353402457938,0.8404659821066829,0.895,0.5181,0.542,0.537875,48185
48185,0.149253000364986,48313,0.29548493010261484,0.8404659821066829,0.895,0.4451,0.4515,0.454,48313
48185,0.149253000364986,48339,0.3808414403216675,0.8404659821066829,0.895,0.5133,0.51375,0.52075,48339
48185,0.149253000364986,48471,0.22492518894426838,0.8404659821066829,0.895,0.4186,0.414,0.418125,48471
48199,0.41807631702242926,48241,0.13483923486625998,0.8404659821066829,0.895,0.5636,0.58275,0.5795,48199
48199,0.41807631702242926,48457,0.22790598257900924,0.8404659821066829,0.895,0.4651,0.47575,0.47725,48199
48199,0.41807631702242926,48373,0.951493315922044,0.8404659821066829,0.895,0.8051,0.82625,0.823125,48373
48199,0.41807631702242926,48245,0.07142109944994318,0.8404659821066829,0.895,0.6259,0.609125,0.61775,48199
48199,0.41807631702242926,48361,0.2601237124720697,0.8404659821066829,0.895,0.4555,0.463875,0.46075,48199
48199,0.41807631702242926,48291,0.8623010881590067,0.8404659821066829,0.895,0.7378,0.743375,0.754625,48291
48213,0.7768066083820206,48073,0.41137359901189313,0.8404659821066829,0.895,0.6675,0.670875,0.663875,48213
48213,0.7768066083820206,48349,0.7962656723549393,0.8404659821066829,0.895,0.3975,0.397,0.3995,48349
48213,0.7768066083820206,48161,0.5566473241243972,0.8404659821066829,0.895,0.5069,0.50425,0.501375,48213
48213,0.7768066083820206,48423,0.30650658039780354,0.8404659821066829,0.895,0.7699,0.78,0.773,48213
48213,0.7768066083820206,48467,0.5932482000749868,0.8404659821066829,0.895,0.4762,0.488625,0.46925,48213
48213,0.7768066083820206,48257,0.6453708348749518,0.8404659821066829,0.895,0.4342,0.461625,0.45,48213
48215,-0.5935088982942818,48261,-0.02245196578329932,0.8404659821066829,0.895,0.8056,0.798875,0.802375,48261
48215,-0.5935088982942818,48427,-0.8222195526292638,0.8404659821066829,0.895,0.4922,0.515125,0.517625,48215
48215,-0.5935088982942818,48047,-0.4268810374038836,0.8404659821066829,0.895,0.4622,0.439625,0.44075,48047
48215,-0.5935088982942818,48061,-0.5313121219091045,0.8404659821066829,0.895,0.404,0.40425,0.405125,48061
48215,-0.5935088982942818,48489,-0.5876451506744689,0.8404659821066829,0.895,0.3998,0.3945,0.40225,48489
48229,-0.8994839756127523,48109,-0.6405228952997909,0.8404659821066829,0.895,0.5293,0.524125,0.532625,48109
48229,-0.8994839756127523,35035,-0.9264009438277871,0.8404659821066829,0.895,0.3948,0.407125,0.41325,48229
48229,-0.8994839756127523,48243,-0.5289566393859041,0.8404659821066829,0.895,0.6225,0.6365,0.641875,48243
48239,0.25767188115692763,48089,-0.025818425651818494,0.8404659821066829,0.895,0.5588,0.55575,0.548375,48239
48239,0.25767188115692763,48057,0.33706009213980237,0.8404659821066829,0.895,0.4157,0.4235,0.415625,48057
48239,0.25767188115692763,48469,0.026051113164846963,0.8404659821066829,0.895,0.5213,0.52525,0.519,48239
48239,0.25767188115692763,48481,0.07594046788239521,0.8404659821066829,0.895,0.4818,0.468,0.467375,48239
48239,0.25767188115692763,48321,0.3158619201156728,0.8404659821066829,0.895,0.4136,0.410875,0.415,48321
48239,0.25767188115692763,48285,-0.2633776000922962,0.8404659821066829,0.895,0.798,0.80875,0.804125,48239
48315,0.6899557330548536,48343,0.6060539427927257,0.8404659821066829,0.895,0.4185,0.41725,0.4135,48315
48315,0.6899557330548536,48203,0.39349003253833914,0.8404659821066829,0.895,0.573,0.579,0.575625,48315
48315,0.6899557330548536,48067,0.30276830514410175,0.8404659821066829,0.895,0.658,0.669375,0.66975,48315
48315,0.6899557330548536,48459,0.6401042002769083,0.8404659821066829,0.895,0.4052,0.40625,0.401,48315
48323,-0.7547534213694003,48479,-0.7482966240526557,0.8404659821066829,0.895,0.3978,0.402625,0.399125,48479
48323,-0.7547534213694003,48507,-0.766395787349248,0.8404659821066829,0.895,0.4033,0.402,0.4015,48323
48323,-0.7547534213694003,48127,-0.8517226731662871,0.8404659821066829,0.895,0.414,0.433625,0.427625,48323
48323,-0.7547534213694003,48271,-0.6020335248480986,0.8404659821066829,0.895,0.4368,0.430625,0.432,48271
48329,0.013832744437665854,48003,0.2978629538642118,0.8404659821066829,0.895,0.5592,0.556375,0.55625,48003
48329,0.013832744437665854,48461,0.3335072427019456,0.8404659821066829,0.895,0.5915,0.5955,0.590875,48461
48329,0.013832744437665854,48173,-0.06396253779429582,0.8404659821066829,0.895,0.412,0.414,0.41525,48329
48329,0.013832744437665854,48317,0.04491036369103591,0.8404659821066829,0.895,0.4046,0.40825,0.4,48317
48343,0.6060539427927257,48449,0.49189765695365184,0.8404659821066829,0.895,0.4266,0.422875,0.42275,48343
48343,0.6060539427927257,48387,0.6827981769164486,0.8404659821066829,0.895,0.4193,0.4175,0.420625,48387
48343,0.6060539427927257,48037,0.5701125149944238,0.8404659821066829,0.895,0.4035,0.408375,0.40975,48343
48343,0.6060539427927257,48067,0.30276830514410175,0.8404659821066829,0.895,0.5833,0.603375,0.611375,48343
48343,0.6060539427927257,48459,0.6401042002769083,0.8404659821066829,0.895,0.4002,0.39825,0.405,48459
48343,0.6060539427927257,48063,0.6130261510976387,0.8404659821066829,0.895,0.3995,0.40175,0.399,48063
48379,0.7720347398206113,48499,0.5249713308349796,0.8404659821066829,0.895,0.5274,0.527,0.533625,48379
48379,0.7720347398206113,48223,0.553704827239018,0.8404659821066829,0.895,0.4976,0.503625,0.497875,48379
48379,0.7720347398206113,48467,0.5932482000749868,0.8404659821066829,0.895,0.4623,0.468125,0.4605,48379
48379,0.7720347398206113,48231,0.6477572854237927,0.8404659821066829,0.895,0.4299,0.436875,0.43625,48379
48383,-0.017465955839761065,48105,-0.16159040687762927,0.8404659821066829,0.895,0.4527,0.447875,0.450375,48383
48383,-0.017465955839761065,48235,-0.33441039608888457,0.8404659821066829,0.895,0.5831,0.59475,0.598625,48383
48383,-0.017465955839761065,48461,0.3335072427019456,0.8404659821066829,0.895,0.6208,0.633625,0.6225,48461
48383,-0.017465955839761065,48173,-0.06396253779429582,0.8404659821066829,0.895,0.4033,0.40425,0.40825,48383
48383,-0.017465955839761065,48431,0.26548585969356653,0.8404659821066829,0.895,0.5642,0.5745,0.572375,48431
48383,-0.017465955839761065,48451,0.25240006284567074,0.8404659821066829,0.895,0.5508,0.5665,0.546375,48451
48409,0.41471848117239135,48007,0.737642394897245,0.8404659821066829,0.895,0.588,0.5945,0.597,48007
48409,0.41471848117239135,48391,0.4265716224942761,0.8404659821066829,0.895,0.3998,0.39925,0.4055,48391
48409,0.41471848117239135,48297,-0.38220176633316144,0.8404659821066829,0.895,0.9575,0.968875,0.959625,48409
48409,0.41471848117239135,48355,-0.13811011155804553,0.8404659821066829,0.895,0.8013,0.8085,0.797375,48409
48409,0.41471848117239135,48249,-0.2134815234270165,0.8404659821066829,0.895,0.8724,0.88275,0.879375,48409
48419,0.6375712033781907,48347,0.5357415571136716,0.8404659821066829,0.895,0.424,0.430125,0.41325,48419
48419,0.6375712033781907,48405,0.017267152224398417,0.8404659821066829,0.895,0.8598,0.888375,0.8785,48419
48419,0.6375712033781907,22031,0.0193463524896838,0.8404659821066829,0.895,0.87,0.889625,0.90425,48419
48419,0.6375712033781907,22085,0.18145852815432195,0.8404659821066829,0.895,0.7409,0.767125,0.77125,48419
48419,0.6375712033781907,48403,0.1735372869191661,0.8404659821066829,0.895,0.7415,0.764,0.77025,48419
48419,0.6375712033781907,48365,0.5197470374394348,0.8404659821066829,0.895,0.4272,0.433625,0.438375,48419
48419,0.6375712033781907,48401,0.3924982495676536,0.8404659821066829,0.895,0.5344,0.544125,0.540875,48419
48449,0.49189765695365184,48387,0.6827981769164486,0.8404659821066829,0.895,0.4858,0.48675,0.467375,48387
48449,0.49189765695365184,48063,0.6130261510976387,0.8404659821066829,0.895,0.4318,0.4295,0.427875,48063
48449,0.49189765695365184,48159,0.478541015258259,0.8404659821066829,0.895,0.4039,0.394375,0.396625,48449
48453,0.00703780277710151,48053,0.24567115707586673,0.8404659821066829,0.895,0.5233,0.532125,0.52675,48053
48453,0.00703780277710151,48491,0.10300690478814178,0.8404659821066829,0.895,0.4232,0.429875,0.42025,48491
48453,0.00703780277710151,48055,-0.003915014822288138,0.8404659821066829,0.895,0.4047,0.39375,0.398625,48453
48453,0.00703780277710151,48031,-0.06920292370871052,0.8404659821066829,0.895,0.4065,0.412,0.41125,48453
48453,0.00703780277710151,48021,0.40595682063258637,0.8404659821066829,0.895,0.6789,0.701125,0.6915,48021
48453,0.00703780277710151,48209,-0.12767534169444159,0.8404659821066829,0.895,0.4473,0.434125,0.433625,48453
48473,0.07042161443439256,48477,-0.0917353402457938,0.8404659821066829,0.895,0.4604,0.474375,0.47875,48473
48473,0.07042161443439256,48339,0.3808414403216675,0.8404659821066829,0.895,0.5869,0.599875,0.59025,48339
48473,0.07042161443439256,48201,0.24450014005256526,0.8404659821066829,0.895,0.4698,0.47325,0.472,48201
48473,0.07042161443439256,48157,-0.10799288221763181,0.8404659821066829,0.895,0.4767,0.477625,0.477375,48473
48479,-0.7482966240526557,48247,-0.5583335711745676,0.8404659821066829,0.895,0.4831,0.4785,0.474875,48247
48479,-0.7482966240526557,48127,-0.8517226731662871,0.8404659821066829,0.895,0.4265,0.4345,0.42925,48479
48479,-0.7482966240526557,48131,-0.5074711692636111,0.8404659821066829,0.895,0.5219,0.519625,0.5095,48131
48479,-0.7482966240526557,48283,-0.9981684680877825,0.8404659821066829,0.895,0.5289,0.560375,0.563375,48479
48479,-0.7482966240526557,48505,-0.5461966741772661,0.8404659821066829,0.895,0.4795,0.477375,0.473625,48505
49005,-1.1124756711414927,49057,-0.8257927271786384,0.8404659821066829,0.895,0.5575,0.56425,0.56025,49057
49005,-1.1124756711414927,16041,-1.3714237828277271,0.8404659821066829,0.895,0.5375,0.53525,0.539,49005
49005,-1.1124756711414927,49003,-0.9509089973937127,0.8404659821066829,0.895,0.4577,0.461625,0.453375,49003
49005,-1.1124756711414927,16071,-1.3261465979831748,0.8404659821066829,0.895,0.5046,0.51,0.51325,49005
49005,-1.1124756711414927,49033,-1.0042760227720793,0.8404659821066829,0.895,0.4302,0.434375,0.424125,49033
49007,-0.7063920903396436,49049,-0.6446720095442424,0.8404659821066829,0.895,0.4126,0.414875,0.412625,49049
49007,-0.7063920903396436,49047,-0.7164848953323988,0.8404659821066829,0.895,0.4067,0.3965,0.3995,49007
49007,-0.7063920903396436,49015,-0.9989741656794006,0.8404659821066829,0.895,0.5614,0.5825,0.580625,49007
49007,-0.7063920903396436,49019,-0.35211392554645055,0.8404659821066829,0.895,0.6357,0.638375,0.639625,49019
49007,-0.7063920903396436,49013,-0.5558925833130988,0.8404659821066829,0.895,0.457,0.460875,0.4665,49013
49007,-0.7063920903396436,49039,-0.9673814090579552,0.8404659821066829,0.895,0.538,0.54275,0.548875,49007
49011,-0.5598646350411927,49029,-0.7749677209336309,0.8404659821066829,0.895,0.4904,0.496625,0.496125,49011
49011,-0.5598646350411927,49035,-0.5379086479314446,0.8404659821066829,0.895,0.4018,0.40475,0.406875,49035
49011,-0.5598646350411927,49045,-0.5023259832438806,0.8404659821066829,0.895,0.4016,0.406,0.4065,49045
49011,-0.5598646350411927,49057,-0.8257927271786384,0.8404659821066829,0.895,0.5267,0.542625,0.53375,49011
49023,-0.9599474489844173,49045,-0.5023259832438806,0.8404659821066829,0.895,0.7422,0.753875,0.751625,49045
49023,-0.9599474489844173,49049,-0.6446720095442424,0.8404659821066829,0.895,0.5988,0.611625,0.617625,49049
49023,-0.9599474489844173,32033,-0.6469339888366263,0.8404659821066829,0.895,0.5867,0.589875,0.594125,32033
49023,-0.9599474489844173,49027,-1.1506005407904136,0.8404659821066829,0.895,0.4777,0.476375,0.476125,49023
49023,-0.9599474489844173,49039,-0.9673814090579552,0.8404659821066829,0.895,0.3995,0.397375,0.39575,49023
49029,-0.7749677209336309,49035,-0.5379086479314446,0.8404659821066829,0.895,0.5225,0.5395,0.5315,49035
49029,-0.7749677209336309,49057,-0.8257927271786384,0.8404659821066829,0.895,0.408,0.40275,0.4065,49029
49029,-0.7749677209336309,49043,-0.634942146782059,0.8404659821066829,0.895,0.4424,0.468,0.45125,49043
49029,-0.7749677209336309,49033,-1.0042760227720793,0.8404659821066829,0.895,0.5198,0.51875,0.5175,49029
49035,-0.5379086479314446,49045,-0.5023259832438806,0.8404659821066829,0.895,0.407,0.4045,0.399625,49045
49035,-0.5379086479314446,49049,-0.6446720095442424,0.8404659821066829,0.895,0.432,0.429875,0.426875,49035
49035,-0.5379086479314446,49051,-0.415411764587122,0.8404659821066829,0.895,0.4307,0.438125,0.436,49051
49035,-0.5379086479314446,49043,-0.634942146782059,0.8404659821066829,0.895,0.4184,0.42325,0.4245,49035
49045,-0.5023259832438806,49049,-0.6446720095442424,0.8404659821066829,0.895,0.4464,0.4475,0.454625,49045
49045,-0.5023259832438806,32033,-0.6469339888366263,0.8404659821066829,0.895,0.4542,0.461125,0.464875,49045
49045,-0.5023259832438806,49003,-0.9509089973937127,0.8404659821066829,0.895,0.7436,0.742625,0.755875,49045
49045,-0.5023259832438806,32007,-0.235798344487947,0.8404659821066829,0.895,0.5692,0.573125,0.564625,32007
49049,-0.6446720095442424,49051,-0.415411764587122,0.8404659821066829,0.895,0.5151,0.5165,0.521125,49051
49049,-0.6446720095442424,49013,-0.5558925833130988,0.8404659821066829,0.895,0.4196,0.430125,0.41225,49013
49049,-0.6446720095442424,49039,-0.9673814090579552,0.8404659821066829,0.895,0.6129,0.6195,0.633125,49049
50027,0.16106359523121386,33009,0.032048581818159186,0.8404659821066829,0.895,0.4416,0.44575,0.446625,50027
50027,0.16106359523121386,50017,0.08330410882645524,0.8404659821066829,0.895,0.4096,0.42225,0.409375,50027
50027,0.16106359523121386,50001,0.126132063891754,0.8404659821066829,0.895,0.4088,0.409875,0.405375,50027
50027,0.16106359523121386,50025,0.13882444523489412,0.8404659821066829,0.895,0.4008,0.403625,0.405,50027
50027,0.16106359523121386,50003,0.14502224456022975,0.8404659821066829,0.895,0.3969,0.400625,0.406375,50027
50027,0.16106359523121386,50021,0.21267455191982398,0.8404659821066829,0.895,0.4037,0.405625,0.408375,50021
50027,0.16106359523121386,33019,0.2629931180293304,0.8404659821066829,0.895,0.4311,0.42375,0.430125,33019
51019,-0.168237668833424,51067,-0.29470142220944195,0.8404659821066829,0.895,0.4404,0.43825,0.442625,51019
51019,-0.168237668833424,51143,-0.043546116575709,0.8404659821066829,0.895,0.4391,0.441,0.436,51143
51019,-0.168237668833424,51161,-0.18854648543385297,0.8404659821066829,0.895,0.4017,0.394125,0.403375,51019
51019,-0.168237668833424,51031,0.027271326464994708,0.8404659821066829,0.895,0.491,0.50425,0.5085,51031
51019,-0.168237668833424,51009,0.09138916971032462,0.8404659821066829,0.895,0.5551,0.5595,0.55125,51009
51019,-0.168237668833424,51023,-0.33578352720627275,0.8404659821066829,0.895,0.4626,0.4645,0.4675,51019
51019,-0.168237668833424,51163,-0.1998385329414436,0.8404659821066829,0.895,0.3992,0.399,0.40075,51019
51019,-0.168237668833424,51680,0.29719848728936127,0.8404659821066829,0.895,0.7286,0.73375,0.732625,51680
51029,-0.21359162931149758,51125,0.2458031358733284,0.8404659821066829,0.895,0.7361,0.764875,0.766,51125
51029,-0.21359162931149758,51011,-0.04365758535995569,0.8404659821066829,0.895,0.4592,0.477625,0.475625,51011
51029,-0.21359162931149758,51065,-0.16632222829676835,0.8404659821066829,0.895,0.4048,0.40775,0.4095,51065
51029,-0.21359162931149758,51147,0.028815132458231908,0.8404659821066829,0.895,0.5249,0.55225,0.54025,51147
51029,-0.21359162931149758,51049,-0.053447712715198756,0.8404659821066829,0.895,0.4578,0.459875,0.458625,51049
51029,-0.21359162931149758,51003,0.0648142861109723,0.8404659821066829,0.895,0.5685,0.602375,0.614125,51003
51037,0.17453784673375763,51117,-0.09569163290113665,0.8404659821066829,0.895,0.5568,0.575875,0.568875,51037
51037,0.17453784673375763,51031,0.027271326464994708,0.8404659821066829,0.895,0.4522,0.459125,0.444125,51037
51037,0.17453784673375763,51111,-0.24649532798380297,0.8404659821066829,0.895,0.6902,0.715875,0.700875,51037
51037,0.17453784673375763,51083,-0.009753999842351951,0.8404659821066829,0.895,0.4757,0.4875,0.49025,51037
51037,0.17453784673375763,51011,-0.04365758535995569,0.8404659821066829,0.895,0.5089,0.5155,0.50975,51037
51037,0.17453784673375763,51147,0.028815132458231908,0.8404659821066829,0.895,0.4496,0.456375,0.453,51037
51041,0.25712575135043075,51053,0.2110362335307404,0.8404659821066829,0.895,0.4116,0.41025,0.4065,51041
51041,0.25712575135043075,51087,0.1977497793575381,0.8404659821066829,0.895,0.4126,0.412625,0.425125,51041
51041,0.25712575135043075,51007,0.48489445225035505,0.8404659821066829,0.895,0.5244,0.5215,0.52125,51007
51041,0.25712575135043075,51036,0.06672610568727952,0.8404659821066829,0.895,0.4911,0.490375,0.483125,51041
51041,0.25712575135043075,51145,0.22544426303581985,0.8404659821066829,0.895,0.4024,0.40625,0.40725,51041
51041,0.25712575135043075,51149,0.04385672351062501,0.8404659821066829,0.895,0.5102,0.533,0.531375,51041
51041,0.25712575135043075,51670,0.9723079423161689,0.8404659821066829,0.895,0.8989,0.901875,0.892125,51670
51041,0.25712575135043075,51730,0.479996718735049,0.8404659821066829,0.895,0.5087,0.50625,0.50925,51730
51041,0.25712575135043075,51760,0.4355662838688139,0.8404659821066829,0.895,0.4628,0.47325,0.467125,51760
51041,0.25712575135043075,51570,-0.03253735231412665,0.8404659821066829,0.895,0.5567,0.56975,0.57525,51041
51053,0.2110362335307404,51007,0.48489445225035505,0.8404659821066829,0.895,0.5604,0.565,0.57575,51007
51053,0.2110362335307404,51081,-0.026134780365490138,0.8404659821066829,0.895,0.5199,0.551125,0.544375,51053
51053,0.2110362335307404,51149,0.04385672351062501,0.8404659821066829,0.895,0.4685,0.478,0.47475,51053
51053,0.2110362335307404,51183,0.21664902488383492,0.8404659821066829,0.895,0.3927,0.39975,0.397,51183
51053,0.2110362335307404,51025,-0.1841341211983737,0.8404659821066829,0.895,0.6996,0.706625,0.70475,51053
51053,0.2110362335307404,51730,0.479996718735049,0.8404659821066829,0.895,0.5478,0.544625,0.549375,51730
51053,0.2110362335307404,51135,0.043413798561353224,0.8404659821066829,0.895,0.4635,0.4785,0.466625,51053
51067,-0.29470142220944195,51143,-0.043546116575709,0.8404659821066829,0.895,0.533,0.5415,0.536125,51143
51067,-0.29470142220944195,51161,-0.18854648543385297,0.8404659821066829,0.895,0.4285,0.436,0.429375,51161
51067,-0.29470142220944195,51063,-0.31781195721523864,0.8404659821066829,0.895,0.4001,0.396625,0.39775,51067
51067,-0.29470142220944195,51141,-0.17359005819071313,0.8404659821066829,0.895,0.4323,0.4315,0.4415,51141
51067,-0.29470142220944195,51089,-0.18454643658182665,0.8404659821066829,0.895,0.4302,0.428,0.426,51089
51069,0.2549460604456825,51171,-0.033898748247715355,0.8404659821066829,0.895,0.5799,0.57975,0.58725,51069
51069,0.2549460604456825,51840,0.26150501807323745,0.8404659821066829,0.895,0.3982,0.395625,0.4035,51840
51069,0.2549460604456825,54031,-1.0012054795971914,0.8404659821066829,0.895,0.9996,0.999625,0.999625,51069
51069,0.2549460604456825,54065,-0.04528616031311396,0.8404659821066829,0.895,0.5829,0.606375,0.6045,51069
51069,0.2549460604456825,54003,0.3163293401830942,0.8404659821066829,0.895,0.4075,0.406875,0.403875,54003
51069,0.2549460604456825,54027,-0.5570481749093229,0.8404659821066829,0.895,0.9663,0.96975,0.97,51069
51069,0.2549460604456825,54037,0.39869552958054966,0.8404659821066829,0.895,0.4485,0.456875,0.454875,54037
51069,0.2549460604456825,51043,0.4662378454678531,0.8404659821066829,0.895,0.4948,0.5235,0.513625,51043
51069,0.2549460604456825,51187,0.420177798546294,0.8404659821066829,0.895,0.4663,0.4705,0.463125,51187
51085,0.37775945043905484,51087,0.1977497793575381,0.8404659821066829,0.895,0.4659,0.491875,0.48075,51085
51085,0.37775945043905484,51109,0.25629437922737436,0.8404659821066829,0.895,0.4367,0.436875,0.43525,51085
51085,0.37775945043905484,51127,0.4510129528919671,0.8404659821066829,0.895,0.4097,0.41875,0.41725,51127
51085,0.37775945043905484,51101,0.5046190965063477,0.8404659821066829,0.895,0.4361,0.42225,0.435375,51101
51085,0.37775945043905484,51177,0.35027052683109294,0.8404659821066829,0.895,0.4028,0.403625,0.406875,51085
51085,0.37775945043905484,51033,0.40317418282320233,0.8404659821066829,0.895,0.4025,0.406,0.4095,51033
51085,0.37775945043905484,51075,0.1133529419371439,0.8404659821066829,0.895,0.5535,0.580625,0.560625,51085
51087,0.1977497793575381,51127,0.4510129528919671,0.8404659821066829,0.895,0.5387,0.543625,0.546375,51127
51087,0.1977497793575381,51036,0.06672610568727952,0.8404659821066829,0.895,0.4398,0.43375,0.437125,51087
51087,0.1977497793575381,51075,0.1133529419371439,0.8404659821066829,0.895,0.4141,0.425625,0.414375,51087
51087,0.1977497793575381,51760,0.4355662838688139,0.8404659821066829,0.895,0.4993,0.51125,0.51225,51760
51099,0.6152804787193235,51057,0.2806241431497603,0.8404659821066829,0.895,0.5964,0.624625,0.625375,51099
51099,0.6152804787193235,51033,0.40317418282320233,0.8404659821066829,0.895,0.4899,0.4935,0.509,51099
51099,0.6152804787193235,51179,0.42343573528971673,0.8404659821066829,0.895,0.4844,0.472125,0.484875,51099
51099,0.6152804787193235,51193,0.2630932758663504,0.8404659821066829,0.895,0.5991,0.616625,0.616625,51099
51107,0.07278830128353042,24021,-0.08891329614990687,0.8404659821066829,0.895,0.4724,0.46875,0.472625,51107
51107,0.07278830128353042,24031,-0.08890978437524172,0.8404659821066829,0.895,0.4648,0.46175,0.4675,51107
51107,0.07278830128353042,51061,0.20102772512007924,0.8404659821066829,0.895,0.4384,0.446625,0.443625,51061
51107,0.07278830128353042,24043,-0.029230709267519445,0.8404659821066829,0.895,0.4257,0.4385,0.440125,51107
51107,0.07278830128353042,51059,-0.14599587603688402,0.8404659821066829,0.895,0.5171,0.51775,0.514625,51107
51107,0.07278830128353042,51153,-0.019040042665412354,0.8404659821066829,0.895,0.424,0.420125,0.417625,51107
51107,0.07278830128353042,54037,0.39869552958054966,0.8404659821066829,0.895,0.6096,0.615,0.60675,54037
51107,0.07278830128353042,51043,0.4662378454678531,0.8404659821066829,0.895,0.6723,0.694625,0.692,51043
51109,0.25629437922737436,51177,0.35027052683109294,0.8404659821066829,0.895,0.4228,0.4225,0.4205,51177
51109,0.25629437922737436,51137,0.0749232795042451,0.8404659821066829,0.895,0.4722,0.47225,0.46325,51109
51109,0.25629437922737436,51075,0.1133529419371439,0.8404659821066829,0.895,0.4492,0.456875,0.458,51109
51109,0.25629437922737436,51065,-0.16632222829676835,0.8404659821066829,0.895,0.6985,0.703875,0.702125,51109
51109,0.25629437922737436,51003,0.0648142861109723,0.8404659821066829,0.895,0.4782,0.48625,0.47875,51109
51117,-0.09569163290113665,51111,-0.24649532798380297,0.8404659821066829,0.895,0.4461,0.444625,0.45,51117
51117,-0.09569163290113665,51083,-0.009753999842351951,0.8404659821066829,0.895,0.4172,0.414,0.426375,51083
51117,-0.09569163290113665,37077,0.18362064475238526,0.8404659821066829,0.895,0.5612,0.588125,0.58475,37077
51117,-0.09569163290113665,37181,-0.03596289770155771,0.8404659821066829,0.895,0.4069,0.407375,0.402875,37181
51117,-0.09569163290113665,51025,-0.1841341211983737,0.8404659821066829,0.895,0.4226,0.41025,0.414375,51117
51117,-0.09569163290113665,37185,-0.39519340079878984,0.8404659821066829,0.895,0.5915,0.57775,0.574625,51117
51127,0.4510129528919671,51036,0.06672610568727952,0.8404659821066829,0.895,0.6668,0.674375,0.66475,51127
51127,0.4510129528919671,51101,0.5046190965063477,0.8404659821066829,0.895,0.3968,0.4015,0.405125,51101
51127,0.4510129528919671,51095,0.04059602119898653,0.8404659821066829,0.895,0.6999,0.698625,0.69225,51127
51127,0.4510129528919671,51097,0.4288669311470311,0.8404659821066829,0.895,0.4045,0.40325,0.406625,51127
51143,-0.043546116575709,51031,0.027271326464994708,0.8404659821066829,0.895,0.4143,0.41225,0.42475,51031
51143,-0.043546116575709,51083,-0.009753999842351951,0.8404659821066829,0.895,0.4061,0.40125,0.39875,51083
51143,-0.043546116575709,37033,0.005825803004990404,0.8404659821066829,0.895,0.4087,0.410875,0.4075,37033
51143,-0.043546116575709,37157,0.1715891462039523,0.8404659821066829,0.895,0.5086,0.51575,0.5135,37157
51143,-0.043546116575709,51590,-0.21612076045587975,0.8404659821066829,0.895,0.4579,0.459875,0.455,51143
51143,-0.043546116575709,51089,-0.18454643658182665,0.8404659821066829,0.895,0.4462,0.45475,0.448375,51143
51155,0.19406059454820007,51035,0.07432784432048181,0.8404659821066829,0.895,0.4325,0.43225,0.43,51155
51155,0.19406059454820007,51121,0.07969829342974061,0.8404659821066829,0.895,0.4294,0.424,0.415875,51155
51155,0.19406059454820007,51063,-0.31781195721523864,0.8404659821066829,0.895,0.7987,0.785375,0.787625,51155
51155,0.19406059454820007,51021,0.17772131517951303,0.8404659821066829,0.895,0.4056,0.403375,0.40125,51155
51155,0.19406059454820007,51750,0.6828323151410688,0.8404659821066829,0.895,0.724,0.7585,0.76175,51750
51155,0.19406059454820007,51197,0.17724082335426497,0.8404659821066829,0.895,0.4016,0.39725,0.392875,51155
51155,0.19406059454820007,51071,0.4029691176025482,0.8404659821066829,0.895,0.51,0.501625,0.506875,51071
51161,-0.18854648543385297,51121,0.07969829342974061,0.8404659821066829,0.895,0.5606,0.56375,0.5795,51121
51161,-0.18854648543385297,51023,-0.33578352720627275,0.8404659821066829,0.895,0.45,0.45525,0.453875,51161
51161,-0.18854648543385297,51063,-0.31781195721523864,0.8404659821066829,0.895,0.4404,0.431875,0.437125,51161
51161,-0.18854648543385297,51775,0.08072635076212814,0.8404659821066829,0.895,0.5295,0.530625,0.53175,51775
51161,-0.18854648543385297,51045,-0.089906539794749,0.8404659821066829,0.895,0.4229,0.427625,0.423,51045
51161,-0.18854648543385297,51770,0.29273331712292455,0.8404659821066829,0.895,0.7217,0.72275,0.724875,51770
51171,-0.033898748247715355,54031,-1.0012054795971914,0.8404659821066829,0.895,0.9834,0.99,0.9885,51171
51171,-0.033898748247715355,51139,-0.24056847391025157,0.8404659821066829,0.895,0.4881,0.491375,0.492375,51171
51171,-0.033898748247715355,51187,0.420177798546294,0.8404659821066829,0.895,0.7198,0.737125,0.746,51187
51171,-0.033898748247715355,51165,-0.38777107805936073,0.8404659821066829,0.895,0.6477,0.643125,0.638125,51171
51185,0.5754550502574955,51027,0.3462814302106777,0.8404659821066829,0.895,0.5089,0.519375,0.510375,51185
51185,0.5754550502574955,51167,0.6295193597217611,0.8404659821066829,0.895,0.4127,0.409875,0.40725,51167
51185,0.5754550502574955,51021,0.17772131517951303,0.8404659821066829,0.895,0.6789,0.685375,0.66825,51185
51185,0.5754550502574955,54047,0.8606798468570079,0.8404659821066829,0.895,0.5621,0.558125,0.5585,54047
51185,0.5754550502574955,51173,0.7574006881261202,0.8404659821066829,0.895,0.4768,0.490875,0.48625,51173
51185,0.5754550502574955,54055,0.24742830313204517,0.8404659821066829,0.895,0.6126,0.626875,0.61975,51185
53005,-0.13771130493396777,53025,-0.25581695673457605,0.8404659821066829,0.895,0.4331,0.434625,0.43875,53005
53005,-0.13771130493396777,53077,-0.20591695112198558,0.8404659821066829,0.895,0.4134,0.4145,0.416125,53005
53005,-0.13771130493396777,53021,-0.2468760735416561,0.8404659821066829,0.895,0.4222,0.43275,0.419125,53005
53005,-0.13771130493396777,41049,-0.37718573262528016,0.8404659821066829,0.895,0.5269,0.548375,0.5535,53005
53005,-0.13771130493396777,53039,-0.2943911053468567,0.8404659821066829,0.895,0.4614,0.471125,0.46475,53005
53005,-0.13771130493396777,53071,-0.27915904448822837,0.8404659821066829,0.895,0.4428,0.452375,0.450625,53005
53005,-0.13771130493396777,41059,-0.4252763261351747,0.8404659821066829,0.895,0.5798,0.603,0.59575,53005
53009,-0.4702513829026644,53031,-0.3670052762266674,0.8404659821066829,0.895,0.4129,0.419,0.418,53031
53011,-0.006064311510075343,53015,-0.18009352574609744,0.8404659821066829,0.895,0.4583,0.464625,0.456,53011
53011,-0.006064311510075343,53059,-0.03602004246594854,0.8404659821066829,0.895,0.3984,0.403625,0.40175,53011
53011,-0.006064311510075343,41009,0.002596467979164997,0.8404659821066829,0.895,0.3968,0.4035,0.400125,41009
53015,-0.18009352574609744,53041,-0.13326633698616921,0.8404659821066829,0.895,0.4004,0.3975,0.404375,53041
53015,-0.18009352574609744,53059,-0.03602004246594854,0.8404659821066829,0.895,0.448,0.44925,0.458875,53059
53015,-0.18009352574609744,53069,-0.5301638473149434,0.8404659821066829,0.895,0.6213,0.6385,0.628125,53015
53015,-0.18009352574609744,41009,0.002596467979164997,0.8404659821066829,0.895,0.4704,0.47125,0.470125,41009
53025,-0.25581695673457605,53037,-0.2946307298035142,0.8404659821066829,0.895,0.4002,0.3965,0.40925,53025
53025,-0.25581695673457605,53043,-0.4138292034761045,0.8404659821066829,0.895,0.4599,0.464875,0.47225,53025
53025,-0.25581695673457605,53047,-0.2959614678754281,0.8404659821066829,0.895,0.398,0.40175,0.40175,53025
53025,-0.25581695673457605,53077,-0.20591695112198558,0.8404659821066829,0.895,0.3966,0.40475,0.405875,53077
53025,-0.25581695673457605,53021,-0.2468760735416561,0.8404659821066829,0.895,0.403,0.4025,0.397125,53021
53025,-0.25581695673457605,53017,-0.520027354246782,0.8404659821066829,0.895,0.5428,0.547,0.545125,53025
53025,-0.25581695673457605,53001,-0.458517006809693,0.8404659821066829,0.895,0.4838,0.4935,0.493375,53025
53031,-0.3670052762266674,53045,-0.10727226030831978,0.8404659821066829,0.895,0.52,0.52425,0.52125,53045
53031,-0.3670052762266674,53027,0.12908944288052257,0.8404659821066829,0.895,0.7352,0.743375,0.741375,53027
53037,-0.2946307298035142,53077,-0.20591695112198558,0.8404659821066829,0.895,0.4169,0.411,0.419375,53077
53037,-0.2946307298035142,53007,-0.3569826977187027,0.8404659821066829,0.895,0.4098,0.40875,0.412,53037
53037,-0.2946307298035142,53017,-0.520027354246782,0.8404659821066829,0.895,0.5009,0.5,0.50525,53037
53037,-0.2946307298035142,53033,-0.1423722066922937,0.8404659821066829,0.895,0.448,0.443625,0.442375,53033
53045,-0.10727226030831978,53035,-0.14721769347879418,0.8404659821066829,0.895,0.4051,0.405875,0.4,53045
53045,-0.10727226030831978,53053,-0.04375682644999376,0.8404659821066829,0.895,0.4117,0.407875,0.408875,53053
53045,-0.10727226030831978,53067,0.004568793642174722,0.8404659821066829,0.895,0.4277,0.416625,0.429125,53067
53045,-0.10727226030831978,53027,0.12908944288052257,0.8404659821066829,0.895,0.5116,0.5185,0.508625,53027
53061,-0.28577842438254275,53057,-0.15758681073622652,0.8404659821066829,0.895,0.4301,0.437875,0.436375,53057
53061,-0.28577842438254275,53007,-0.3569826977187027,0.8404659821066829,0.895,0.4099,0.397,0.40725,53061
53061,-0.28577842438254275,53029,-0.6496678269526128,0.8404659821066829,0.895,0.5838,0.586375,0.57425,53061
53061,-0.28577842438254275,53033,-0.1423722066922937,0.8404659821066829,0.895,0.4392,0.436875,0.453375,53033
54007,-0.0485793312065652,54021,-0.24458249401944204,0.8404659821066829,0.895,0.4786,0.475875,0.48175,54007
54007,-0.0485793312065652,54041,0.3510459730856916,0.8404659821066829,0.895,0.6743,0.703375,0.69,54041
54007,-0.0485793312065652,54067,0.13869225273348668,0.8404659821066829,0.895,0.4751,0.484375,0.4785,54067
54007,-0.0485793312065652,54013,0.10931268063422551,0.8404659821066829,0.895,0.4579,0.472,0.46025,54013
54007,-0.0485793312065652,54015,0.46849982007531343,0.8404659821066829,0.895,0.7843,0.78425,0.78525,54015
54007,-0.0485793312065652,54101,0.09955417896719063,0.8404659821066829,0.895,0.4501,0.450625,0.458125,54101
54017,-0.11063132307554428,54033,0.22696624016555825,0.8404659821066829,0.895,0.6244,0.631625,0.64075,54033
54017,-0.11063132307554428,54021,-0.24458249401944204,0.8404659821066829,0.895,0.4304,0.43875,0.446875,54017
54017,-0.11063132307554428,54041,0.3510459730856916,0.8404659821066829,0.895,0.7381,0.7615,0.754125,54041
54017,-0.11063132307554428,54095,0.1828942002207194,0.8404659821066829,0.895,0.5733,0.56875,0.5765,54095
54017,-0.11063132307554428,54085,-0.07154780103931209,0.8404659821066829,0.895,0.4046,0.4025,0.397375,54085
54017,-0.11063132307554428,54103,0.10794490154296948,0.8404659821066829,0.895,0.5191,0.51675,0.524,54103
54033,0.22696624016555825,54001,-0.4376679014815452,0.8404659821066829,0.895,0.9065,0.91825,0.920125,54033
54033,0.22696624016555825,54041,0.3510459730856916,0.8404659821066829,0.895,0.4364,0.438875,0.433375,54041
54033,0.22696624016555825,54103,0.10794490154296948,0.8404659821066829,0.895,0.4366,0.433,0.432625,54033
54033,0.22696624016555825,54049,0.35942036456101795,0.8404659821066829,0.895,0.4389,0.444,0.449875,54049
54033,0.22696624016555825,54091,-0.1000093776728652,0.8404659821066829,0.895,0.598,0.609,0.612375,54033
54033,0.22696624016555825,54097,-0.08518017293614867,0.8404659821066829,0.895,0.5854,0.59475,0.60525,54033
54063,-0.09170246104242767,51005,0.1709774452681424,0.8404659821066829,0.895,0.5414,0.569,0.565,51005
54063,-0.09170246104242767,54025,0.049764021026007584,0.8404659821066829,0.895,0.4451,0.443125,0.44825,54025
54063,-0.09170246104242767,51045,-0.089906539794749,0.8404659821066829,0.895,0.3991,0.405375,0.400125,51045
54063,-0.09170246104242767,54089,-0.20746143409278084,0.8404659821066829,0.895,0.424,0.42675,0.439125,54063
54063,-0.09170246104242767,51071,0.4029691176025482,0.8404659821066829,0.895,0.7641,0.787875,0.796125,51071
54073,0.13533132415190116,54107,-0.011022793038237257,0.8404659821066829,0.895,0.4509,0.45275,0.451625,54073
54073,0.13533132415190116,54095,0.1828942002207194,0.8404659821066829,0.895,0.407,0.410125,0.409375,54095
54073,0.13533132415190116,39167,-0.014181424509266481,0.8404659821066829,0.895,0.4444,0.44675,0.444875,54073
54073,0.13533132415190116,54085,-0.07154780103931209,0.8404659821066829,0.895,0.491,0.489,0.488125,54073
54087,-0.11327532714846125,54039,0.3871652992128631,0.8404659821066829,0.895,0.794,0.808,0.80475,54039
54087,-0.11327532714846125,54013,0.10931268063422551,0.8404659821066829,0.895,0.4981,0.51975,0.5185,54013
54087,-0.11327532714846125,54015,0.46849982007531343,0.8404659821066829,0.895,0.832,0.83025,0.832125,54015
54087,-0.11327532714846125,54105,0.29902984758039364,0.8404659821066829,0.895,0.6799,0.694125,0.700625,54105
54087,-0.11327532714846125,54035,0.052267090463046645,0.8404659821066829,0.895,0.4643,0.4745,0.474375,54035
54093,-0.7188237228131895,54001,-0.4376679014815452,0.8404659821066829,0.895,0.5454,0.544875,0.55775,54001
54093,-0.7188237228131895,54083,-0.6432065215198334,0.8404659821066829,0.895,0.4102,0.41025,0.414875,54083
54093,-0.7188237228131895,54023,-1.2861390299749085,0.8404659821066829,0.895,0.8247,0.83325,0.83225,54093
54093,-0.7188237228131895,54077,-0.7462895838730458,0.8404659821066829,0.895,0.4029,0.39625,0.412125,54093
54107,-0.011022793038237257,39167,-0.014181424509266481,0.8404659821066829,0.895,0.4006,0.396875,0.39175,54107
54107,-0.011022793038237257,54085,-0.07154780103931209,0.8404659821066829,0.895,0.4076,0.4085,0.41125,54107
54107,-0.011022793038237257,54105,0.29902984758039364,0.8404659821066829,0.895,0.5894,0.606875,0.606125,54105
54107,-0.011022793038237257,39105,0.24487180256570618,0.8404659821066829,0.895,0.5495,0.5585,0.5535,39105
54107,-0.011022793038237257,54035,0.052267090463046645,0.8404659821066829,0.895,0.4066,0.415625,0.414875,54035
54107,-0.011022793038237257,39009,0.3070867767266297,0.8404659821066829,0.895,0.617,0.62375,0.636125,39009
55023,-0.3790904769468348,55043,-0.3819532053426331,0.8404659821066829,0.895,0.3975,0.392875,0.395125,55023
55023,-0.3790904769468348,19043,-0.5837347638825069,0.8404659821066829,0.895,0.4834,0.484875,0.484125,55023
55023,-0.3790904769468348,19005,-0.7286113032133827,0.8404659821066829,0.895,0.6261,0.625875,0.618625,55023
55023,-0.3790904769468348,55123,-0.569353508408699,0.8404659821066829,0.895,0.4867,0.488875,0.479625,55023
55023,-0.3790904769468348,55103,-0.6692280903068296,0.8404659821066829,0.895,0.5567,0.568,0.5665,55023
55037,-0.47986950305340315,55075,-0.5652933075273023,0.8404659821066829,0.895,0.4127,0.4215,0.417625,55037
55037,-0.47986950305340315,26071,-0.3243693129858525,0.8404659821066829,0.895,0.45,0.45125,0.459,26071
55037,-0.47986950305340315,26043,-0.582585989262291,0.8404659821066829,0.895,0.4239,0.424625,0.42425,55037
55037,-0.47986950305340315,55041,-0.4068353632132603,0.8404659821066829,0.895,0.413,0.40725,0.411375,55041
55129,0.1864434553506437,55013,0.052611967041089724,0.8404659821066829,0.895,0.4324,0.43775,0.438,55129
55129,0.1864434553506437,55005,-0.42498329575475124,0.8404659821066829,0.895,0.8501,0.852875,0.855125,55129
55129,0.1864434553506437,55031,0.15114134410603428,0.8404659821066829,0.895,0.4033,0.40375,0.400375,55129
55129,0.1864434553506437,55113,0.040519996401158456,0.8404659821066829,0.895,0.4388,0.446875,0.437125,55129
56039,-0.48502331627845924,30031,-0.38890572149395514,0.8404659821066829,0.895,0.4267,0.427125,0.42375,30031
56039,-0.48502331627845924,56029,-0.3267587379672866,0.8404659821066829,0.895,0.465,0.466625,0.462125,56029
56039,-0.48502331627845924,56035,-0.5065010637253327,0.8404659821066829,0.895,0.403,0.402375,0.40375,56039
56039,-0.48502331627845924,56013,-0.3409067625013411,0.8404659821066829,0.895,0.4507,0.45725,0.45525,56013
56039,-0.48502331627845924,16043,-0.8811541572442413,0.8404659821066829,0.895,0.7054,0.713125,0.71925,56039
56039,-0.48502331627845924,16019,-0.8419615550339428,0.8404659821066829,0.895,0.6636,0.663625,0.6725,56039
56039,-0.48502331627845924,56023,-0.8198140368118904,0.8404659821066829,0.895,0.6346,0.668625,0.661,56039
1043,0.6489255701328864,1095,0.7885591519676913,0.8404659821066829,0.895,0.4458,0.44525,0.44825,1095
1043,0.6489255701328864,1009,0.43506745602866886,0.8404659821066829,0.895,0.5024,0.514125,0.506625,1043
1043,0.6489255701328864,1079,0.8200960902865587,0.8404659821066829,0.895,0.4661,0.46625,0.48175,1079
1043,0.6489255701328864,1133,0.8570395917123708,0.8404659821066829,0.895,0.4927,0.49,0.498875,1133
1043,0.6489255701328864,1127,1.133878737846763,0.8404659821066829,0.895,0.7708,0.7595,0.773875,1127
1043,0.6489255701328864,1103,0.4634567893497905,0.8404659821066829,0.895,0.4744,0.478375,0.471875,1043
1049,0.5185551450204889,1055,0.5888758681848516,0.8404659821066829,0.895,0.4173,0.40225,0.409,1055
1049,0.5185551450204889,1095,0.7885591519676913,0.8404659821066829,0.895,0.5629,0.556875,0.5645,1095
1049,0.5185551450204889,1071,0.8687739400996174,0.8404659821066829,0.895,0.6443,0.63475,0.643,1071
1049,0.5185551450204889,13055,0.671455918069327,0.8404659821066829,0.895,0.4464,0.466,0.454875,13055
1049,0.5185551450204889,13295,0.9489295392712018,0.8404659821066829,0.895,0.7328,0.750125,0.75575,13295
1049,0.5185551450204889,13083,1.1321672073117806,0.8404659821066829,0.895,0.8668,0.878625,0.879625,13083
1049,0.5185551450204889,1019,0.7192676107279325,0.8404659821066829,0.895,0.493,0.50425,0.501,1019
1055,0.5888758681848516,1095,0.7885591519676913,0.8404659821066829,0.895,0.4898,0.497125,0.507625,1095
1055,0.5888758681848516,1115,0.5879221671782098,0.8404659821066829,0.895,0.3987,0.403375,0.405,1055
1055,0.5888758681848516,1009,0.43506745602866886,0.8404659821066829,0.895,0.4468,0.4565,0.456625,1055
1055,0.5888758681848516,1019,0.7192676107279325,0.8404659821066829,0.895,0.4388,0.449,0.453125,1019
1055,0.5888758681848516,1015,0.7895180628265788,0.8404659821066829,0.895,0.4908,0.482125,0.497375,1015
1063,0.09470718236752766,1065,0.2761234003618082,0.8404659821066829,0.895,0.4666,0.476125,0.461125,1065
1063,0.09470718236752766,1119,-0.02071610791127784,0.8404659821066829,0.895,0.4246,0.43325,0.435,1063
1063,0.09470718236752766,1125,0.41664367126345125,0.8404659821066829,0.895,0.6072,0.616,0.608625,1125
1065,0.2761234003618082,1007,0.2587775027502421,0.8404659821066829,0.895,0.4,0.409125,0.399375,1065
1065,0.2761234003618082,1105,0.1321189548530092,0.8404659821066829,0.895,0.4433,0.46,0.447875,1065
1065,0.2761234003618082,1125,0.41664367126345125,0.8404659821066829,0.895,0.447,0.44825,0.44875,1125
1069,0.25318317772196836,1061,0.5813796431193289,0.8404659821066829,0.895,0.6111,0.623,0.632125,1061
1069,0.25318317772196836,1067,0.3700769360847274,0.8404659821066829,0.895,0.4227,0.429125,0.4275,1067
1069,0.25318317772196836,13253,0.4327324233419229,0.8404659821066829,0.895,0.4745,0.473375,0.47875,13253
1069,0.25318317772196836,1045,0.748460061092002,0.8404659821066829,0.895,0.7667,0.787125,0.774,1045
1069,0.25318317772196836,13099,0.29851968342403257,0.8404659821066829,0.895,0.4061,0.41,0.4045,13099
1069,0.25318317772196836,12063,0.24228441605523376,0.8404659821066829,0.895,0.4028,0.402375,0.39925,1069
1073,0.32350135817156805,1115,0.5879221671782098,0.8404659821066829,0.895,0.5503,0.54825,0.54475,1115
1073,0.32350135817156805,1009,0.43506745602866886,0.8404659821066829,0.895,0.4331,0.430875,0.44,1009
1073,0.32350135817156805,1007,0.2587775027502421,0.8404659821066829,0.895,0.4058,0.420375,0.41775,1073
1073,0.32350135817156805,1125,0.41664367126345125,0.8404659821066829,0.895,0.4202,0.411,0.4305,1125
1073,0.32350135817156805,1127,1.133878737846763,0.8404659821066829,0.895,0.9553,0.958125,0.958,1127
1089,0.49939167758145103,1095,0.7885591519676913,0.8404659821066829,0.895,0.5764,0.571625,0.56725,1095
1089,0.49939167758145103,1071,0.8687739400996174,0.8404659821066829,0.895,0.6534,0.6455,0.65425,1071
1089,0.49939167758145103,47051,0.1612630946667908,0.8404659821066829,0.895,0.6268,0.64075,0.64825,1089
1089,0.49939167758145103,1083,0.45994005996227716,0.8404659821066829,0.895,0.4045,0.410375,0.405375,1089
1089,0.49939167758145103,47103,0.32301256031860986,0.8404659821066829,0.895,0.4742,0.4835,0.4935,1089
1089,0.49939167758145103,1103,0.4634567893497905,0.8404659821066829,0.895,0.4047,0.39875,0.402625,1089
1095,0.7885591519676913,1009,0.43506745602866886,0.8404659821066829,0.895,0.6469,0.647375,0.663625,1095
1095,0.7885591519676913,1071,0.8687739400996174,0.8404659821066829,0.895,0.4144,0.418375,0.415125,1071
1095,0.7885591519676913,1103,0.4634567893497905,0.8404659821066829,0.895,0.6031,0.6125,0.612,1095
1099,0.03670224840610672,1003,0.15916503299965148,0.8404659821066829,0.895,0.4266,0.4465,0.442625,1003
1099,0.03670224840610672,1025,-0.15302965671841404,0.8404659821066829,0.895,0.4867,0.465625,0.480375,1099
1099,0.03670224840610672,1035,0.2129170742576729,0.8404659821066829,0.895,0.4601,0.47125,0.4655,1035
1099,0.03670224840610672,1013,0.06827129052685459,0.8404659821066829,0.895,0.3988,0.399125,0.397375,1013
1099,0.03670224840610672,1053,0.2933789511342414,0.8404659821066829,0.895,0.544,0.541,0.542375,1053
1113,0.5259157636697799,13215,0.3166532664067608,0.8404659821066829,0.895,0.4902,0.495,0.49225,1113
1113,0.5259157636697799,1011,-0.16158140649104763,0.8404659821066829,0.895,0.9046,0.91625,0.91425,1113
1113,0.5259157636697799,1081,0.5135671384122219,0.8404659821066829,0.895,0.398,0.3995,0.403375,1113
1113,0.5259157636697799,13259,0.001991475534653399,0.8404659821066829,0.895,0.8204,0.831,0.81925,1113
1113,0.5259157636697799,13053,0.9252837086538765,0.8404659821066829,0.895,0.6759,0.696375,0.6795,13053
1115,0.5879221671782098,1009,0.43506745602866886,0.8404659821066829,0.895,0.4583,0.46025,0.449125,1115
1115,0.5879221671782098,1121,0.4239719459203458,0.8404659821066829,0.895,0.4599,0.46125,0.46425,1115
1115,0.5879221671782098,1015,0.7895180628265788,0.8404659821066829,0.895,0.4853,0.484,0.485375,1015
4001,-1.7988483587576753,35031,-2.08309136641655,0.8404659821066829,0.895,0.5523,0.571875,0.57175,4001
4001,-1.7988483587576753,49037,-1.2996963979293066,0.8404659821066829,0.895,0.8226,0.83325,0.839,49037
4001,-1.7988483587576753,4009,-1.1546607112809626,0.8404659821066829,0.895,0.9027,0.901125,0.90425,4009
4001,-1.7988483587576753,4017,-1.5334742610235073,0.8404659821066829,0.895,0.5509,0.542875,0.540375,4017
4001,-1.7988483587576753,35003,-1.4394621658331619,0.8404659821066829,0.895,0.6485,0.649125,0.6525,35003
4001,-1.7988483587576753,35006,-1.4537429640441328,0.8404659821066829,0.895,0.648,0.63475,0.639,35006
4001,-1.7988483587576753,4011,-0.9385088789069453,0.8404659821066829,0.895,0.9679,0.97675,0.97425,4011
4007,-1.063825991486527,4013,-0.806183196936702,0.8404659821066829,0.895,0.5384,0.552,0.553,4013
4007,-1.063825991486527,4025,-0.87077761359991,0.8404659821066829,0.895,0.482,0.487875,0.483875,4025
4007,-1.063825991486527,4009,-1.1546607112809626,0.8404659821066829,0.895,0.4219,0.427625,0.42375,4007
4007,-1.063825991486527,4005,-1.233839563596778,0.8404659821066829,0.895,0.4652,0.469875,0.466125,4007
4007,-1.063825991486527,4017,-1.5334742610235073,0.8404659821066829,0.895,0.7423,0.76725,0.76425,4007
4013,-0.806183196936702,4025,-0.87077761359991,0.8404659821066829,0.895,0.4102,0.41775,0.411625,4013
4013,-0.806183196936702,4019,-0.838411101182692,0.8404659821066829,0.895,0.4066,0.400875,0.39975,4013
4015,-0.5535143727786317,4025,-0.87077761359991,0.8404659821066829,0.895,0.5971,0.601875,0.59725,4015
4015,-0.5535143727786317,6071,-0.5645676710839446,0.8404659821066829,0.895,0.3986,0.40525,0.394,4015
4015,-0.5535143727786317,4005,-1.233839563596778,0.8404659821066829,0.895,0.918,0.92275,0.9185,4015
4015,-0.5535143727786317,49025,-0.8395903754507186,0.8404659821066829,0.895,0.5713,0.567375,0.578125,4015
4015,-0.5535143727786317,32003,-0.2610237277324813,0.8404659821066829,0.895,0.5747,0.598875,0.59275,32003
4015,-0.5535143727786317,32017,-0.6013742017576005,0.8404659821066829,0.895,0.4094,0.403875,0.403875,4015
4015,-0.5535143727786317,49053,-0.917147648279788,0.8404659821066829,0.895,0.6357,0.6285,0.6245,4015
4025,-0.87077761359991,4005,-1.233839563596778,0.8404659821066829,0.895,0.6371,0.656125,0.64725,4025
5017,0.2062893356136613,5041,-0.044635238805134224,0.8404659821066829,0.895,0.5437,0.559125,0.539875,5017
5017,0.2062893356136613,22035,0.2970011780078259,0.8404659821066829,0.895,0.4238,0.415625,0.4215,22035
5017,0.2062893356136613,5003,0.24197248495732557,0.8404659821066829,0.895,0.4028,0.40475,0.40475,5003
5017,0.2062893356136613,22123,0.3756145687019323,0.8404659821066829,0.895,0.4678,0.46975,0.46175,22123
5017,0.2062893356136613,28055,-0.38365654636377194,0.8404659821066829,0.895,0.8653,0.871375,0.866625,5017
5017,0.2062893356136613,5043,0.10520978085929153,0.8404659821066829,0.895,0.4271,0.424,0.425625,5017
5025,0.1528227630097263,5011,0.18743844441408636,0.8404659821066829,0.895,0.395,0.405625,0.402625,5011
5025,0.1528227630097263,5039,0.381904147328674,0.8404659821066829,0.895,0.5113,0.500625,0.509625,5039
5025,0.1528227630097263,5053,0.365566213206475,0.8404659821066829,0.895,0.5034,0.504125,0.50325,5053
5025,0.1528227630097263,5079,-0.5076153646242445,0.8404659821066829,0.895,0.8898,0.906,0.905375,5025
5025,0.1528227630097263,5043,0.10520978085929153,0.8404659821066829,0.895,0.4044,0.406375,0.399,5025
5041,-0.044635238805134224,5107,0.6634726901916687,0.8404659821066829,0.895,0.9229,0.928375,0.92775,5107
5041,-0.044635238805134224,5001,0.3907987095192433,0.8404659821066829,0.895,0.7217,0.721125,0.72725,5001
5041,-0.044635238805134224,5079,-0.5076153646242445,0.8404659821066829,0.895,0.7325,0.7525,0.74425,5041
5041,-0.044635238805134224,5043,0.10520978085929153,0.8404659821066829,0.895,0.4517,0.454375,0.458375,5043
5045,0.24010253782213453,5085,0.47347193246671576,0.8404659821066829,0.895,0.5231,0.502125,0.51075,5085
5045,0.24010253782213453,5145,0.4875142452562849,0.8404659821066829,0.895,0.5335,0.5565,0.54225,5145
5045,0.24010253782213453,5023,0.01854210138800065,0.8404659821066829,0.895,0.5064,0.512625,0.51525,5045
5045,0.24010253782213453,5141,-0.09859235286720432,0.8404659821066829,0.895,0.6147,0.6375,0.639625,5045
5045,0.24010253782213453,5105,0.16665730465412684,0.8404659821066829,0.895,0.4107,0.42025,0.418,5045
5057,0.4653709653735019,5061,0.6045448912805513,0.8404659821066829,0.895,0.4449,0.436625,0.44225,5061
5057,0.4653709653735019,5081,0.5678933576046223,0.8404659821066829,0.895,0.4289,0.417,0.42175,5081
5057,0.4653709653735019,5091,0.324696070407429,0.8404659821066829,0.895,0.4514,0.4535,0.446875,5057
5057,0.4653709653735019,5073,0.6189700246240565,0.8404659821066829,0.895,0.445,0.443625,0.448375,5073
5057,0.4653709653735019,5099,0.37388661888112046,0.8404659821066829,0.895,0.4191,0.432375,0.425875,5057
5057,0.4653709653735019,5109,0.4628289554414821,0.8404659821066829,0.895,0.4021,0.405,0.403,5057
5061,0.6045448912805513,5081,0.5678933576046223,0.8404659821066829,0.895,0.4074,0.40725,0.40425,5061
5061,0.6045448912805513,5133,0.27093709354042295,0.8404659821066829,0.895,0.5905,0.568125,0.573,5061
5061,0.6045448912805513,5109,0.4628289554414821,0.8404659821066829,0.895,0.4383,0.43975,0.444875,5061
5061,0.6045448912805513,5113,0.21285064808898013,0.8404659821066829,0.895,0.6646,0.673625,0.6665,5061
5067,0.4574410815612474,5075,0.41497957747937936,0.8404659821066829,0.895,0.3998,0.4105,0.41025,5067
5067,0.4574410815612474,5147,0.7256375318174021,0.8404659821066829,0.895,0.5607,0.5535,0.56825,5147
5067,0.4574410815612474,5145,0.4875142452562849,0.8404659821066829,0.895,0.4007,0.400625,0.401875,5145
5067,0.4574410815612474,5037,0.7599050435167418,0.8404659821066829,0.895,0.5762,0.583375,0.58,5037
5067,0.4574410815612474,5031,0.17589891278960057,0.8404659821066829,0.895,0.5677,0.58475,0.576625,5067
5067,0.4574410815612474,5111,1.055128525085649,0.8404659821066829,0.895,0.8515,0.857125,0.861625,5111
5075,0.41497957747937936,5121,0.25498636150513043,0.8404659821066829,0.895,0.4618,0.462125,0.443375,5075
5075,0.41497957747937936,5055,0.14957006364330427,0.8404659821066829,0.895,0.5394,0.541875,0.5455,5075
5075,0.41497957747937936,5031,0.17589891278960057,0.8404659821066829,0.895,0.5146,0.522625,0.527375,5075
5075,0.41497957747937936,5135,-0.006378347021622772,0.8404659821066829,0.895,0.7035,0.708125,0.698625,5075
5081,0.5678933576046223,5091,0.324696070407429,0.8404659821066829,0.895,0.5323,0.527875,0.53475,5081
5081,0.5678933576046223,5133,0.27093709354042295,0.8404659821066829,0.895,0.5624,0.53675,0.55075,5081
5081,0.5678933576046223,48037,0.5701125149944238,0.8404659821066829,0.895,0.4019,0.397125,0.40625,48037
5081,0.5678933576046223,40089,0.6894557702722346,0.8404659821066829,0.895,0.4358,0.443875,0.448875,40089
5085,0.47347193246671576,5117,0.6754577092350409,0.8404659821066829,0.895,0.4874,0.49375,0.499125,5117
5085,0.47347193246671576,5001,0.3907987095192433,0.8404659821066829,0.895,0.4161,0.42225,0.42225,5085
5085,0.47347193246671576,5145,0.4875142452562849,0.8404659821066829,0.895,0.4026,0.409125,0.396625,5145
5091,0.324696070407429,48037,0.5701125149944238,0.8404659821066829,0.895,0.5318,0.553875,0.546,48037
5091,0.324696070407429,48067,0.30276830514410175,0.8404659821066829,0.895,0.4068,0.392875,0.40175,5091
5091,0.324696070407429,5073,0.6189700246240565,0.8404659821066829,0.895,0.5732,0.5815,0.581875,5073
5091,0.324696070407429,22015,0.11845525424945172,0.8404659821066829,0.895,0.5039,0.49825,0.50525,5091
5095,0.8644649804840566,5107,0.6634726901916687,0.8404659821066829,0.895,0.4911,0.487,0.485375,5095
5095,0.8644649804840566,5117,0.6754577092350409,0.8404659821066829,0.895,0.4726,0.45875,0.476125,5095
5095,0.8644649804840566,5147,0.7256375318174021,0.8404659821066829,0.895,0.4416,0.437625,0.435,5095
5095,0.8644649804840566,5001,0.3907987095192433,0.8404659821066829,0.895,0.7572,0.783125,0.76975,5095
5095,0.8644649804840566,5077,0.15874147831199306,0.8404659821066829,0.895,0.9075,0.918875,0.92375,5095
5095,0.8644649804840566,5123,0.1314119937373013,0.8404659821066829,0.895,0.924,0.93825,0.926125,5095
5107,0.6634726901916687,28143,0.6193630131312736,0.8404659821066829,0.895,0.4025,0.4055,0.40875,5107
5107,0.6634726901916687,5001,0.3907987095192433,0.8404659821066829,0.895,0.5591,0.585875,0.564125,5107
5107,0.6634726901916687,28027,0.8291356469634358,0.8404659821066829,0.895,0.4604,0.471875,0.47775,28027
5107,0.6634726901916687,5077,0.15874147831199306,0.8404659821066829,0.895,0.7814,0.7945,0.797375,5107
5117,0.6754577092350409,5147,0.7256375318174021,0.8404659821066829,0.895,0.4067,0.39625,0.406375,5147
5117,0.6754577092350409,5001,0.3907987095192433,0.8404659821066829,0.895,0.565,0.57775,0.576,5117
5117,0.6754577092350409,5145,0.4875142452562849,0.8404659821066829,0.895,0.4746,0.466625,0.478125,5117
5133,0.27093709354042295,40089,0.6894557702722346,0.8404659821066829,0.895,0.6938,0.699875,0.691875,40089
5133,0.27093709354042295,5113,0.21285064808898013,0.8404659821066829,0.895,0.4039,0.420625,0.415625,5133
5147,0.7256375318174021,5145,0.4875142452562849,0.8404659821066829,0.895,0.5227,0.525125,0.536375,5147
5147,0.7256375318174021,5037,0.7599050435167418,0.8404659821066829,0.895,0.4049,0.39575,0.40325,5037
5147,0.7256375318174021,5123,0.1314119937373013,0.8404659821066829,0.895,0.842,0.8625,0.863375,5147
6045,-0.4297607567718782,6105,-0.18677938618983422,0.8404659821066829,0.895,0.521,0.523875,0.52275,6105
6045,-0.4297607567718782,6023,-0.33379846582826467,0.8404659821066829,0.895,0.4174,0.4145,0.414875,6023
6045,-0.4297607567718782,6033,-0.08777556025342984,0.8404659821066829,0.895,0.6247,0.616625,0.629625,6033
6045,-0.4297607567718782,6103,-0.3690334978955437,0.8404659821066829,0.895,0.4081,0.405375,0.4045,6103
6045,-0.4297607567718782,6097,-0.2902395026310515,0.8404659821066829,0.895,0.4454,0.443625,0.448,6097
6051,-0.7475365116011009,6109,-0.6966412801013979,0.8404659821066829,0.895,0.4105,0.404375,0.40325,6109
6051,-0.7475365116011009,6039,-0.9223243320806643,0.8404659821066829,0.895,0.4687,0.476875,0.47325,6051
6051,-0.7475365116011009,6003,-0.4374519828455079,0.8404659821066829,0.895,0.6025,0.596375,0.604125,6003
6051,-0.7475365116011009,32009,-0.29263041934562745,0.8404659821066829,0.895,0.74,0.7375,0.737375,32009
6051,-0.7475365116011009,32019,-0.19792177302693517,0.8404659821066829,0.895,0.8427,0.8565,0.848125,32019
6051,-0.7475365116011009,32005,-0.4827681024975699,0.8404659821066829,0.895,0.5599,0.567875,0.56325,32005
6051,-0.7475365116011009,32021,-0.24051855507644013,0.8404659821066829,0.895,0.8036,0.77925,0.77625,32021
6055,-0.03744715836766145,6095,-0.15296520749851739,0.8404659821066829,0.895,0.4256,0.434125,0.428875,6055
6055,-0.03744715836766145,6113,-0.18208292419945357,0.8404659821066829,0.895,0.4414,0.4405,0.440875,6055
6055,-0.03744715836766145,6033,-0.08777556025342984,0.8404659821066829,0.895,0.401,0.408875,0.4065,6055
6055,-0.03744715836766145,6097,-0.2902395026310515,0.8404659821066829,0.895,0.5249,0.535625,0.538125,6055
6059,-0.3582702822173834,6065,-0.6392538130993678,0.8404659821066829,0.895,0.5519,0.550125,0.5525,6059
6059,-0.3582702822173834,6071,-0.5645676710839446,0.8404659821066829,0.895,0.4914,0.4895,0.511625,6059
6059,-0.3582702822173834,6073,-0.4013512346393616,0.8404659821066829,0.895,0.409,0.407125,0.396,6059
6065,-0.6392538130993678,6071,-0.5645676710839446,0.8404659821066829,0.895,0.4195,0.414625,0.41075,6071
6065,-0.6392538130993678,6073,-0.4013512346393616,0.8404659821066829,0.895,0.5035,0.512875,0.49175,6073
6065,-0.6392538130993678,6025,-0.9864525765304408,0.8404659821066829,0.895,0.61,0.62075,0.615625,6065
6081,-0.3052709838804782,6085,-0.43782497584259034,0.8404659821066829,0.895,0.4323,0.438625,0.438,6081
6081,-0.3052709838804782,6075,-0.26472904993277263,0.8404659821066829,0.895,0.4,0.39925,0.399125,6075
6091,-0.6280229292934353,6115,0.042734502281288875,0.8404659821066829,0.895,0.8929,0.900875,0.908875,6115
6091,-0.6280229292934353,6057,-0.5160589938984486,0.8404659821066829,0.895,0.4237,0.430625,0.427375,6057
6091,-0.6280229292934353,32031,-0.4038858914368138,0.8404659821066829,0.895,0.5223,0.516375,0.532,32031
6091,-0.6280229292934353,6063,-0.3187045426204608,0.8404659821066829,0.895,0.5841,0.607625,0.59925,6063
6091,-0.6280229292934353,6035,-0.8683527875352298,0.8404659821066829,0.895,0.5129,0.52175,0.53025,6091
6095,-0.15296520749851739,6013,-0.3440642065060921,0.8404659821066829,0.895,0.4732,0.484625,0.48725,6095
6095,-0.15296520749851739,6113,-0.18208292419945357,0.8404659821066829,0.895,0.4025,0.40025,0.405375,6095
6095,-0.15296520749851739,6097,-0.2902395026310515,0.8404659821066829,0.895,0.4429,0.44375,0.448625,6095
6101,-0.37534946480222886,6115,0.042734502281288875,0.8404659821066829,0.895,0.6978,0.699625,0.7025,6115
6101,-0.37534946480222886,6061,-0.3263848712277482,0.8404659821066829,0.895,0.4042,0.3995,0.404625,6061
6101,-0.37534946480222886,6113,-0.18208292419945357,0.8404659821066829,0.895,0.4791,0.4865,0.484625,6113
6101,-0.37534946480222886,6007,-0.3443405100613874,0.8404659821066829,0.895,0.3991,0.403875,0.40225,6007
6105,-0.18677938618983422,6023,-0.33379846582826467,0.8404659821066829,0.895,0.433,0.449375,0.445625,6105
6105,-0.18677938618983422,6089,-0.2657010053397007,0.8404659821066829,0.895,0.4135,0.411125,0.414625,6105
6105,-0.18677938618983422,6103,-0.3690334978955437,0.8404659821066829,0.895,0.4686,0.48125,0.483875,6105
6109,-0.6966412801013979,6039,-0.9223243320806643,0.8404659821066829,0.895,0.5035,0.492125,0.498625,6109
6109,-0.6966412801013979,6043,-0.6361333677688223,0.8404659821066829,0.895,0.4058,0.41425,0.41225,6043
6109,-0.6966412801013979,6099,-0.5357031505381383,0.8404659821066829,0.895,0.4573,0.462125,0.467375,6099
6109,-0.6966412801013979,6003,-0.4374519828455079,0.8404659821066829,0.895,0.5408,0.54475,0.562625,6003
6115,0.042734502281288875,6057,-0.5160589938984486,0.8404659821066829,0.895,0.798,0.8085,0.8145,6115
6115,0.042734502281288875,6061,-0.3263848712277482,0.8404659821066829,0.895,0.6648,0.6745,0.669625,6115
6115,0.042734502281288875,6007,-0.3443405100613874,0.8404659821066829,0.895,0.6655,0.682875,0.693875,6115
6115,0.042734502281288875,6063,-0.3187045426204608,0.8404659821066829,0.895,0.645,0.641125,0.663375,6115
8013,-0.5945898686211744,8049,-1.028397952978828,0.8404659821066829,0.895,0.7305,0.74775,0.7365,8013
8013,-0.5945898686211744,8047,-0.8664641014935934,0.8404659821066829,0.895,0.5425,0.560375,0.550625,8013
8013,-0.5945898686211744,8014,-0.5955554205708953,0.8404659821066829,0.895,0.4007,0.40075,0.404125,8013
8013,-0.5945898686211744,8123,-0.6560468822307169,0.8404659821066829,0.895,0.405,0.41625,0.407375,8013
18071,0.7402579199153697,18175,0.7130661914407443,0.8404659821066829,0.895,0.406,0.405625,0.408875,18071
18071,0.7402579199153697,18013,0.18667851100183835,0.8404659821066829,0.895,0.811,0.83325,0.837,18071
18071,0.7402579199153697,18105,0.4136772499787283,0.8404659821066829,0.895,0.6085,0.6055,0.613375,18071
18071,0.7402579199153697,18005,0.5061673527569166,0.8404659821066829,0.895,0.5181,0.522625,0.533375,18071
18071,0.7402579199153697,18079,0.8149623924305477,0.8404659821066829,0.895,0.4163,0.410875,0.40825,18079
18071,0.7402579199153697,18093,0.4263690282238833,0.8404659821066829,0.895,0.594,0.608125,0.61475,18071
18071,0.7402579199153697,18143,1.5154682776650399,0.8404659821066829,0.895,0.9407,0.949625,0.942375,18143
18131,0.21848412532531383,18073,0.4115482149480615,0.8404659821066829,0.895,0.481,0.47625,0.4675,18073
18131,0.21848412532531383,18149,0.790460960543131,0.8404659821066829,0.895,0.8105,0.822125,0.816375,18149
18131,0.21848412532531383,18017,0.171006141132654,0.8404659821066829,0.895,0.4034,0.40625,0.407125,18131
18131,0.21848412532531383,18049,0.2595396262144249,0.8404659821066829,0.895,0.4024,0.409625,0.408125,18049
18131,0.21848412532531383,18181,0.4041019147070431,0.8404659821066829,0.895,0.4739,0.46575,0.47425,18181
18161,-0.08788057462191898,39017,0.04601408444326137,0.8404659821066829,0.895,0.438,0.439,0.440125,39017
18161,-0.08788057462191898,18041,0.05875489210433123,0.8404659821066829,0.895,0.4394,0.4525,0.445625,18041
18161,-0.08788057462191898,18047,-0.0345988376660177,0.8404659821066829,0.895,0.4056,0.41275,0.408625,18047
18161,-0.08788057462191898,18177,0.10191354206584882,0.8404659821066829,0.895,0.4716,0.48525,0.483875,18177
18161,-0.08788057462191898,39135,-0.21290829611544704,0.8404659821066829,0.895,0.4282,0.440625,0.44625,18161
18175,0.7130661914407443,18061,0.3889353001676942,0.8404659821066829,0.895,0.6142,0.63025,0.62625,18175
18175,0.7130661914407443,18043,0.3339280696755608,0.8404659821066829,0.895,0.6547,0.661125,0.66525,18175
18175,0.7130661914407443,18019,0.6916947294230192,0.8404659821066829,0.895,0.4051,0.410375,0.406125,18175
18175,0.7130661914407443,18025,0.4982446705942358,0.8404659821066829,0.895,0.501,0.502875,0.5165,18175
18175,0.7130661914407443,18117,0.5383197893613675,0.8404659821066829,0.895,0.4709,0.469,0.4705,18175
18175,0.7130661914407443,18093,0.4263690282238833,0.8404659821066829,0.895,0.5658,0.58975,0.575375,18175
18175,0.7130661914407443,18143,1.5154682776650399,0.8404659821066829,0.895,0.9596,0.962,0.96025,18143
19021,-0.7440450449667987,19041,-0.44264619139820915,0.8404659821066829,0.895,0.5564,0.558,0.562875,19041
19021,-0.7440450449667987,19035,-0.6576755791449136,0.8404659821066829,0.895,0.412,0.41475,0.41175,19035
19021,-0.7440450449667987,19151,-0.5587431127933558,0.8404659821066829,0.895,0.463,0.458,0.4575,19151
19021,-0.7440450449667987,19161,-0.6792336192614266,0.8404659821066829,0.895,0.404,0.402625,0.41225,19161
19063,-0.63197809968057,19059,-0.5341004310155575,0.8404659821066829,0.895,0.4203,0.421875,0.423375,19059
19063,-0.63197809968057,19147,-0.49373171469509836,0.8404659821066829,0.895,0.4353,0.436375,0.44675,19147
19063,-0.63197809968057,27063,-0.8672948464657401,0.8404659821066829,0.895,0.518,0.526,0.522375,19063
19063,-0.63197809968057,27091,-0.7504211894568781,0.8404659821066829,0.895,0.4266,0.43775,0.436625,19063
19063,-0.63197809968057,19109,-0.7413680072194241,0.8404659821066829,0.895,0.4215,0.432875,0.43525,19063
19111,0.01675787893960347,17067,-0.0009791644921145956,0.8404659821066829,0.895,0.3972,0.3945,0.401125,19111
19111,0.01675787893960347,19087,-0.28336140872453225,0.8404659821066829,0.895,0.5787,0.58075,0.594875,19111
19111,0.01675787893960347,19177,-0.1838340186300084,0.8404659821066829,0.895,0.4901,0.48525,0.48925,19111
19111,0.01675787893960347,17071,0.17000734124196865,0.8404659821066829,0.895,0.4585,0.458625,0.456625,17071
19111,0.01675787893960347,29045,0.22145949339964027,0.8404659821066829,0.895,0.4924,0.515875,0.504125,29045
19111,0.01675787893960347,19057,-0.02058467361950069,0.8404659821066829,0.895,0.4068,0.396875,0.404875,19111
19117,-0.3020296009628499,19135,0.25578216352212657,0.8404659821066829,0.895,0.8067,0.83175,0.82525,19135
19117,-0.3020296009628499,19185,-0.36686802398178997,0.8404659821066829,0.895,0.4128,0.400875,0.40775,19117
19117,-0.3020296009628499,19181,-0.19020061569847546,0.8404659821066829,0.895,0.4321,0.428625,0.433,19181
19117,-0.3020296009628499,19039,-0.3492204869258115,0.8404659821066829,0.895,0.4046,0.401375,0.407375,19117
19117,-0.3020296009628499,19125,0.04858227573046496,0.8404659821066829,0.895,0.6287,0.651875,0.64725,19125
20203,-0.2768533999298339,20075,0.08987176346636351,0.8404659821066829,0.895,0.6447,0.659625,0.667375,20075
20203,-0.2768533999298339,20199,-0.3852979113436389,0.8404659821066829,0.895,0.4301,0.436625,0.432,20203
20203,-0.2768533999298339,20171,-0.23716313892571256,0.8404659821066829,0.895,0.4058,0.40025,0.3985,20171
20203,-0.2768533999298339,20109,-0.49414122094719587,0.8404659821066829,0.895,0.5024,0.518875,0.517875,20203
21003,0.47935044049074416,47165,0.39330850864588596,0.8404659821066829,0.895,0.4211,0.4035,0.414,21003
21003,0.47935044049074416,21009,0.7169962404164509,0.8404659821066829,0.895,0.5173,0.52925,0.518375,21009
21003,0.47935044049074416,21213,0.5989359094355882,0.8404659821066829,0.895,0.4367,0.442125,0.4375,21213
21003,0.47935044049074416,21171,0.8526516822157442,0.8404659821066829,0.895,0.6585,0.67075,0.654125,21171
21003,0.47935044049074416,21227,0.7341011140176869,0.8404659821066829,0.895,0.5348,0.568125,0.543375,21227
21003,0.47935044049074416,47111,1.074223358983512,0.8404659821066829,0.895,0.8606,0.875125,0.872375,47111
21025,2.585346329404641,21119,1.7530567517633666,0.8404659821066829,0.895,0.9619,0.966875,0.96825,21025
21025,2.585346329404641,21153,1.7309109283626742,0.8404659821066829,0.895,0.9682,0.969375,0.969625,21025
21025,2.585346329404641,21193,2.652695252656433,0.8404659821066829,0.895,0.4185,0.413625,0.41375,21193
21025,2.585346329404641,21189,2.629115619899305,0.8404659821066829,0.895,0.3992,0.413875,0.4085,21189
21025,2.585346329404641,21129,2.2616031390640963,0.8404659821066829,0.895,0.6074,0.613875,0.635,21025
21029,-0.20471364768578929,21093,0.6171556838409599,0.8404659821066829,0.895,0.9593,0.97025,0.96775,21093
21029,-0.20471364768578929,21179,0.14043174225576122,0.8404659821066829,0.895,0.6183,0.6455,0.6515,21179
21029,-0.20471364768578929,21215,0.07435911381872974,0.8404659821066829,0.895,0.5439,0.58525,0.565125,21215
21029,-0.20471364768578929,21111,0.22182231930079496,0.8404659821066829,0.895,0.7001,0.742625,0.7325,21111
21033,0.7292529170094487,21055,0.7527293296771861,0.8404659821066829,0.895,0.4042,0.400125,0.402375,21055
21033,0.7292529170094487,21107,0.7201257073881949,0.8404659821066829,0.895,0.3928,0.403375,0.404375,21033
21033,0.7292529170094487,21047,0.43760481663406836,0.8404659821066829,0.895,0.5707,0.563375,0.582625,21033
21033,0.7292529170094487,21221,0.7074373740266757,0.8404659821066829,0.895,0.3984,0.40125,0.397625,21033
21033,0.7292529170094487,21143,0.29024460835131116,0.8404659821066829,0.895,0.7182,0.728875,0.728875,21033
21033,0.7292529170094487,21233,0.8453662052156371,0.8404659821066829,0.895,0.4276,0.43075,0.426875,21233
21055,0.7527293296771861,21139,0.6166906230793963,0.8404659821066829,0.895,0.4434,0.456625,0.443,21055
21055,0.7527293296771861,21143,0.29024460835131116,0.8404659821066829,0.895,0.7369,0.74975,0.7515,21055
21055,0.7527293296771861,21233,0.8453662052156371,0.8404659821066829,0.895,0.418,0.423875,0.421875,21233
21055,0.7527293296771861,17069,1.2848270537288855,0.8404659821066829,0.895,0.8112,0.823125,0.816875,17069
21055,0.7527293296771861,21225,1.041809592311481,0.8404659821066829,0.895,0.5748,0.572,0.562,21225
21059,0.9170848944884606,21183,1.1527582498274878,0.8404659821066829,0.895,0.5178,0.521125,0.51375,21183
21059,0.9170848944884606,21101,0.5563255713875387,0.8404659821066829,0.895,0.6411,0.653375,0.67125,21059
21059,0.9170848944884606,18173,0.2449864328696481,0.8404659821066829,0.895,0.91,0.905625,0.9075,21059
21059,0.9170848944884606,21091,0.8240436400340423,0.8404659821066829,0.895,0.4171,0.429375,0.42575,21059
21059,0.9170848944884606,21149,1.1565216576357147,0.8404659821066829,0.895,0.5219,0.51875,0.511,21149
21065,1.5871349129819694,21109,1.4267155272155663,0.8404659821066829,0.895,0.4648,0.46025,0.4585,21065
21065,1.5871349129819694,21197,2.4286223146112644,0.8404659821066829,0.895,0.9587,0.960875,0.96575,21197
21065,1.5871349129819694,21049,0.7976024785871566,0.8404659821066829,0.895,0.9438,0.946625,0.94525,21065
21065,1.5871349129819694,21129,2.2616031390640963,0.8404659821066829,0.895,0.8972,0.901875,0.897375,21129
21069,0.4054355219534523,21205,0.8485761835087889,0.8404659821066829,0.895,0.7298,0.744375,0.751375,21205
21069,0.4054355219534523,21135,0.6891980676858668,0.8404659821066829,0.895,0.5657,0.56375,0.578625,21135
21069,0.4054355219534523,21181,1.0329603991677625,0.8404659821066829,0.895,0.8594,0.87525,0.884875,21181
21069,0.4054355219534523,21161,1.0136173117003477,0.8404659821066829,0.895,0.8594,0.8675,0.87225,21161
21069,0.4054355219534523,21201,0.745596901676924,0.8404659821066829,0.895,0.6111,0.6275,0.628875,21201
21079,0.5906490221184723,21203,1.1702446044359527,0.8404659821066829,0.895,0.8393,0.8415,0.845,21203
21079,0.5906490221184723,21167,0.6687348401217611,0.8404659821066829,0.895,0.4146,0.421625,0.41325,21167
21079,0.5906490221184723,21021,0.6263155438947563,0.8404659821066829,0.895,0.4032,0.407375,0.40425,21021
21079,0.5906490221184723,21137,1.1640922686921442,0.8404659821066829,0.895,0.8277,0.83975,0.8325,21137
21079,0.5906490221184723,21113,0.4813146830779088,0.8404659821066829,0.895,0.4277,0.429375,0.424375,21079
21089,0.5887867712568183,21135,0.6891980676858668,0.8404659821066829,0.895,0.4217,0.418875,0.4245,21135
21089,0.5887867712568183,21043,0.6134810456426322,0.8404659821066829,0.895,0.4043,0.400625,0.404375,21043
21089,0.5887867712568183,21019,0.30291306136140733,0.8404659821066829,0.895,0.5566,0.576125,0.554125,21089
21089,0.5887867712568183,39145,0.46492466584054365,0.8404659821066829,0.895,0.4339,0.43825,0.43975,21089
21089,0.5887867712568183,39087,0.46195159649360323,0.8404659821066829,0.895,0.4365,0.438,0.43775,21089
21095,2.0888521221781917,21193,2.652695252656433,0.8404659821066829,0.895,0.8365,0.840875,0.84675,21193
21095,2.0888521221781917,51195,1.1990614748343982,0.8404659821066829,0.895,0.9795,0.983125,0.9795,21095
21095,2.0888521221781917,51105,1.3373675078750058,0.8404659821066829,0.895,0.9369,0.939125,0.93475,21095
21109,1.4267155272155663,21203,1.1702446044359527,0.8404659821066829,0.895,0.5426,0.547625,0.539,21109
21109,1.4267155272155663,21125,0.9796171189288984,0.8404659821066829,0.895,0.7475,0.751,0.75025,21109
21109,1.4267155272155663,21189,2.629115619899305,0.8404659821066829,0.895,0.9982,0.998125,0.998625,21189
21109,1.4267155272155663,21129,2.2616031390640963,0.8404659821066829,0.895,0.9626,0.97075,0.967125,21129
21119,1.7530567517633666,21153,1.7309109283626742,0.8404659821066829,0.895,0.3984,0.40025,0.399875,21119
21119,1.7530567517633666,21193,2.652695252656433,0.8404659821066829,0.895,0.9734,0.984625,0.98025,21193
21119,1.7530567517633666,21195,1.5677469607659547,0.8404659821066829,0.895,0.4785,0.4765,0.486625,21119
21119,1.7530567517633666,21071,2.197816460870634,0.8404659821066829,0.895,0.7105,0.73475,0.73675,21071
21123,0.2833493827761485,21093,0.6171556838409599,0.8404659821066829,0.895,0.6304,0.636375,0.6325,21093
21123,0.2833493827761485,21179,0.14043174225576122,0.8404659821066829,0.895,0.4476,0.45425,0.45425,21123
21123,0.2833493827761485,21099,0.8047713387278421,0.8404659821066829,0.895,0.7973,0.8135,0.814,21099
21123,0.2833493827761485,21155,0.7303346926484597,0.8404659821066829,0.895,0.7273,0.73025,0.72875,21155
21123,0.2833493827761485,21087,0.1592552805536304,0.8404659821066829,0.895,0.4367,0.43375,0.436,21123
21139,0.6166906230793963,17151,0.3220147734240253,0.8404659821066829,0.895,0.5781,0.565375,0.570625,21139
21139,0.6166906230793963,21143,0.29024460835131116,0.8404659821066829,0.895,0.6104,0.608625,0.611,21139
21139,0.6166906230793963,17127,0.46194451295424915,0.8404659821066829,0.895,0.4494,0.446,0.4475,21139
21139,0.6166906230793963,21145,0.42746746367054567,0.8404659821066829,0.895,0.4856,0.4755,0.4745,21139
21139,0.6166906230793963,21157,0.494447056527082,0.8404659821066829,0.895,0.4362,0.422875,0.437375,21139
21139,0.6166906230793963,17069,1.2848270537288855,0.8404659821066829,0.895,0.9026,0.91725,0.918625,17069
21153,1.7309109283626742,21071,2.197816460870634,0.8404659821066829,0.895,0.7392,0.746125,0.756125,21071
21153,1.7309109283626742,21115,1.8439484199012586,0.8404659821066829,0.895,0.4267,0.427,0.4325,21115
21153,1.7309109283626742,21175,0.8096806786298646,0.8404659821066829,0.895,0.983,0.984,0.986875,21153
21165,1.132775544333376,21205,0.8485761835087889,0.8404659821066829,0.895,0.566,0.574125,0.570875,21165
21165,1.132775544333376,21197,2.4286223146112644,0.8404659821066829,0.895,0.9994,0.9995,0.999375,21197
21165,1.132775544333376,21175,0.8096806786298646,0.8404659821066829,0.895,0.6011,0.617375,0.614,21165
21165,1.132775544333376,21173,0.7374468675170927,0.8404659821066829,0.895,0.6667,0.68875,0.67325,21165
21183,1.1527582498274878,21027,0.7382724713338937,0.8404659821066829,0.895,0.7085,0.7095,0.7185,21183
21183,1.1527582498274878,21177,0.9485835998402267,0.8404659821066829,0.895,0.4927,0.496,0.492,21183
21183,1.1527582498274878,21085,0.8632774820496681,0.8404659821066829,0.895,0.5748,0.575125,0.5755,21183
21183,1.1527582498274878,21091,0.8240436400340423,0.8404659821066829,0.895,0.6036,0.61275,0.60875,21183
21183,1.1527582498274878,21149,1.1565216576357147,0.8404659821066829,0.895,0.4046,0.393875,0.39675,21149
21193,2.652695252656433,21189,2.629115619899305,0.8404659821066829,0.895,0.4017,0.405875,0.39575,21193
21195,1.5677469607659547,51027,0.3462814302106777,0.8404659821066829,0.895,0.9987,0.998875,0.999375,21195
21195,1.5677469607659547,51051,0.7903261878411587,0.8404659821066829,0.895,0.9429,0.9455,0.9405,21195
21195,1.5677469607659547,51195,1.1990614748343982,0.8404659821066829,0.895,0.6808,0.68025,0.667625,21195
21195,1.5677469607659547,21071,2.197816460870634,0.8404659821066829,0.895,0.8914,0.894875,0.9005,21071
21195,1.5677469607659547,21159,1.7387866810871078,0.8404659821066829,0.895,0.4712,0.48325,0.485625,21159
21195,1.5677469607659547,54059,1.2342858935992298,0.8404659821066829,0.895,0.6302,0.65425,0.64625,21195
21203,1.1702446044359527,21125,0.9796171189288984,0.8404659821066829,0.895,0.4788,0.484125,0.491375,21203
21203,1.1702446044359527,21137,1.1640922686921442,0.8404659821066829,0.895,0.4042,0.40225,0.397625,21203
21203,1.1702446044359527,21199,1.059944309834641,0.8404659821066829,0.895,0.4368,0.42075,0.435,21203
21205,0.8485761835087889,21063,0.5770762526741721,0.8404659821066829,0.895,0.5437,0.553,0.5725,21205
21205,0.8485761835087889,21135,0.6891980676858668,0.8404659821066829,0.895,0.4576,0.471625,0.464125,21205
21205,0.8485761835087889,21043,0.6134810456426322,0.8404659821066829,0.895,0.5232,0.515,0.533,21205
21205,0.8485761835087889,21175,0.8096806786298646,0.8404659821066829,0.895,0.406,0.401,0.404,21205
21209,0.6121100535633028,21017,0.4004885275335525,0.8404659821066829,0.895,0.5019,0.502375,0.50425,21209
21209,0.6121100535633028,21239,0.5484404361442797,0.8404659821066829,0.895,0.4018,0.404875,0.41875,21209
21209,0.6121100535633028,21067,0.5212630576997511,0.8404659821066829,0.895,0.4198,0.41975,0.420875,21209
21209,0.6121100535633028,21073,0.9336043843337062,0.8404659821066829,0.895,0.6126,0.603125,0.61325,21073
21209,0.6121100535633028,21081,0.9839243065150891,0.8404659821066829,0.895,0.6667,0.672375,0.6675,21081
21229,-0.0006031811556242607,21179,0.14043174225576122,0.8404659821066829,0.895,0.4507,0.44275,0.439625,21179
21229,-0.0006031811556242607,21167,0.6687348401217611,0.8404659821066829,0.895,0.8941,0.9005,0.9025,21167
21229,-0.0006031811556242607,21005,0.47561926234659224,0.8404659821066829,0.895,0.756,0.764625,0.752625,21005
21229,-0.0006031811556242607,21155,0.7303346926484597,0.8404659821066829,0.895,0.9182,0.928875,0.925125,21155
21229,-0.0006031811556242607,21021,0.6263155438947563,0.8404659821066829,0.895,0.8641,0.883,0.87775,21021
22033,0.17187547753982277,22063,0.2903658583017884,0.8404659821066829,0.895,0.434,0.422125,0.43425,22063
22033,0.17187547753982277,22091,0.08311315373373736,0.8404659821066829,0.895,0.4205,0.419625,0.424875,22033
22033,0.17187547753982277,22121,0.3476168462955315,0.8404659821066829,0.895,0.4631,0.45875,0.464125,22121
22033,0.17187547753982277,22047,0.18653941670679475,0.8404659821066829,0.895,0.4059,0.399,0.4,22047
22035,0.2970011780078259,22123,0.3756145687019323,0.8404659821066829,0.895,0.4154,0.41,0.415125,22123
22035,0.2970011780078259,28055,-0.38365654636377194,0.8404659821066829,0.895,0.9014,0.90775,0.904625,22035
22035,0.2970011780078259,22065,0.13642390320016312,0.8404659821066829,0.895,0.4582,0.455125,0.462,22035
22035,0.2970011780078259,22083,0.34375618211335374,0.8404659821066829,0.895,0.413,0.410125,0.406,22083
22035,0.2970011780078259,28149,0.03203393465213164,0.8404659821066829,0.895,0.5542,0.561,0.555875,22035
22039,-0.03370143788564502,22079,-0.01715191617004009,0.8404659821066829,0.895,0.4022,0.39675,0.401125,22079
22039,-0.03370143788564502,22009,0.08875232746680589,0.8404659821066829,0.895,0.4367,0.437125,0.436125,22009
22039,-0.03370143788564502,22097,0.04769900317789133,0.8404659821066829,0.895,0.4119,0.4225,0.418125,22097
22039,-0.03370143788564502,22001,0.17664596660294246,0.8404659821066829,0.895,0.4878,0.486875,0.4905,22001
22039,-0.03370143788564502,22053,0.1242967443812412,0.8404659821066829,0.895,0.4516,0.4475,0.455625,22053
22039,-0.03370143788564502,22003,-0.4635751582094879,0.8404659821066829,0.895,0.7031,0.72,0.719625,22039
22043,0.6505056555162657,22059,0.6638968955630309,0.8404659821066829,0.895,0.3988,0.395625,0.40825,22059
22043,0.6505056555162657,22079,-0.01715191617004009,0.8404659821066829,0.895,0.8904,0.89825,0.896,22043
22045,0.07584886383835972,22055,-0.10452847690598642,0.8404659821066829,0.895,0.4673,0.47375,0.45725,22045
22045,0.07584886383835972,22099,-0.024817977174912256,0.8404659821066829,0.895,0.4266,0.428125,0.422875,22045
22045,0.07584886383835972,22101,-0.24874611296737056,0.8404659821066829,0.895,0.5936,0.612125,0.5775,22045
22045,0.07584886383835972,22007,-0.14993518658754507,0.8404659821066829,0.895,0.5155,0.519,0.525625,22045
22045,0.07584886383835972,22047,0.18653941670679475,0.8404659821066829,0.895,0.4359,0.436875,0.428875,22047
22055,-0.10452847690598642,22099,-0.024817977174912256,0.8404659821066829,0.895,0.4134,0.41975,0.414,22099
22055,-0.10452847690598642,22097,0.04769900317789133,0.8404659821066829,0.895,0.448,0.451,0.445375,22097
22055,-0.10452847690598642,22001,0.17664596660294246,0.8404659821066829,0.895,0.552,0.54375,0.549125,22001
22059,0.6638968955630309,22079,-0.01715191617004009,0.8404659821066829,0.895,0.9137,0.92225,0.91225,22059
22059,0.6638968955630309,22009,0.08875232746680589,0.8404659821066829,0.895,0.8619,0.867875,0.864,22059
22059,0.6638968955630309,22025,0.47417190955259064,0.8404659821066829,0.895,0.4754,0.48325,0.48325,22059
22059,0.6638968955630309,22021,1.1447497623087246,0.8404659821066829,0.895,0.7647,0.7765,0.778625,22021
22063,0.2903658583017884,22105,0.15725581558790358,0.8404659821066829,0.895,0.4485,0.437125,0.433625,22063
22063,0.2903658583017884,22091,0.08311315373373736,0.8404659821066829,0.895,0.4904,0.48475,0.48275,22063
22063,0.2903658583017884,22095,-0.032990639559527024,0.8404659821066829,0.895,0.6043,0.610875,0.599125,22063
22073,0.17304835780843186,22111,0.2459717263361232,0.8404659821066829,0.895,0.4106,0.41425,0.4135,22111
22073,0.17304835780843186,22083,0.34375618211335374,0.8404659821066829,0.895,0.4651,0.47475,0.470875,22083
22073,0.17304835780843186,22021,1.1447497623087246,0.8404659821066829,0.895,0.9843,0.990125,0.9905,22021
22073,0.17304835780843186,22061,0.14316722683743555,0.8404659821066829,0.895,0.3976,0.395875,0.401625,22073
22073,0.17304835780843186,22049,0.7517236891293354,0.8404659821066829,0.895,0.8319,0.845125,0.84275,22049
22079,-0.01715191617004009,22009,0.08875232746680589,0.8404659821066829,0.895,0.4277,0.43275,0.422,22009
22079,-0.01715191617004009,22115,0.5655776506113681,0.8404659821066829,0.895,0.8465,0.857375,0.84325,22115
22079,-0.01715191617004009,22003,-0.4635751582094879,0.8404659821066829,0.895,0.7264,0.754,0.741125,22079
22099,-0.024817977174912256,22101,-0.24874611296737056,0.8404659821066829,0.895,0.5045,0.53275,0.51475,22099
22099,-0.024817977174912256,22097,0.04769900317789133,0.8404659821066829,0.895,0.4169,0.4155,0.409625,22097
22099,-0.024817977174912256,22077,-0.020270118723591357,0.8404659821066829,0.895,0.3954,0.397875,0.391875,22077
22099,-0.024817977174912256,22007,-0.14993518658754507,0.8404659821066829,0.895,0.438,0.45075,0.451625,22099
22099,-0.024817977174912256,22047,0.18653941670679475,0.8404659821066829,0.895,0.4985,0.511875,0.50525,22047
22101,-0.24874611296737056,22007,-0.14993518658754507,0.8404659821066829,0.895,0.4277,0.433875,0.421125,22007
22111,0.2459717263361232,22061,0.14316722683743555,0.8404659821066829,0.895,0.421,0.418875,0.415,22111
22111,0.2459717263361232,22027,-0.27112217140743894,0.8404659821066829,0.895,0.7906,0.781625,0.79075,22111
22119,0.3262757556124313,5073,0.6189700246240565,0.8404659821066829,0.895,0.5691,0.56675,0.573625,5073
22119,0.3262757556124313,22015,0.11845525424945172,0.8404659821066829,0.895,0.4895,0.499,0.4985,22119
22119,0.3262757556124313,5027,0.307416062299263,0.8404659821066829,0.895,0.4072,0.400375,0.402,22119
22119,0.3262757556124313,22027,-0.27112217140743894,0.8404659821066829,0.895,0.8442,0.854875,0.857375,22119
23007,0.20527197033427919,23001,0.3471104427210539,0.8404659821066829,0.895,0.4455,0.437875,0.432875,23001
23007,0.20527197033427919,23011,0.32876714954477365,0.8404659821066829,0.895,0.4316,0.43375,0.433125,23011
23007,0.20527197033427919,23017,0.23218229326909928,0.8404659821066829,0.895,0.3965,0.399625,0.401875,23017
23021,0.4986930804937967,23003,0.26584713212997485,0.8404659821066829,0.895,0.4972,0.501125,0.500875,23021
23021,0.4986930804937967,23019,0.4771655739903696,0.8404659821066829,0.895,0.3998,0.39875,0.40025,23021
23027,0.29861940121010866,23015,0.336843661255202,0.8404659821066829,0.895,0.4036,0.405,0.398,23015
23027,0.29861940121010866,23013,0.1206133650102991,0.8404659821066829,0.895,0.4565,0.456625,0.458,23027
23027,0.29861940121010866,23011,0.32876714954477365,0.8404659821066829,0.895,0.4065,0.402875,0.402875,23011
23027,0.29861940121010866,23019,0.4771655739903696,0.8404659821066829,0.895,0.4703,0.468375,0.467,23019
23027,0.29861940121010866,23009,0.31667583274586103,0.8404659821066829,0.895,0.398,0.40575,0.40375,23009
24005,-0.04749216770638395,24003,0.10751889037051153,0.8404659821066829,0.895,0.4539,0.45075,0.453125,24003
24005,-0.04749216770638395,24013,0.07355727552533257,0.8404659821066829,0.895,0.4278,0.434625,0.441625,24013
24005,-0.04749216770638395,24027,-0.18131887481868084,0.8404659821066829,0.895,0.44,0.42975,0.426,24005
24005,-0.04749216770638395,42133,-0.13385874419088065,0.8404659821066829,0.895,0.4204,0.42025,0.421,24005
24005,-0.04749216770638395,24510,0.1460150293136478,0.8404659821066829,0.895,0.4727,0.458375,0.46575,24510
24011,0.2787583897057232,10001,0.0819829208956882,0.8404659821066829,0.895,0.4754,0.484625,0.48175,24011
24011,0.2787583897057232,24019,0.016575651436777753,0.8404659821066829,0.895,0.5336,0.54275,0.545,24011
24011,0.2787583897057232,10005,-0.07790683113122684,0.8404659821066829,0.895,0.6219,0.625875,0.62175,24011
24011,0.2787583897057232,24041,-0.21160263661169457,0.8404659821066829,0.895,0.7281,0.7265,0.727,24011
24011,0.2787583897057232,24035,0.2591027095882757,0.8404659821066829,0.895,0.4024,0.3995,0.403875,24011
24021,-0.08891329614990687,24031,-0.08890978437524172,0.8404659821066829,0.895,0.399,0.401125,0.398875,24031
24021,-0.08891329614990687,24013,0.07355727552533257,0.8404659821066829,0.895,0.4539,0.45575,0.462375,24013
24021,-0.08891329614990687,24043,-0.029230709267519445,0.8404659821066829,0.895,0.4133,0.39975,0.41075,24043
24021,-0.08891329614990687,24027,-0.18131887481868084,0.8404659821066829,0.895,0.4149,0.419125,0.421,24021
24021,-0.08891329614990687,42001,-0.22691035071456772,0.8404659821066829,0.895,0.4442,0.458875,0.445625,24021
24031,-0.08890978437524172,24033,-0.4505568286686889,0.8404659821066829,0.895,0.6361,0.6625,0.660625,24031
24031,-0.08890978437524172,24027,-0.18131887481868084,0.8404659821066829,0.895,0.4167,0.4235,0.4195,24031
24031,-0.08890978437524172,51059,-0.14599587603688402,0.8404659821066829,0.895,0.4039,0.409,0.406125,24031
24047,0.1677165043975497,51001,1.0873295410187744,0.8404659821066829,0.895,0.9603,0.969,0.968,51001
24047,0.1677165043975497,24045,0.37593764115824907,0.8404659821066829,0.895,0.4862,0.474375,0.479,24045
24047,0.1677165043975497,10005,-0.07790683113122684,0.8404659821066829,0.895,0.5171,0.524375,0.522125,24047
25001,-0.2521957943770584,25023,-0.11691296778150922,0.8404659821066829,0.895,0.4238,0.42225,0.422875,25023
25011,-0.10330086961320378,25027,0.03273157902051564,0.8404659821066829,0.895,0.4493,0.44575,0.44675,25027
25011,-0.10330086961320378,50025,0.13882444523489412,0.8404659821066829,0.895,0.5183,0.5415,0.53275,50025
25011,-0.10330086961320378,50003,0.14502224456022975,0.8404659821066829,0.895,0.5369,0.541,0.54475,50003
25011,-0.10330086961320378,25003,-0.15198236594838918,0.8404659821066829,0.895,0.4018,0.41375,0.408125,25011
25011,-0.10330086961320378,25015,-0.002720597196757988,0.8404659821066829,0.895,0.4205,0.42575,0.415375,25015
25011,-0.10330086961320378,33005,0.011451352475369376,0.8404659821066829,0.895,0.4329,0.43775,0.43225,33005
19163,0.04573598793221131,17161,-0.0003717152423385886,0.8404659821066829,0.895,0.4052,0.393875,0.40775,19163
19163,0.04573598793221131,19031,-0.5190458986145347,0.8404659821066829,0.895,0.8092,0.8355,0.833625,19163
19163,0.04573598793221131,19139,-0.23815650612899336,0.8404659821066829,0.895,0.5458,0.557625,0.558875,19163
19171,-0.621170923101897,19075,-0.5098286648516897,0.8404659821066829,0.895,0.4259,0.42425,0.42375,19075
19171,-0.621170923101897,19127,-0.002745045457530216,0.8404659821066829,0.895,0.8517,0.853,0.85875,19127
19171,-0.621170923101897,19013,-0.22153264977096115,0.8404659821066829,0.895,0.6759,0.684625,0.68175,19013
19171,-0.621170923101897,19011,-0.4550330600367581,0.8404659821066829,0.895,0.4623,0.459875,0.453375,19011
19171,-0.621170923101897,19157,-0.5562586149383043,0.8404659821066829,0.895,0.4059,0.409625,0.401875,19157
20009,-0.08409595174563178,20165,-0.14780985622388643,0.8404659821066829,0.895,0.4106,0.408125,0.412625,20009
20009,-0.08409595174563178,20145,-0.22557315107986342,0.8404659821066829,0.895,0.4454,0.452375,0.4545,20009
20009,-0.08409595174563178,20167,-0.2943353676204745,0.8404659821066829,0.895,0.4961,0.50025,0.501125,20009
20009,-0.08409595174563178,20053,-0.3033553289792875,0.8404659821066829,0.895,0.503,0.52475,0.512125,20009
20009,-0.08409595174563178,20185,-0.032566279948017356,0.8404659821066829,0.895,0.408,0.40575,0.40675,20185
20009,-0.08409595174563178,20159,0.13252417119033946,0.8404659821066829,0.895,0.4966,0.4925,0.49675,20159
20033,0.5095582849758754,20007,0.1914132409553301,0.8404659821066829,0.895,0.5984,0.606,0.609625,20033
20033,0.5095582849758754,20097,0.040479551112032754,0.8404659821066829,0.895,0.7349,0.745625,0.7525,20033
20033,0.5095582849758754,40059,0.14110797106022469,0.8404659821066829,0.895,0.6376,0.6525,0.642875,20033
20033,0.5095582849758754,20025,0.00389543073964127,0.8404659821066829,0.895,0.7793,0.786875,0.78775,20033
20033,0.5095582849758754,40151,-0.2394966770617426,0.8404659821066829,0.895,0.9283,0.9415,0.93825,20033
20069,-0.2777563580724924,20057,-0.1164035019908139,0.8404659821066829,0.895,0.454,0.460125,0.45475,20057
20069,-0.2777563580724924,20081,-0.28097094803784234,0.8404659821066829,0.895,0.3979,0.403,0.40025,20069
20069,-0.2777563580724924,20055,-0.27968113869238326,0.8404659821066829,0.895,0.4012,0.4005,0.39225,20069
20069,-0.2777563580724924,20119,-0.17808641084166524,0.8404659821066829,0.895,0.4178,0.417125,0.41625,20119
20069,-0.2777563580724924,20083,-0.14521653502676335,0.8404659821066829,0.895,0.4343,0.429875,0.42075,20083
20149,0.042769438246669546,20131,-0.6634794405588555,0.8404659821066829,0.895,0.9178,0.918375,0.91925,20149
20149,0.042769438246669546,20117,-0.5520892814731866,0.8404659821066829,0.895,0.8482,0.86075,0.866625,20149
20149,0.042769438246669546,20197,0.0990436342899526,0.8404659821066829,0.895,0.4083,0.40975,0.40275,20197
20149,0.042769438246669546,20085,-0.07227540347694084,0.8404659821066829,0.895,0.4333,0.441125,0.42675,20149
20149,0.042769438246669546,20177,0.13107398409784504,0.8404659821066829,0.895,0.4178,0.419125,0.408625,20177
20165,-0.14780985622388643,20145,-0.22557315107986342,0.8404659821066829,0.895,0.412,0.414625,0.422,20165
20165,-0.14780985622388643,20167,-0.2943353676204745,0.8404659821066829,0.895,0.4469,0.443375,0.44225,20165
20165,-0.14780985622388643,20051,-0.20419776219869862,0.8404659821066829,0.895,0.4027,0.409125,0.408625,20165
8027,-1.4252315374559257,8043,-1.1734685435684342,0.8404659821066829,0.895,0.5316,0.510375,0.528375,8043
8027,-1.4252315374559257,8055,-1.0279492164836905,0.8404659821066829,0.895,0.6617,0.66625,0.6805,8055
8027,-1.4252315374559257,8101,-1.0269722214081873,0.8404659821066829,0.895,0.675,0.65925,0.664125,8101
8031,-0.7142291423516417,8005,-0.5951382862417917,0.8404659821066829,0.895,0.4273,0.431375,0.42775,8005
8043,-1.1734685435684342,8041,-0.6742304569479136,0.8404659821066829,0.895,0.7787,0.792,0.809875,8041
8043,-1.1734685435684342,8101,-1.0269722214081873,0.8404659821066829,0.895,0.4552,0.451375,0.459375,8101
8043,-1.1734685435684342,8119,-1.0990782865103865,0.8404659821066829,0.895,0.4166,0.411125,0.410375,8119
8051,-0.7260658511064351,8053,-0.9064964905006094,0.8404659821066829,0.895,0.4813,0.487875,0.479375,8051
8051,-0.7260658511064351,8077,-0.4507696140258671,0.8404659821066829,0.895,0.5719,0.55375,0.56425,8077
8051,-0.7260658511064351,8091,-0.7833661239053319,0.8404659821066829,0.895,0.4076,0.412375,0.408125,8051
8051,-0.7260658511064351,8029,-0.8480010597275001,0.8404659821066829,0.895,0.4372,0.437875,0.442,8051
8051,-0.7260658511064351,8097,-0.981221322828917,0.8404659821066829,0.895,0.5432,0.543375,0.5455,8051
8051,-0.7260658511064351,8085,-0.6935820212073308,0.8404659821066829,0.895,0.4062,0.40325,0.400625,8085
8053,-0.9064964905006094,8067,-0.8578069382703117,0.8404659821066829,0.895,0.3965,0.403375,0.401375,8067
8053,-0.9064964905006094,8091,-0.7833661239053319,0.8404659821066829,0.895,0.439,0.436375,0.4285,8091
8053,-0.9064964905006094,8111,-1.071950775764415,0.8404659821066829,0.895,0.4588,0.46525,0.460875,8053
8053,-0.9064964905006094,8007,-1.240826645455704,0.8404659821066829,0.895,0.6262,0.6475,0.63,8053
8053,-0.9064964905006094,8079,-0.9751227767331678,0.8404659821066829,0.895,0.4094,0.400625,0.4115,8053
8057,-0.822956134303862,8107,-0.6264962825753065,0.8404659821066829,0.895,0.4835,0.49475,0.486125,8107
8057,-0.822956134303862,8049,-1.028397952978828,0.8404659821066829,0.895,0.4992,0.507125,0.509875,8057
8057,-0.822956134303862,56007,-0.4047153307112587,0.8404659821066829,0.895,0.7025,0.725375,0.714,56007
8057,-0.822956134303862,56001,-0.3577093298872133,0.8404659821066829,0.895,0.7373,0.751625,0.74575,56001
8067,-0.8578069382703117,8083,-0.7730500718042033,0.8404659821066829,0.895,0.407,0.41825,0.420875,8083
8067,-0.8578069382703117,8111,-1.071950775764415,0.8404659821066829,0.895,0.492,0.50525,0.491125,8067
8067,-0.8578069382703117,8007,-1.240826645455704,0.8404659821066829,0.895,0.6582,0.67675,0.66425,8067
8077,-0.4507696140258671,49019,-0.35211392554645055,0.8404659821066829,0.895,0.4281,0.426375,0.427,49019
8077,-0.4507696140258671,8029,-0.8480010597275001,0.8404659821066829,0.895,0.6466,0.668875,0.67025,8077
8077,-0.4507696140258671,8097,-0.981221322828917,0.8404659821066829,0.895,0.8062,0.799375,0.799875,8077
8077,-0.4507696140258671,8045,-0.5865589373295909,0.8404659821066829,0.895,0.4413,0.4305,0.44625,8077
8077,-0.4507696140258671,8085,-0.6935820212073308,0.8404659821066829,0.895,0.5289,0.54375,0.54225,8077
8083,-0.7730500718042033,49037,-1.2996963979293066,0.8404659821066829,0.895,0.8015,0.818125,0.8185,8083
8083,-0.7730500718042033,8033,-1.1727467589996172,0.8404659821066829,0.895,0.643,0.65875,0.66475,8083
8091,-0.7833661239053319,8111,-1.071950775764415,0.8404659821066829,0.895,0.5576,0.5605,0.552625,8091
8091,-0.7833661239053319,8113,-0.8099352404224793,0.8404659821066829,0.895,0.3983,0.403125,0.402,8091
8091,-0.7833661239053319,8085,-0.6935820212073308,0.8404659821066829,0.895,0.4181,0.415125,0.419625,8085
8107,-0.6264962825753065,8049,-1.028397952978828,0.8404659821066829,0.895,0.7073,0.734625,0.726,8107
8107,-0.6264962825753065,8045,-0.5865589373295909,0.8404659821066829,0.895,0.411,0.403875,0.40325,8045
8107,-0.6264962825753065,8037,-0.9364207807225241,0.8404659821066829,0.895,0.5916,0.59275,0.594125,8107
8107,-0.6264962825753065,8081,-0.6128080859892114,0.8404659821066829,0.895,0.4051,0.396875,0.39725,8081
8107,-0.6264962825753065,8103,-0.34708161407468713,0.8404659821066829,0.895,0.5563,0.563,0.55725,8103
8107,-0.6264962825753065,56007,-0.4047153307112587,0.8404659821066829,0.895,0.5076,0.524625,0.528625,56007
8117,-1.227057750522279,8019,-1.0422067980855811,0.8404659821066829,0.895,0.4681,0.457,0.46625,8019
8117,-1.227057750522279,8049,-1.028397952978828,0.8404659821066829,0.895,0.486,0.484,0.488125,8049
8117,-1.227057750522279,8037,-0.9364207807225241,0.8404659821066829,0.895,0.563,0.58975,0.583625,8037
8117,-1.227057750522279,8065,-1.006639650131146,0.8404659821066829,0.895,0.4957,0.500625,0.506375,8065
9001,-0.17103591510985897,9009,-0.13920532530932656,0.8404659821066829,0.895,0.4043,0.399625,0.392875,9009
9001,-0.17103591510985897,36119,-0.3807938576557692,0.8404659821066829,0.895,0.477,0.48775,0.49275,9001
9001,-0.17103591510985897,36027,-0.045291553669281254,0.8404659821066829,0.895,0.4415,0.433125,0.441375,36027
9001,-0.17103591510985897,36079,0.0010016545929707938,0.8404659821066829,0.895,0.4645,0.46425,0.468,36079
9001,-0.17103591510985897,9005,-0.1659394700018942,0.8404659821066829,0.895,0.4069,0.405375,0.397875,9005
9009,-0.13920532530932656,9003,-0.1623394463807303,0.8404659821066829,0.895,0.3997,0.40525,0.40525,9009
9009,-0.13920532530932656,9005,-0.1659394700018942,0.8404659821066829,0.895,0.3992,0.399,0.40375,9009
9011,0.011846643579973577,44009,0.19749748142775772,0.8404659821066829,0.895,0.4612,0.466125,0.465375,44009
9011,0.011846643579973577,9013,-0.0013095627101423328,0.8404659821066829,0.895,0.4018,0.40375,0.39775,9011
9011,0.011846643579973577,44003,0.1477246288022044,0.8404659821066829,0.895,0.4391,0.43975,0.43625,44003
9011,0.011846643579973577,9003,-0.1623394463807303,0.8404659821066829,0.895,0.4669,0.4705,0.475875,9011
9011,0.011846643579973577,9015,0.020519590594881305,0.8404659821066829,0.895,0.3948,0.396125,0.40175,9015
10003,0.04635071327200375,34033,0.11875072818008293,0.8404659821066829,0.895,0.4126,0.412125,0.411375,34033
10003,0.04635071327200375,42029,0.10143001226228064,0.8404659821066829,0.895,0.4047,0.4055,0.403125,42029
10003,0.04635071327200375,10001,0.0819829208956882,0.8404659821066829,0.895,0.4033,0.403125,0.397375,10001
10003,0.04635071327200375,34015,0.16355566447964756,0.8404659821066829,0.895,0.4357,0.432125,0.427,34015
10003,0.04635071327200375,24029,0.1132159983222231,0.8404659821066829,0.895,0.408,0.420125,0.41025,24029
12007,0.9235685842251378,12001,1.0351274567076667,0.8404659821066829,0.895,0.4242,0.4275,0.44225,12001
12007,0.9235685842251378,12107,0.7414614153891813,0.8404659821066829,0.895,0.4674,0.481875,0.47875,12007
12007,0.9235685842251378,12003,0.9129016020965166,0.8404659821066829,0.895,0.3997,0.404125,0.40925,12007
12007,0.9235685842251378,12019,0.6294544692908765,0.8404659821066829,0.895,0.5508,0.576875,0.566375,12007
12013,0.21254598264770638,12045,0.43355518293223394,0.8404659821066829,0.895,0.4863,0.50475,0.5075,12045
12013,0.21254598264770638,12077,0.30610957398422023,0.8404659821066829,0.895,0.4223,0.42175,0.426,12077
12013,0.21254598264770638,12005,0.6225371003218253,0.8404659821066829,0.895,0.6562,0.689375,0.695125,12005
12013,0.21254598264770638,12063,0.24228441605523376,0.8404659821066829,0.895,0.4003,0.403375,0.394125,12063
12017,0.20209978959328517,12075,0.978436049275225,0.8404659821066829,0.895,0.9225,0.933,0.942875,12075
12017,0.20209978959328517,12053,0.16985928603755532,0.8404659821066829,0.895,0.4013,0.4005,0.406,12017
12023,0.8948960959741569,12001,1.0351274567076667,0.8404659821066829,0.895,0.4479,0.456,0.454125,12001
12023,0.8948960959741569,12041,0.5090681893614828,0.8404659821066829,0.895,0.6758,0.681,0.679625,12023
12023,0.8948960959741569,12003,0.9129016020965166,0.8404659821066829,0.895,0.406,0.397375,0.40475,12003
12023,0.8948960959741569,12047,0.26950199980190775,0.8404659821066829,0.895,0.8939,0.90225,0.905375,12023
12023,0.8948960959741569,13101,0.5976205116878145,0.8404659821066829,0.895,0.5798,0.568375,0.5575,12023
12023,0.8948960959741569,13065,1.2729146960558797,0.8404659821066829,0.895,0.67,0.6815,0.687125,13065
12039,0.08189195442316835,12073,0.14309929100522062,0.8404659821066829,0.895,0.4133,0.4095,0.411875,12073
12039,0.08189195442316835,12077,0.30610957398422023,0.8404659821066829,0.895,0.5131,0.510875,0.51275,12077
12039,0.08189195442316835,13253,0.4327324233419229,0.8404659821066829,0.895,0.6362,0.645375,0.643,13253
12039,0.08189195442316835,13087,0.6169796225061562,0.8404659821066829,0.895,0.8071,0.816125,0.818875,13087
12039,0.08189195442316835,12063,0.24228441605523376,0.8404659821066829,0.895,0.4644,0.464875,0.46775,12063
12039,0.08189195442316835,13131,0.38895498463320505,0.8404659821066829,0.895,0.5877,0.600625,0.611,13131
12045,0.43355518293223394,12037,0.7553474937459618,0.8404659821066829,0.895,0.5614,0.575125,0.586625,12037
12045,0.43355518293223394,12077,0.30610957398422023,0.8404659821066829,0.895,0.4416,0.439625,0.437875,12045
12045,0.43355518293223394,12005,0.6225371003218253,0.8404659821066829,0.895,0.4681,0.469875,0.480375,12005
12065,-0.008081894903932442,12073,0.14309929100522062,0.8404659821066829,0.895,0.4536,0.452875,0.453375,12073
12065,-0.008081894903932442,13027,0.2608466063943347,0.8404659821066829,0.895,0.554,0.56225,0.56075,13027
12065,-0.008081894903932442,12123,0.44539146305603944,0.8404659821066829,0.895,0.7195,0.707875,0.70625,12123
12065,-0.008081894903932442,12129,0.5268199935097709,0.8404659821066829,0.895,0.7829,0.801625,0.782,12129
12065,-0.008081894903932442,13275,0.3939766518125241,0.8404659821066829,0.895,0.6798,0.687,0.688875,13275
12065,-0.008081894903932442,12079,0.18378986911495396,0.8404659821066829,0.895,0.4831,0.4805,0.476625,12079
12069,-0.0661945008261431,12117,-0.12102558078446116,0.8404659821066829,0.895,0.4038,0.4095,0.40625,12069
12069,-0.0661945008261431,12105,-0.23758958242014297,0.8404659821066829,0.895,0.4667,0.472375,0.474,12069
12073,0.14309929100522062,12077,0.30610957398422023,0.8404659821066829,0.895,0.4584,0.462,0.45975,12077
12073,0.14309929100522062,12129,0.5268199935097709,0.8404659821066829,0.895,0.6504,0.651,0.642875,12129
12073,0.14309929100522062,13275,0.3939766518125241,0.8404659821066829,0.895,0.538,0.534875,0.533,13275
12073,0.14309929100522062,13131,0.38895498463320505,0.8404659821066829,0.895,0.5175,0.540875,0.5345,13131
12093,0.21216360788950087,12097,-0.32743107889658224,0.8404659821066829,0.895,0.793,0.813,0.809,12093
12093,0.21216360788950087,12055,-0.5027750950750227,0.8404659821066829,0.895,0.9105,0.918625,0.923625,12093
12093,0.21216360788950087,12043,-0.5932229950507042,0.8404659821066829,0.895,0.9438,0.942875,0.948875,12093
12093,0.21216360788950087,12061,-0.06699050597750329,0.8404659821066829,0.895,0.5544,0.5615,0.555875,12093
12093,0.21216360788950087,12085,-0.1540065439151017,0.8404659821066829,0.895,0.6254,0.630625,0.615625,12093
12093,0.21216360788950087,12111,-0.12844231355814986,0.8404659821066829,0.895,0.5995,0.59425,0.599625,12093
12097,-0.32743107889658224,12009,0.08275564198164227,0.8404659821066829,0.895,0.6667,0.67025,0.673375,12009
12097,-0.32743107889658224,12105,-0.23758958242014297,0.8404659821066829,0.895,0.4191,0.416,0.41125,12105
12097,-0.32743107889658224,12061,-0.06699050597750329,0.8404659821066829,0.895,0.52,0.5365,0.53675,12061
13021,0.24906653699648923,13153,0.25340655945292256,0.8404659821066829,0.895,0.3993,0.398625,0.400875,13153
13021,0.24906653699648923,13289,0.11311847308189367,0.8404659821066829,0.895,0.4379,0.4445,0.446375,13021
13021,0.24906653699648923,13079,0.2863366534684434,0.8404659821066829,0.895,0.4036,0.39525,0.397875,13079
13021,0.24906653699648923,13207,0.008376773557630104,0.8404659821066829,0.895,0.5274,0.5385,0.52175,13021
13021,0.24906653699648923,13169,0.051527773361959774,0.8404659821066829,0.895,0.4817,0.485125,0.4905,13021
13025,0.7074985122514001,13049,0.22787218660508793,0.8404659821066829,0.895,0.7417,0.765875,0.75825,13025
13025,0.7074985122514001,13127,0.3979749413766429,0.8404659821066829,0.895,0.5716,0.57875,0.57275,13025
13025,0.7074985122514001,13229,1.005715189037733,0.8404659821066829,0.895,0.5672,0.570875,0.580375,13229
13025,0.7074985122514001,13305,0.5151972385601749,0.8404659821066829,0.895,0.4866,0.492875,0.4895,13025
13025,0.7074985122514001,13299,0.6448918094056099,0.8404659821066829,0.895,0.4086,0.405625,0.414125,13025
13027,0.2608466063943347,13185,0.3900635272643148,0.8404659821066829,0.895,0.4431,0.433375,0.44475,13185
13027,0.2608466063943347,13075,0.4423015754477712,0.8404659821066829,0.895,0.4775,0.47925,0.468375,13075
13027,0.2608466063943347,12047,0.26950199980190775,0.8404659821066829,0.895,0.4025,0.394125,0.404,12047
13027,0.2608466063943347,13071,0.4484667022503827,0.8404659821066829,0.895,0.4846,0.491375,0.489875,13071
13027,0.2608466063943347,13275,0.3939766518125241,0.8404659821066829,0.895,0.442,0.442875,0.444125,13275
13027,0.2608466063943347,12079,0.18378986911495396,0.8404659821066829,0.895,0.4124,0.423875,0.421,13027
13031,0.4560119493617707,13107,0.5029268629764765,0.8404659821066829,0.895,0.4036,0.4105,0.406375,13107
13031,0.4560119493617707,13251,0.48878655939535504,0.8404659821066829,0.895,0.4031,0.402625,0.395,13251
13031,0.4560119493617707,13103,0.6336075481460128,0.8404659821066829,0.895,0.4693,0.465875,0.478875,13103
13031,0.4560119493617707,13043,0.6269172111732251,0.8404659821066829,0.895,0.4558,0.452625,0.46475,13043
13031,0.4560119493617707,13165,0.4029479241570124,0.8404659821066829,0.895,0.4034,0.41,0.40725,13031
13031,0.4560119493617707,13109,0.4514497321647692,0.8404659821066829,0.895,0.3954,0.393375,0.407125,13031
13049,0.22787218660508793,12089,0.3945362352266347,0.8404659821066829,0.895,0.4539,0.4555,0.466125,12089
13049,0.22787218660508793,12003,0.9129016020965166,0.8404659821066829,0.895,0.912,0.924,0.9255,12003
13049,0.22787218660508793,13299,0.6448918094056099,0.8404659821066829,0.895,0.7069,0.716125,0.70925,13299
13077,0.13704618806693014,13113,-0.1268252381743058,0.8404659821066829,0.895,0.5433,0.538375,0.53225,13077
13077,0.13704618806693014,13255,0.24236388973465342,0.8404659821066829,0.895,0.4288,0.428,0.423375,13255
13077,0.13704618806693014,13285,0.11201473475213419,0.8404659821066829,0.895,0.4056,0.403125,0.394375,13077
13077,0.13704618806693014,13149,0.35165550606710355,0.8404659821066829,0.895,0.4924,0.488875,0.4995,13149
13077,0.13704618806693014,13199,-0.1423205906241513,0.8404659821066829,0.895,0.567,0.575875,0.5815,13077
13077,0.13704618806693014,13045,0.4685160642492034,0.8404659821066829,0.895,0.6333,0.63325,0.635625,13045
13107,0.5029268629764765,13163,0.3704964723864121,0.8404659821066829,0.895,0.4437,0.4455,0.45725,13107
13107,0.5029268629764765,13033,0.3057950329430147,0.8404659821066829,0.895,0.4965,0.51875,0.518125,13107
13107,0.5029268629764765,13043,0.6269172111732251,0.8404659821066829,0.895,0.436,0.44,0.428875,13043
13107,0.5029268629764765,13167,-0.09693285581545556,0.8404659821066829,0.895,0.8673,0.874875,0.876125,13107
13107,0.5029268629764765,13165,0.4029479241570124,0.8404659821066829,0.895,0.4169,0.424,0.42275,13107
13127,0.3979749413766429,13305,0.5151972385601749,0.8404659821066829,0.895,0.4329,0.426,0.425,13305
13137,0.243755341669282,13139,0.37996476278863356,0.8404659821066829,0.895,0.4489,0.445125,0.4465,13139
13137,0.243755341669282,13241,0.4539299213459791,0.8404659821066829,0.895,0.4982,0.4925,0.502375,13241
13137,0.243755341669282,13311,0.33553139441197477,0.8404659821066829,0.895,0.4189,0.4115,0.41975,13311
13137,0.243755341669282,13257,0.8629679226075485,0.8404659821066829,0.895,0.8527,0.8655,0.871,13257
13137,0.243755341669282,13281,0.23300301749194832,0.8404659821066829,0.895,0.4055,0.40275,0.398,13137
13137,0.243755341669282,45073,0.12731362308248254,0.8404659821066829,0.895,0.4308,0.452625,0.4505,13137
13137,0.243755341669282,13011,0.28362996639136717,0.8404659821066829,0.895,0.4033,0.4055,0.399625,13011
13139,0.37996476278863356,13157,0.930444717590043,0.8404659821066829,0.895,0.8252,0.823625,0.82675,13157
13139,0.37996476278863356,13311,0.33553139441197477,0.8404659821066829,0.895,0.4081,0.409,0.4095,13139
13139,0.37996476278863356,13085,0.46780888651121894,0.8404659821066829,0.895,0.416,0.42175,0.413625,13085
13139,0.37996476278863356,13117,0.13809228638474866,0.8404659821066829,0.895,0.5269,0.536,0.5455,13139
13139,0.37996476278863356,13187,0.669901876411752,0.8404659821066829,0.895,0.5696,0.583375,0.576625,13187
13139,0.37996476278863356,13011,0.28362996639136717,0.8404659821066829,0.895,0.4265,0.429,0.43,13139
13143,1.004908440834853,13233,1.1533161351127281,0.8404659821066829,0.895,0.4447,0.452375,0.449125,13233
13143,1.004908440834853,1029,0.7244369749165431,0.8404659821066829,0.895,0.5516,0.565375,0.571,13143
13143,1.004908440834853,13223,0.5632798248893227,0.8404659821066829,0.895,0.7032,0.71025,0.712375,13143
13143,1.004908440834853,13045,0.4685160642492034,0.8404659821066829,0.895,0.8004,0.806,0.822625,13143
13153,0.25340655945292256,13289,0.11311847308189367,0.8404659821066829,0.895,0.4458,0.455,0.444375,13153
13153,0.25340655945292256,13079,0.2863366534684434,0.8404659821066829,0.895,0.4009,0.399875,0.397,13079
13153,0.25340655945292256,13023,0.49433039749203855,0.8404659821066829,0.895,0.524,0.533125,0.52925,13023
13153,0.25340655945292256,13193,0.09626778044217536,0.8404659821066829,0.895,0.4623,0.464,0.46975,13153
13153,0.25340655945292256,13235,-0.32934405907454994,0.8404659821066829,0.895,0.8457,0.8655,0.8665,13153
13153,0.25340655945292256,13093,-0.6555471959901759,0.8404659821066829,0.895,0.9796,0.98425,0.989125,13153
13153,0.25340655945292256,13225,0.9369608103803001,0.8404659821066829,0.895,0.9013,0.9195,0.91025,13225
13163,0.3704964723864121,13189,0.6804312524007347,0.8404659821066829,0.895,0.5997,0.60625,0.607625,13189
13163,0.3704964723864121,13245,0.35134435368901085,0.8404659821066829,0.895,0.4011,0.398875,0.405125,13163
13163,0.3704964723864121,13033,0.3057950329430147,0.8404659821066829,0.895,0.414,0.41175,0.414875,13163
13163,0.3704964723864121,13301,0.36249380807802534,0.8404659821066829,0.895,0.3938,0.4015,0.4,13163
13163,0.3704964723864121,13303,0.09144862860910921,0.8404659821066829,0.895,0.5657,0.581625,0.59275,13163
13163,0.3704964723864121,13167,-0.09693285581545556,0.8404659821066829,0.895,0.7526,0.77475,0.771625,13163
13163,0.3704964723864121,13125,0.24161627306338643,0.8404659821066829,0.895,0.4388,0.447125,0.44975,13163
13179,0.41611292747731804,13183,0.5100894768158272,0.8404659821066829,0.895,0.419,0.41625,0.41475,13183
13179,0.41611292747731804,13267,0.7970307651648078,0.8404659821066829,0.895,0.6582,0.670625,0.664875,13267
13179,0.41611292747731804,13109,0.4514497321647692,0.8404659821066829,0.895,0.4022,0.39975,0.405375,13109
13183,0.5100894768158272,13267,0.7970307651648078,0.8404659821066829,0.895,0.5612,0.566625,0.56675,13267
13183,0.5100894768158272,13305,0.5151972385601749,0.8404659821066829,0.895,0.4031,0.401375,0.393,13305
13189,0.6804312524007347,13245,0.35134435368901085,0.8404659821066829,0.895,0.6057,0.623625,0.62425,13189
13189,0.6804312524007347,13317,0.3113020858196061,0.8404659821066829,0.895,0.6479,0.668625,0.66275,13189
13189,0.6804312524007347,13073,0.19124029883945673,0.8404659821066829,0.895,0.7568,0.768875,0.77025,13189
13189,0.6804312524007347,13301,0.36249380807802534,0.8404659821066829,0.895,0.5929,0.617125,0.6155,13189
13205,0.26143330830322253,13071,0.4484667022503827,0.8404659821066829,0.895,0.4825,0.50525,0.49625,13071
13205,0.26143330830322253,13095,0.16082945657582046,0.8404659821066829,0.895,0.4271,0.431125,0.428375,13205
13205,0.26143330830322253,13275,0.3939766518125241,0.8404659821066829,0.895,0.4398,0.444875,0.44025,13275
13205,0.26143330830322253,13087,0.6169796225061562,0.8404659821066829,0.895,0.6368,0.649375,0.63625,13087
13205,0.26143330830322253,13321,0.018138841506759876,0.8404659821066829,0.895,0.5338,0.539875,0.542125,13205
13205,0.26143330830322253,13131,0.38895498463320505,0.8404659821066829,0.895,0.4407,0.44175,0.44025,13131
13215,0.3166532664067608,13263,0.3637250588151182,0.8404659821066829,0.895,0.4075,0.406875,0.40575,13263
13215,0.3166532664067608,1081,0.5135671384122219,0.8404659821066829,0.895,0.4794,0.4935,0.48725,1081
13215,0.3166532664067608,13145,0.13408122563225197,0.8404659821066829,0.895,0.4718,0.4675,0.474625,13215
13215,0.3166532664067608,13053,0.9252837086538765,0.8404659821066829,0.895,0.8402,0.855125,0.846875,13053
13217,0.3449797930915435,13035,0.6154472011259252,0.8404659821066829,0.895,0.5523,0.564875,0.554375,13035
13217,0.3449797930915435,13159,0.20158156325028467,0.8404659821066829,0.895,0.4398,0.43975,0.444,13217
13217,0.3449797930915435,13211,0.0717297531567166,0.8404659821066829,0.895,0.5551,0.544625,0.548375,13217
13217,0.3449797930915435,13247,0.009752035386801123,0.8404659821066829,0.895,0.6114,0.5975,0.60625,13217
13217,0.3449797930915435,13297,0.3139680472883748,0.8404659821066829,0.895,0.4027,0.403875,0.399125,13217
13221,0.29279695009841816,13317,0.3113020858196061,0.8404659821066829,0.895,0.4047,0.401,0.395125,13317
13221,0.29279695009841816,13133,-0.11203860598766956,0.8404659821066829,0.895,0.6957,0.700625,0.700125,13221
13221,0.29279695009841816,13195,0.7885177036414037,0.8404659821066829,0.895,0.7876,0.79675,0.7955,13195
13221,0.29279695009841816,13265,-0.061252023063996866,0.8404659821066829,0.895,0.6406,0.639875,0.644625,13221
13221,0.29279695009841816,13219,0.20964372216837068,0.8404659821066829,0.895,0.4164,0.4145,0.408,13221
13221,0.29279695009841816,13059,0.42013337327760936,0.8404659821066829,0.895,0.4281,0.43325,0.441625,13059
13229,1.005715189037733,13305,0.5151972385601749,0.8404659821066829,0.895,0.7659,0.770875,0.779375,13229
13229,1.005715189037733,13299,0.6448918094056099,0.8404659821066829,0.895,0.6438,0.640625,0.65425,13229
13229,1.005715189037733,13005,1.2807687623789872,0.8404659821066829,0.895,0.5431,0.5575,0.54875,13005
13237,0.2543715205123961,13133,-0.11203860598766956,0.8404659821066829,0.895,0.6469,0.663875,0.6575,13237
13237,0.2543715205123961,13159,0.20158156325028467,0.8404659821066829,0.895,0.4086,0.405125,0.408375,13237
13237,0.2543715205123961,13211,0.0717297531567166,0.8404659821066829,0.895,0.47,0.478,0.483625,13237
13237,0.2543715205123961,13169,0.051527773361959774,0.8404659821066829,0.895,0.4911,0.499,0.502625,13237
13241,0.4539299213459791,37099,-0.0020098544553564628,0.8404659821066829,0.895,0.7348,0.748875,0.752,13241
13241,0.4539299213459791,37113,0.01106961533403651,0.8404659821066829,0.895,0.7209,0.742125,0.729,13241
13241,0.4539299213459791,13281,0.23300301749194832,0.8404659821066829,0.895,0.508,0.49925,0.507625,13241
13241,0.4539299213459791,45073,0.12731362308248254,0.8404659821066829,0.895,0.6189,0.638,0.6435,13241
13245,0.35134435368901085,13033,0.3057950329430147,0.8404659821066829,0.895,0.405,0.40375,0.40525,13245
13245,0.35134435368901085,13073,0.19124029883945673,0.8404659821066829,0.895,0.4562,0.45625,0.4465,13245
13245,0.35134435368901085,45003,-0.1184195175436868,0.8404659821066829,0.895,0.7532,0.773,0.787,13245
13245,0.35134435368901085,45037,-0.4357954440469279,0.8404659821066829,0.895,0.9448,0.961375,0.95675,13245
13251,0.48878655939535504,13033,0.3057950329430147,0.8404659821066829,0.895,0.4838,0.49,0.4895,13251
13251,0.48878655939535504,13103,0.6336075481460128,0.8404659821066829,0.895,0.445,0.455875,0.458625,13103
13251,0.48878655939535504,45005,-0.09884974834823695,0.8404659821066829,0.895,0.8424,0.87075,0.87025,13251
13251,0.48878655939535504,45049,0.07491354248441807,0.8404659821066829,0.895,0.7011,0.706625,0.712625,13251
13251,0.48878655939535504,13165,0.4029479241570124,0.8404659821066829,0.895,0.4171,0.416375,0.406375,13251
13261,0.029292324172918154,13249,0.21891013278963173,0.8404659821066829,0.895,0.4759,0.482,0.486875,13249
13261,0.029292324172918154,13307,-0.0742961059621821,0.8404659821066829,0.895,0.4207,0.415125,0.429875,13261
13261,0.029292324172918154,13193,0.09626778044217536,0.8404659821066829,0.895,0.4084,0.412625,0.42,13193
13261,0.029292324172918154,13093,-0.6555471959901759,0.8404659821066829,0.895,0.9136,0.91925,0.925375,13261
13261,0.029292324172918154,13177,0.41897276743801576,0.8404659821066829,0.895,0.6679,0.69225,0.688,13177
13261,0.029292324172918154,13197,-0.1955424171163471,0.8404659821066829,0.895,0.5211,0.518,0.509875,13261
13261,0.029292324172918154,13273,0.31290327519673367,0.8404659821066829,0.895,0.5797,0.577375,0.5675,13273
13261,0.029292324172918154,13081,-0.070539363429582,0.8404659821066829,0.895,0.4176,0.419875,0.424125,13261
13267,0.7970307651648078,13305,0.5151972385601749,0.8404659821066829,0.895,0.5737,0.591125,0.591,13267
13267,0.7970307651648078,13043,0.6269172111732251,0.8404659821066829,0.895,0.4684,0.46575,0.46125,13267
13267,0.7970307651648078,13109,0.4514497321647692,0.8404659821066829,0.895,0.6261,0.63725,0.635,13267
13315,0.01639742474027564,13271,0.25197116052266877,0.8404659821066829,0.895,0.5159,0.536875,0.533,13271
13315,0.01639742474027564,13287,0.18626772486938922,0.8404659821066829,0.895,0.4623,0.474625,0.473375,13287
13315,0.01639742474027564,13235,-0.32934405907454994,0.8404659821066829,0.895,0.6323,0.632625,0.624625,13315
13315,0.01639742474027564,13017,0.7689916096126692,0.8404659821066829,0.895,0.9338,0.939875,0.949375,13017
13315,0.01639742474027564,13091,0.31310032371638824,0.8404659821066829,0.895,0.584,0.60075,0.593375,13091
13315,0.01639742474027564,13093,-0.6555471959901759,0.8404659821066829,0.895,0.9044,0.91,0.912,13315
13315,0.01639742474027564,13081,-0.070539363429582,0.8404659821066829,0.895,0.4194,0.41625,0.422,13315
13317,0.3113020858196061,13301,0.36249380807802534,0.8404659821066829,0.895,0.4025,0.40675,0.4055,13301
13317,0.3113020858196061,13265,-0.061252023063996866,0.8404659821066829,0.895,0.6434,0.6345,0.646875,13317
16003,-0.7286906211009176,16049,-0.6457033868976274,0.8404659821066829,0.895,0.4202,0.426625,0.427,16049
16003,-0.7286906211009176,16087,-0.42793638315571353,0.8404659821066829,0.895,0.5751,0.5845,0.58175,16087
16003,-0.7286906211009176,16085,-0.5314251428401146,0.8404659821066829,0.895,0.4888,0.496125,0.498875,16085
16003,-0.7286906211009176,41001,-0.4633767117988236,0.8404659821066829,0.895,0.5433,0.538,0.54,41001
16003,-0.7286906211009176,16045,-0.35045575869638007,0.8404659821066829,0.895,0.6627,0.684125,0.679125,16045
16003,-0.7286906211009176,41063,-0.6729333649471657,0.8404659821066829,0.895,0.4072,0.408125,0.40425,41063
16005,-0.9365450941443784,16077,-0.944422112168917,0.8404659821066829,0.895,0.3969,0.408125,0.3935,16005
16005,-0.9365450941443784,16041,-1.3714237828277271,0.8404659821066829,0.895,0.6999,0.69475,0.691875,16005
16005,-0.9365450941443784,16071,-1.3261465979831748,0.8404659821066829,0.895,0.6692,0.667125,0.66475,16005
16005,-0.9365450941443784,16011,-1.0133089892805023,0.8404659821066829,0.895,0.4122,0.40925,0.4095,16005
16049,-0.6457033868976274,16059,-0.6010199782290403,0.8404659821066829,0.895,0.4041,0.396125,0.408875,16059
16049,-0.6457033868976274,16069,-0.2579191905057135,0.8404659821066829,0.895,0.6978,0.704625,0.69875,16069
16049,-0.6457033868976274,16061,-0.1546007317849232,0.8404659821066829,0.895,0.7527,0.759625,0.763125,16061
16049,-0.6457033868976274,16085,-0.5314251428401146,0.8404659821066829,0.895,0.4267,0.4355,0.431375,16085
16049,-0.6457033868976274,30063,-0.2254474801063001,0.8404659821066829,0.895,0.737,0.7615,0.754375,30063
16049,-0.6457033868976274,30081,-0.46048671126013024,0.8404659821066829,0.895,0.4775,0.481625,0.4945,30081
16049,-0.6457033868976274,41063,-0.6729333649471657,0.8404659821066829,0.895,0.3927,0.4095,0.4005,16049
16059,-0.6010199782290403,30001,-0.4542101311609806,0.8404659821066829,0.895,0.4608,0.46775,0.45475,30001
16059,-0.6010199782290403,16037,-0.5750066030243747,0.8404659821066829,0.895,0.4009,0.404375,0.39725,16037
16059,-0.6010199782290403,16085,-0.5314251428401146,0.8404659821066829,0.895,0.4126,0.4265,0.41775,16085
16059,-0.6010199782290403,30081,-0.46048671126013024,0.8404659821066829,0.895,0.4446,0.444375,0.452125,30081
16069,-0.2579191905057135,16061,-0.1546007317849232,0.8404659821066829,0.895,0.4213,0.4245,0.42775,16061
16069,-0.2579191905057135,53075,-0.2752541034228233,0.8404659821066829,0.895,0.398,0.39725,0.410125,16069
16069,-0.2579191905057135,41063,-0.6729333649471657,0.8404659821066829,0.895,0.724,0.736375,0.7535,16069
16069,-0.2579191905057135,53003,-0.6017408610060316,0.8404659821066829,0.895,0.6192,0.6335,0.64375,16069
16069,-0.2579191905057135,16057,-0.34765939455076744,0.8404659821066829,0.895,0.4214,0.42175,0.418875,16069
16077,-0.944422112168917,16013,-0.6071602587110619,0.8404659821066829,0.895,0.6239,0.625375,0.633125,16013
16077,-0.944422112168917,16031,-0.8921582874277696,0.8404659821066829,0.895,0.403,0.413375,0.40775,16031
16077,-0.944422112168917,16071,-1.3261465979831748,0.8404659821066829,0.895,0.6559,0.668875,0.68425,16077
16077,-0.944422112168917,16011,-1.0133089892805023,0.8404659821066829,0.895,0.4041,0.407375,0.4165,16077
16079,0.23452084258993872,30061,-0.2326066198145194,0.8404659821066829,0.895,0.7402,0.751,0.740375,16079
16079,0.23452084258993872,16017,-0.24005226824687143,0.8404659821066829,0.895,0.7677,0.76825,0.76075,16079
16079,0.23452084258993872,16009,-0.13001635696944558,0.8404659821066829,0.895,0.6445,0.639375,0.65575,16079
16079,0.23452084258993872,16055,-0.3100599881691794,0.8404659821066829,0.895,0.8022,0.807875,0.811875,16079
16079,0.23452084258993872,16057,-0.34765939455076744,0.8404659821066829,0.895,0.8395,0.84175,0.848,16079
16087,-0.42793638315571353,41001,-0.4633767117988236,0.8404659821066829,0.895,0.4061,0.408625,0.41125,16087
16087,-0.42793638315571353,16045,-0.35045575869638007,0.8404659821066829,0.895,0.4148,0.419125,0.41375,16045
16087,-0.42793638315571353,16075,-0.4958471454577955,0.8404659821066829,0.895,0.4076,0.401,0.4065,16087
17031,-0.11442952236874973,17043,-0.032590576094474674,0.8404659821066829,0.895,0.412,0.41525,0.421125,17043
17031,-0.11442952236874973,17097,-0.05598534201064324,0.8404659821066829,0.895,0.4045,0.41625,0.41,17097
17031,-0.11442952236874973,17197,0.014766733431190775,0.8404659821066829,0.895,0.4364,0.4425,0.445125,17197
17031,-0.11442952236874973,17089,-0.058721566575762565,0.8404659821066829,0.895,0.4113,0.411125,0.41,17089
17031,-0.11442952236874973,17111,0.09371547741880093,0.8404659821066829,0.895,0.501,0.50975,0.515875,17111
17031,-0.11442952236874973,18089,-0.17465178761017888,0.8404659821066829,0.895,0.4114,0.40475,0.407375,17031
17039,0.5234710777025431,17107,0.1614257395274211,0.8404659821066829,0.895,0.637,0.65025,0.647875,17039
17039,0.5234710777025431,17147,0.19625597024579114,0.8404659821066829,0.895,0.5962,0.602,0.596375,17039
17039,0.5234710777025431,17115,0.40710064231838444,0.8404659821066829,0.895,0.4324,0.431625,0.4385,17039
17039,0.5234710777025431,17113,0.2154015040006392,0.8404659821066829,0.895,0.5825,0.58725,0.58125,17039
17091,0.05113530421992555,17197,0.014766733431190775,0.8404659821066829,0.895,0.4036,0.409125,0.404625,17091
17091,0.05113530421992555,17063,0.1763346965255303,0.8404659821066829,0.895,0.4307,0.4345,0.427,17063
17091,0.05113530421992555,18111,0.28386168958074914,0.8404659821066829,0.895,0.5159,0.531625,0.51625,18111
17091,0.05113530421992555,17075,0.0979442025916717,0.8404659821066829,0.895,0.4037,0.401,0.406625,17075
17091,0.05113530421992555,18089,-0.17465178761017888,0.8404659821066829,0.895,0.5167,0.518875,0.517,17091
17091,0.05113530421992555,17053,0.0497985754629687,0.8404659821066829,0.895,0.3977,0.398875,0.400125,17091
17091,0.05113530421992555,17105,-0.0725428477415313,0.8404659821066829,0.895,0.4316,0.44525,0.446,17091
17129,0.2438230078783052,17125,0.3913557570855292,0.8404659821066829,0.895,0.4471,0.447625,0.452375,17125
17129,0.2438230078783052,17107,0.1614257395274211,0.8404659821066829,0.895,0.4172,0.4135,0.417875,17129
17129,0.2438230078783052,17167,0.2332409510429101,0.8404659821066829,0.895,0.403,0.39775,0.400875,17129
17161,-0.0003717152423385886,19115,-0.1831167364064685,0.8404659821066829,0.895,0.4815,0.47925,0.483,17161
17161,-0.0003717152423385886,17131,-0.08122767277090778,0.8404659821066829,0.895,0.4168,0.419375,0.413125,17161
17161,-0.0003717152423385886,17195,-0.10794752785638809,0.8404659821066829,0.895,0.4246,0.43375,0.436,17161
17161,-0.0003717152423385886,19139,-0.23815650612899336,0.8404659821066829,0.895,0.5247,0.540625,0.52525,17161
17161,-0.0003717152423385886,17073,-0.001532365598509877,0.8404659821066829,0.895,0.4011,0.399875,0.396375,17161
17165,1.0667877242814798,17151,0.3220147734240253,0.8404659821066829,0.895,0.9302,0.930375,0.93775,17165
17165,1.0667877242814798,17055,0.8356137805259474,0.8404659821066829,0.895,0.5144,0.519,0.518625,17165
17165,1.0667877242814798,17059,1.0299969962392816,0.8404659821066829,0.895,0.4041,0.40975,0.40525,17165
17165,1.0667877242814798,17065,0.5572195858359522,0.8404659821066829,0.895,0.7883,0.792375,0.79875,17165
17165,1.0667877242814798,17199,0.8446717358981533,0.8404659821066829,0.895,0.5096,0.49075,0.48725,17165
17165,1.0667877242814798,17069,1.2848270537288855,0.8404659821066829,0.895,0.5035,0.494625,0.503125,17069
18001,-0.9266170546865916,18003,-0.3549716920488576,0.8404659821066829,0.895,0.8444,0.87,0.864125,18003
18001,-0.9266170546865916,18179,-0.604678860120155,0.8404659821066829,0.895,0.5945,0.61425,0.615125,18179
18001,-0.9266170546865916,18075,-0.27559306656656285,0.8404659821066829,0.895,0.8842,0.901,0.895625,18075
18001,-0.9266170546865916,39107,-0.4982349990649267,0.8404659821066829,0.895,0.7054,0.719875,0.7115,39107
18001,-0.9266170546865916,39161,-0.4709593085617031,0.8404659821066829,0.895,0.7311,0.74875,0.760125,39161
18035,-0.010460562177656582,18009,-0.18979898571894818,0.8404659821066829,0.895,0.4694,0.465375,0.463125,18035
18035,-0.010460562177656582,18053,-0.07967263583129434,0.8404659821066829,0.895,0.4141,0.408,0.40875,18035
18035,-0.010460562177656582,18075,-0.27559306656656285,0.8404659821066829,0.895,0.5499,0.559375,0.5615,18035
18035,-0.010460562177656582,18135,-0.12301704345157627,0.8404659821066829,0.895,0.4279,0.427625,0.434,18035
18035,-0.010460562177656582,18065,-0.05072228346499042,0.8404659821066829,0.895,0.4029,0.4005,0.405125,18035
18035,-0.010460562177656582,18095,0.028043911889942104,0.8404659821066829,0.895,0.4061,0.40575,0.405125,18095
18051,-0.01469554840402949,18125,-0.11883659670170528,0.8404659821066829,0.895,0.4295,0.41875,0.4215,18051
18051,-0.01469554840402949,17185,0.3620492697927915,0.8404659821066829,0.895,0.6595,0.67225,0.674625,17185
18051,-0.01469554840402949,17193,0.6062246359201354,0.8404659821066829,0.895,0.8867,0.901625,0.8965,17193
18051,-0.01469554840402949,18163,0.1450846131535942,0.8404659821066829,0.895,0.4532,0.4635,0.459875,18163
18051,-0.01469554840402949,18173,0.2449864328696481,0.8404659821066829,0.895,0.5537,0.57725,0.56625,18173
18051,-0.01469554840402949,18129,0.24453031049370935,0.8404659821066829,0.895,0.5474,0.55175,0.545375,18129
18061,0.3889353001676942,21093,0.6171556838409599,0.8404659821066829,0.895,0.5247,0.50825,0.52675,21093
18061,0.3889353001676942,18043,0.3339280696755608,0.8404659821066829,0.895,0.4079,0.403875,0.413875,18061
18061,0.3889353001676942,18025,0.4982446705942358,0.8404659821066829,0.895,0.4297,0.437375,0.436125,18025
18061,0.3889353001676942,21163,0.7399737856041383,0.8404659821066829,0.895,0.627,0.624,0.613875,21163
18061,0.3889353001676942,21111,0.22182231930079496,0.8404659821066829,0.895,0.4702,0.47875,0.478875,18061
36009,-0.35742004591065635,36013,-0.4910403410051156,0.8404659821066829,0.895,0.4389,0.442,0.43975,36009
36009,-0.35742004591065635,36029,0.06639312059905612,0.8404659821066829,0.895,0.6948,0.70175,0.716125,36029
36009,-0.35742004591065635,36003,-0.03500513366785558,0.8404659821066829,0.895,0.5969,0.615875,0.617875,36003
36009,-0.35742004591065635,42083,-0.2343929647096803,0.8404659821066829,0.895,0.4341,0.432,0.437375,42083
36009,-0.35742004591065635,36121,-0.24806659952147064,0.8404659821066829,0.895,0.4246,0.432125,0.43125,36121
36013,-0.4910403410051156,36029,0.06639312059905612,0.8404659821066829,0.895,0.795,0.81425,0.820875,36029
36013,-0.4910403410051156,42049,-0.190259118307282,0.8404659821066829,0.895,0.5565,0.555375,0.5555,42049
36019,0.4024394435407362,36031,0.08201020686967386,0.8404659821066829,0.895,0.5973,0.606875,0.604625,36019
36019,0.4024394435407362,36033,0.012958355559028582,0.8404659821066829,0.895,0.6394,0.651,0.65325,36019
36019,0.4024394435407362,50007,0.3075535192166133,0.8404659821066829,0.895,0.4103,0.43,0.422875,36019
36019,0.4024394435407362,50013,0.6185121506626514,0.8404659821066829,0.895,0.482,0.495875,0.489625,50013
36029,0.06639312059905612,36063,0.2510758836928857,0.8404659821066829,0.895,0.462,0.46725,0.472,36063
36029,0.06639312059905612,36037,0.19208433638956351,0.8404659821066829,0.895,0.4375,0.434375,0.4375,36037
36029,0.06639312059905612,36121,-0.24806659952147064,0.8404659821066829,0.895,0.5861,0.5915,0.583875,36029
36105,-0.17128512648684838,42103,-0.5278583473806668,0.8404659821066829,0.895,0.6201,0.635125,0.651875,36105
36105,-0.17128512648684838,42127,-0.3045656668348345,0.8404659821066829,0.895,0.4432,0.446125,0.44,36105
36105,-0.17128512648684838,36025,-0.3189329054185464,0.8404659821066829,0.895,0.4515,0.458375,0.4575,36105
36105,-0.17128512648684838,36071,-0.13461122333537084,0.8404659821066829,0.895,0.3958,0.39675,0.39825,36071
36115,0.16943300648954845,36091,0.1811477345473741,0.8404659821066829,0.895,0.3997,0.403375,0.405,36091
36115,0.16943300648954845,36113,0.10385985896222565,0.8404659821066829,0.895,0.414,0.418,0.401,36115
36115,0.16943300648954845,36031,0.08201020686967386,0.8404659821066829,0.895,0.4215,0.41675,0.414875,36115
36115,0.16943300648954845,50001,0.126132063891754,0.8404659821066829,0.895,0.4019,0.408375,0.40275,36115
36115,0.16943300648954845,36083,0.36856982398872706,0.8404659821066829,0.895,0.4909,0.501625,0.503375,36083
36115,0.16943300648954845,50003,0.14502224456022975,0.8404659821066829,0.895,0.4,0.405875,0.3985,36115
36115,0.16943300648954845,50021,0.21267455191982398,0.8404659821066829,0.895,0.4051,0.413875,0.4065,50021
36119,-0.3807938576557692,34003,-0.415279188997881,0.8404659821066829,0.895,0.405,0.405375,0.40725,36119
36119,-0.3807938576557692,36079,0.0010016545929707938,0.8404659821066829,0.895,0.6496,0.667,0.661,36079
36119,-0.3807938576557692,36087,-0.5464554382462833,0.8404659821066829,0.895,0.4587,0.47125,0.46125,36119
36119,-0.3807938576557692,36005,-1.1339034706138464,0.8404659821066829,0.895,0.9175,0.938125,0.933625,36119
37009,-0.030864293687260447,51077,0.30024811953421493,0.8404659821066829,0.895,0.6157,0.615875,0.6025,51077
37009,-0.030864293687260447,37193,0.10698683710939019,0.8404659821066829,0.895,0.4457,0.44025,0.436125,37193
37009,-0.030864293687260447,37005,-0.0008056067562281273,0.8404659821066829,0.895,0.4046,0.3975,0.40025,37005
37009,-0.030864293687260447,37189,-0.07784957359499758,0.8404659821066829,0.895,0.4059,0.408375,0.4035,37009
37015,-0.30692023584075506,37131,-0.48706637449804946,0.8404659821066829,0.895,0.4782,0.482625,0.4745,37015
37015,-0.30692023584075506,37083,-0.2383109279344554,0.8404659821066829,0.895,0.4015,0.41325,0.423,37083
37015,-0.30692023584075506,37091,-0.2883037578263449,0.8404659821066829,0.895,0.4032,0.40125,0.402,37091
37015,-0.30692023584075506,37187,-0.2460864447195898,0.8404659821066829,0.895,0.4073,0.412375,0.4155,37187
37029,0.026123200889503328,37139,0.027113329082412735,0.8404659821066829,0.895,0.4057,0.39625,0.406125,37139
37029,0.026123200889503328,37053,0.5855542468097666,0.8404659821066829,0.895,0.791,0.825625,0.816125,37053
37029,0.026123200889503328,51550,0.23162037398689073,0.8404659821066829,0.895,0.4908,0.495,0.493,51550
37029,0.026123200889503328,51800,0.0767322305949178,0.8404659821066829,0.895,0.4117,0.400125,0.404,51800
37029,0.026123200889503328,37073,-0.1140407133310722,0.8404659821066829,0.895,0.4477,0.447625,0.454125,37029
37039,0.31222736312050403,37075,0.1408756345082143,0.8404659821066829,0.895,0.4631,0.464625,0.45525,37039
37039,0.31222736312050403,47123,0.5079523273826713,0.8404659821066829,0.895,0.4839,0.48325,0.4775,47123
37039,0.31222736312050403,13291,0.2960843874298011,0.8404659821066829,0.895,0.3981,0.400875,0.4,37039
37039,0.31222736312050403,37113,0.01106961533403651,0.8404659821066829,0.895,0.5878,0.587625,0.578,37039
37039,0.31222736312050403,13111,0.42675223212464497,0.8404659821066829,0.895,0.4324,0.44025,0.441125,13111
37039,0.31222736312050403,47139,1.093685095940025,0.8404659821066829,0.895,0.9518,0.95475,0.958375,47139
37049,0.27025210202565214,37013,0.18589164039602424,0.8404659821066829,0.895,0.4154,0.421625,0.415625,37049
37049,0.27025210202565214,37031,0.42426518509358413,0.8404659821066829,0.895,0.4447,0.448,0.445375,37031
37049,0.27025210202565214,37107,0.020956856069224542,0.8404659821066829,0.895,0.5228,0.551625,0.553375,37049
37049,0.27025210202565214,37137,-0.04402156722171677,0.8404659821066829,0.895,0.5568,0.583375,0.575125,37049
37055,0.30179509837660007,37095,-0.12773414819765438,0.8404659821066829,0.895,0.6545,0.678875,0.683125,37055
37055,0.30179509837660007,37053,0.5855542468097666,0.8404659821066829,0.895,0.5297,0.514125,0.512125,37053
37059,0.15637782254059898,37159,0.2583584039904573,0.8404659821066829,0.895,0.4161,0.417125,0.415,37159
37059,0.15637782254059898,37067,0.21922655515104597,0.8404659821066829,0.895,0.4059,0.409625,0.4055,37067
37059,0.15637782254059898,37097,0.2612468330706624,0.8404659821066829,0.895,0.4287,0.42625,0.429875,37097
37059,0.15637782254059898,37197,0.2850050232586276,0.8404659821066829,0.895,0.4323,0.444625,0.44175,37197
37065,-0.2501498487093911,37083,-0.2383109279344554,0.8404659821066829,0.895,0.4094,0.40275,0.406125,37083
37065,-0.2501498487093911,37195,-0.03058535708941103,0.8404659821066829,0.895,0.501,0.51225,0.509375,37195
37075,0.1408756345082143,47123,0.5079523273826713,0.8404659821066829,0.895,0.6479,0.634625,0.631125,47123
37075,0.1408756345082143,37113,0.01106961533403651,0.8404659821066829,0.895,0.4338,0.432875,0.435375,37075
37075,0.1408756345082143,47009,0.3722393211633581,0.8404659821066829,0.895,0.5128,0.5055,0.50375,47009
37085,0.26669871266416395,37051,0.30807258300908713,0.8404659821066829,0.895,0.4116,0.398875,0.397875,37051
37085,0.26669871266416395,37101,0.24338446697007662,0.8404659821066829,0.895,0.4011,0.4035,0.404625,37085
37085,0.26669871266416395,37125,0.2668299615830769,0.8404659821066829,0.895,0.4043,0.4,0.40375,37125
37085,0.26669871266416395,37105,0.23772434583007138,0.8404659821066829,0.895,0.4042,0.401875,0.397625,37085
37085,0.26669871266416395,37037,0.04309174466714433,0.8404659821066829,0.895,0.5304,0.514875,0.517,37085
37089,-0.055383866594993586,37149,-0.2965023612053647,0.8404659821066829,0.895,0.5141,0.525,0.53,37089
37089,-0.055383866594993586,37161,0.0065163846171855735,0.8404659821066829,0.895,0.4154,0.404625,0.40275,37161
37089,-0.055383866594993586,37175,-0.22735940596004156,0.8404659821066829,0.895,0.4617,0.475,0.472625,37089
37089,-0.055383866594993586,45045,0.05496552172683805,0.8404659821066829,0.895,0.4304,0.428,0.426125,45045
37089,-0.055383866594993586,37021,0.0213276545047834,0.8404659821066829,0.895,0.4155,0.410625,0.406875,37021
37095,-0.12773414819765438,37013,0.18589164039602424,0.8404659821066829,0.895,0.577,0.592375,0.59275,37013
37095,-0.12773414819765438,37187,-0.2460864447195898,0.8404659821066829,0.895,0.4217,0.43375,0.438625,37095
37095,-0.12773414819765438,37177,-0.3524303657345945,0.8404659821066829,0.895,0.4876,0.4985,0.47925,37095
37099,-0.0020098544553564628,37175,-0.22735940596004156,0.8404659821066829,0.895,0.5078,0.52375,0.517125,37099
37099,-0.0020098544553564628,37113,0.01106961533403651,0.8404659821066829,0.895,0.4002,0.408875,0.40525,37113
37099,-0.0020098544553564628,45073,0.12731362308248254,0.8404659821066829,0.895,0.4454,0.4455,0.442375,45073
37119,0.18352206200727586,45057,0.10135212993432627,0.8404659821066829,0.895,0.4181,0.42225,0.423375,37119
37119,0.18352206200727586,37025,0.2288126811810149,0.8404659821066829,0.895,0.4024,0.40525,0.4045,37025
37119,0.18352206200727586,37097,0.2612468330706624,0.8404659821066829,0.895,0.4096,0.4175,0.4195,37097
37119,0.18352206200727586,37109,0.20355249548331017,0.8404659821066829,0.895,0.4001,0.401,0.40425,37109
37119,0.18352206200727586,37071,0.37749386604356117,0.8404659821066829,0.895,0.4798,0.479,0.4725,37071
37121,0.27753250883660996,37199,-0.07134532081522017,0.8404659821066829,0.895,0.6293,0.6115,0.6255,37121
37121,0.27753250883660996,37111,0.0814280111030607,0.8404659821066829,0.895,0.4754,0.48825,0.493,37121
37121,0.27753250883660996,47019,0.15248003220758302,0.8404659821066829,0.895,0.4373,0.444625,0.44,37121
37121,0.27753250883660996,47171,0.283268199424863,0.8404659821066829,0.895,0.4001,0.3975,0.397875,47171
37121,0.27753250883660996,37011,0.26099163943435433,0.8404659821066829,0.895,0.3925,0.393875,0.40075,37121
37129,0.06371163805705916,37019,0.09113143213724041,0.8404659821066829,0.895,0.3991,0.402375,0.397625,37019
37131,-0.48706637449804946,51081,-0.026134780365490138,0.8404659821066829,0.895,0.7462,0.7445,0.75225,51081
37131,-0.48706637449804946,37083,-0.2383109279344554,0.8404659821066829,0.895,0.5381,0.553625,0.555625,37083
37131,-0.48706637449804946,37091,-0.2883037578263449,0.8404659821066829,0.895,0.4922,0.49125,0.49075,37091
37131,-0.48706637449804946,51175,-0.04270792096454994,0.8404659821066829,0.895,0.7508,0.761,0.759625,51175
37131,-0.48706637449804946,51025,-0.1841341211983737,0.8404659821066829,0.895,0.5956,0.612625,0.611,51025
37131,-0.48706637449804946,37185,-0.39519340079878984,0.8404659821066829,0.895,0.4109,0.428375,0.4265,37185
37139,0.027113329082412735,37143,-0.22347176452480053,0.8404659821066829,0.895,0.5011,0.497375,0.5105,37139
37139,0.027113329082412735,37073,-0.1140407133310722,0.8404659821066829,0.895,0.4336,0.43475,0.448375,37139
37149,-0.2965023612053647,37161,0.0065163846171855735,0.8404659821066829,0.895,0.5827,0.563375,0.575875,37161
37149,-0.2965023612053647,45045,0.05496552172683805,0.8404659821066829,0.895,0.6186,0.621,0.626375,45045
37149,-0.2965023612053647,45083,0.10001406604882715,0.8404659821066829,0.895,0.6605,0.644125,0.647625,45083
37155,0.39095867046010885,37165,0.7114424624587278,0.8404659821066829,0.895,0.5947,0.615625,0.605625,37165
37155,0.39095867046010885,37051,0.30807258300908713,0.8404659821066829,0.895,0.4151,0.4135,0.41825,37155
37155,0.39095867046010885,45069,1.4239431028289629,0.8404659821066829,0.895,0.9913,0.9945,0.9925,45069
37155,0.39095867046010885,45033,0.744429608581542,0.8404659821066829,0.895,0.6312,0.6385,0.618375,45033
37159,0.2583584039904573,37025,0.2288126811810149,0.8404659821066829,0.895,0.3968,0.396,0.40175,37159
37159,0.2583584039904573,37097,0.2612468330706624,0.8404659821066829,0.895,0.4003,0.395625,0.405375,37097
37161,0.0065163846171855735,45083,0.10001406604882715,0.8404659821066829,0.895,0.4186,0.424875,0.4205,45083
37161,0.0065163846171855735,37021,0.0213276545047834,0.8404659821066829,0.895,0.402,0.407875,0.404875,37021
37161,0.0065163846171855735,37023,0.2715396127090262,0.8404659821066829,0.895,0.5564,0.581125,0.567625,37023
37161,0.0065163846171855735,37111,0.0814280111030607,0.8404659821066829,0.895,0.4171,0.42025,0.414375,37111
37161,0.0065163846171855735,37045,0.24939216682376947,0.8404659821066829,0.895,0.5246,0.537125,0.520375,37045
37165,0.7114424624587278,45069,1.4239431028289629,0.8404659821066829,0.895,0.9074,0.913,0.908375,45069
37165,0.7114424624587278,37153,0.4767149528027565,0.8404659821066829,0.895,0.505,0.50525,0.512,37165
37175,-0.22735940596004156,45045,0.05496552172683805,0.8404659821066829,0.895,0.5646,0.556375,0.56725,45045
37175,-0.22735940596004156,45073,0.12731362308248254,0.8404659821066829,0.895,0.6527,0.653375,0.666875,45073
37191,0.22569837698050155,37061,-0.07202871264776177,0.8404659821066829,0.895,0.5758,0.587375,0.588375,37191
37191,0.22569837698050155,37101,0.24338446697007662,0.8404659821066829,0.895,0.4013,0.403875,0.406,37101
37191,0.22569837698050155,37107,0.020956856069224542,0.8404659821066829,0.895,0.4926,0.509375,0.51375,37191
37191,0.22569837698050155,37079,0.06897124026401755,0.8404659821066829,0.895,0.4519,0.454,0.44475,37191
37191,0.22569837698050155,37195,-0.03058535708941103,0.8404659821066829,0.895,0.5423,0.547,0.5525,37191
38005,-1.0089582707278322,38071,-0.5333429735991609,0.8404659821066829,0.895,0.7443,0.769875,0.76625,38071
38005,-1.0089582707278322,38027,-0.4846962907454019,0.8404659821066829,0.895,0.7936,0.7925,0.7975,38027
38005,-1.0089582707278322,38095,-0.33035638624595104,0.8404659821066829,0.895,0.903,0.91075,0.90925,38095
38005,-1.0089582707278322,38103,-0.7974995546571407,0.8404659821066829,0.895,0.5062,0.50875,0.51575,38103
38005,-1.0089582707278322,38069,-0.7260547657830438,0.8404659821066829,0.895,0.559,0.5905,0.579625,38069
38005,-1.0089582707278322,38063,-0.22403793926421067,0.8404659821066829,0.895,0.9498,0.954625,0.95375,38063
38035,-0.20348127789846204,38099,-0.5087290265470751,0.8404659821066829,0.895,0.5807,0.5835,0.583,38035
38035,-0.20348127789846204,27119,-0.3271934362841517,0.8404659821066829,0.895,0.4365,0.444625,0.4375,38035
38035,-0.20348127789846204,38063,-0.22403793926421067,0.8404659821066829,0.895,0.4009,0.398375,0.4035,38035
38035,-0.20348127789846204,38091,-0.7336662873334774,0.8404659821066829,0.895,0.7997,0.81275,0.815,38035
38055,-0.7701011310196126,38057,-0.7302336832464786,0.8404659821066829,0.895,0.4017,0.395625,0.40025,38057
38055,-0.7701011310196126,38101,-0.5996824293876993,0.8404659821066829,0.895,0.4682,0.4675,0.472625,38101
38055,-0.7701011310196126,38065,-0.9205361397161977,0.8404659821066829,0.895,0.4545,0.454875,0.448875,38055
38055,-0.7701011310196126,38015,-0.764261139768452,0.8404659821066829,0.895,0.397,0.398125,0.40475,38015
38055,-0.7701011310196126,38025,-1.096013538806619,0.8404659821066829,0.895,0.613,0.611875,0.618875,38055
38055,-0.7701011310196126,38061,-0.7525516204520464,0.8404659821066829,0.895,0.4021,0.400375,0.398625,38061
38055,-0.7701011310196126,38083,-1.075980592828533,0.8404659821066829,0.895,0.5933,0.59975,0.5905,38055
38055,-0.7701011310196126,38049,-0.9577569011925083,0.8404659821066829,0.895,0.4825,0.488875,0.49325,38055
38059,-0.5378784048845937,38037,-0.7892490143013496,0.8404659821066829,0.895,0.5301,0.533375,0.523625,38059
38059,-0.5378784048845937,38085,-0.9649810411277516,0.8404659821066829,0.895,0.7077,0.72575,0.739625,38059
38059,-0.5378784048845937,38057,-0.7302336832464786,0.8404659821066829,0.895,0.4838,0.499875,0.5045,38059
38059,-0.5378784048845937,38029,-0.9383571651981055,0.8404659821066829,0.895,0.7044,0.705,0.71625,38059
38059,-0.5378784048845937,38065,-0.9205361397161977,0.8404659821066829,0.895,0.6557,0.671125,0.67875,38059
38059,-0.5378784048845937,38015,-0.764261139768452,0.8404659821066829,0.895,0.5136,0.515125,0.511375,38059
38059,-0.5378784048845937,38089,-1.0344820477677792,0.8404659821066829,0.895,0.7874,0.79575,0.804625,38059
38075,-0.8387954125024814,38101,-0.5996824293876993,0.8404659821066829,0.895,0.5114,0.52275,0.5075,38101
38075,-0.8387954125024814,38009,-0.43349060107724724,0.8404659821066829,0.895,0.6552,0.66625,0.6695,38009
38075,-0.8387954125024814,38013,-0.5318396121374526,0.8404659821066829,0.895,0.5675,0.57575,0.57025,38013
38075,-0.8387954125024814,38049,-0.9577569011925083,0.8404659821066829,0.895,0.4307,0.42625,0.43225,38075
39043,-0.11286712170425535,39093,-0.12943163227362076,0.8404659821066829,0.895,0.3957,0.398,0.40275,39043
39043,-0.11286712170425535,39143,-0.34450468069711926,0.8404659821066829,0.895,0.4921,0.51325,0.514125,39043
39043,-0.11286712170425535,39077,-0.18171465776191761,0.8404659821066829,0.895,0.4136,0.416375,0.4205,39043
39061,0.32200933301321516,39017,0.04601408444326137,0.8404659821066829,0.895,0.5538,0.5735,0.57275,39061
39061,0.32200933301321516,39025,0.5491439246624434,0.8404659821066829,0.895,0.5193,0.516625,0.514,39025
39061,0.32200933301321516,39165,0.1445461507855414,0.8404659821066829,0.895,0.4632,0.472625,0.45975,39061
39061,0.32200933301321516,21117,0.6422330866463979,0.8404659821066829,0.895,0.5996,0.598625,0.602125,21117
39061,0.32200933301321516,21015,0.6890362569570341,0.8404659821066829,0.895,0.6613,0.67375,0.678375,21015
39061,0.32200933301321516,18029,0.41127987305324487,0.8404659821066829,0.895,0.4162,0.42525,0.421,18029
39061,0.32200933301321516,21037,0.5185600654620697,0.8404659821066829,0.895,0.4836,0.47675,0.483625,21037
39073,0.3245738632697521,39045,0.12723450976865122,0.8404659821066829,0.895,0.4831,0.4835,0.471625,39073
39073,0.3245738632697521,39127,0.1415033125509605,0.8404659821066829,0.895,0.4753,0.47425,0.47975,39073
39073,0.3245738632697521,39141,0.28766229799855253,0.8404659821066829,0.895,0.4035,0.40125,0.406,39073
39073,0.3245738632697521,39163,0.2081134139799206,0.8404659821066829,0.895,0.427,0.440375,0.43925,39073
39073,0.3245738632697521,39009,0.3070867767266297,0.8404659821066829,0.895,0.4,0.40475,0.40275,39073
39073,0.3245738632697521,39129,0.24115797420911458,0.8404659821066829,0.895,0.4205,0.42075,0.416625,39073
25017,0.03194255674603907,25021,0.03682709499278193,0.8404659821066829,0.895,0.3975,0.407875,0.396125,25021
25017,0.03194255674603907,25009,-0.013135619506517997,0.8404659821066829,0.895,0.4019,0.40675,0.397125,25017
25017,0.03194255674603907,25027,0.03273157902051564,0.8404659821066829,0.895,0.3959,0.3975,0.405875,25027
25017,0.03194255674603907,25025,-0.10024434656940817,0.8404659821066829,0.895,0.4311,0.436125,0.435375,25017
25017,0.03194255674603907,33011,0.17101012431657378,0.8404659821066829,0.895,0.4481,0.458625,0.456,33011
25021,0.03682709499278193,25023,-0.11691296778150922,0.8404659821066829,0.895,0.4449,0.459375,0.455625,25021
25021,0.03682709499278193,25027,0.03273157902051564,0.8404659821066829,0.895,0.4034,0.39825,0.39775,25021
25021,0.03682709499278193,44007,-0.07902685611262539,0.8404659821066829,0.895,0.4282,0.432625,0.43575,25021
25021,0.03682709499278193,25025,-0.10024434656940817,0.8404659821066829,0.895,0.4323,0.4385,0.438125,25021
26013,-0.5260363726506678,26103,-0.3036141208493732,0.8404659821066829,0.895,0.491,0.499,0.486,26103
26013,-0.5260363726506678,26071,-0.3243693129858525,0.8404659821066829,0.895,0.4813,0.483375,0.477125,26071
26013,-0.5260363726506678,26061,-0.36639053740870803,0.8404659821066829,0.895,0.4494,0.452625,0.454875,26061
26029,-0.34293931940013017,26137,-0.2928454144483686,0.8404659821066829,0.895,0.4075,0.4125,0.4075,26137
26029,-0.34293931940013017,26031,-0.301600161692889,0.8404659821066829,0.895,0.4006,0.400375,0.399125,26031
26029,-0.34293931940013017,26009,-0.3812715585005492,0.8404659821066829,0.895,0.3997,0.40225,0.396,26029
26033,-0.317760143821904,26095,-0.36575074656448947,0.8404659821066829,0.895,0.4073,0.408,0.408125,26033
26053,-0.3325103993817205,55051,-0.21821462408120615,0.8404659821066829,0.895,0.4193,0.431,0.429875,55051
26053,-0.3325103993817205,26071,-0.3243693129858525,0.8404659821066829,0.895,0.3954,0.408375,0.399375,26071
26053,-0.3325103993817205,26131,-0.16695237092171633,0.8404659821066829,0.895,0.4487,0.455375,0.465875,26131
26053,-0.3325103993817205,55125,-0.34903115882217034,0.8404659821066829,0.895,0.3968,0.4035,0.401,26053
26063,-0.7700188086800568,26157,-0.5952958627389039,0.8404659821066829,0.895,0.4536,0.4575,0.444,26157
26063,-0.7700188086800568,26151,-0.7473120371143794,0.8404659821066829,0.895,0.395,0.403125,0.402375,26151
26083,-0.37919716327604647,26061,-0.36639053740870803,0.8404659821066829,0.895,0.4008,0.39775,0.4035,26061
26089,-0.6148722798464608,26055,-0.30649185337867785,0.8404659821066829,0.895,0.5517,0.557125,0.558125,26055
26089,-0.6148722798464608,26019,-0.11434548343748213,0.8404659821066829,0.895,0.7119,0.714125,0.717875,26019
26099,-0.37192116426179445,26147,-0.3916215992237172,0.8404659821066829,0.895,0.3961,0.403375,0.40125,26099
26099,-0.37192116426179445,26087,-0.4628007471133631,0.8404659821066829,0.895,0.4161,0.422875,0.42075,26099
26099,-0.37192116426179445,26125,-0.27725788448814914,0.8404659821066829,0.895,0.4145,0.42025,0.422,26125
26103,-0.3036141208493732,26071,-0.3243693129858525,0.8404659821066829,0.895,0.4004,0.40525,0.400375,26103
26103,-0.3036141208493732,26109,-0.6778448693265308,0.8404659821066829,0.895,0.6479,0.637125,0.6455,26103
26103,-0.3036141208493732,26003,-0.4696531903298348,0.8404659821066829,0.895,0.4583,0.456,0.455125,26103
26103,-0.3036141208493732,26043,-0.582585989262291,0.8404659821066829,0.895,0.5503,0.571125,0.558875,26103
26119,-0.3318147330476568,26007,-0.43898229533913047,0.8404659821066829,0.895,0.4144,0.412875,0.419875,26119
26119,-0.3318147330476568,26135,-0.22684366865250435,0.8404659821066829,0.895,0.4189,0.415875,0.414875,26135
26119,-0.3318147330476568,26137,-0.2928454144483686,0.8404659821066829,0.895,0.3986,0.40375,0.406625,26137
26119,-0.3318147330476568,26031,-0.301600161692889,0.8404659821066829,0.895,0.4016,0.406125,0.397875,26031
27013,-0.5567347551356652,27091,-0.7504211894568781,0.8404659821066829,0.895,0.4868,0.499875,0.505625,27013
27013,-0.5567347551356652,27103,-0.5910759145366815,0.8404659821066829,0.895,0.3998,0.39675,0.406125,27013
27013,-0.5567347551356652,27079,-0.47446178007215356,0.8404659821066829,0.895,0.4114,0.419875,0.417875,27079
27013,-0.5567347551356652,27165,-0.7408386616611786,0.8404659821066829,0.895,0.4686,0.49075,0.48925,27013
27013,-0.5567347551356652,27043,-0.673924370962007,0.8404659821066829,0.895,0.4353,0.438875,0.44925,27013
27013,-0.5567347551356652,27161,-0.6072862735617973,0.8404659821066829,0.895,0.3966,0.408375,0.405,27013
27023,-0.6007478993181158,27073,-0.6437314967228118,0.8404659821066829,0.895,0.3997,0.404875,0.404,27023
27023,-0.6007478993181158,27173,-0.4825836050213855,0.8404659821066829,0.895,0.4296,0.446,0.44625,27173
27023,-0.6007478993181158,27129,-0.6133316310339268,0.8404659821066829,0.895,0.3967,0.401375,0.402125,27023
27023,-0.6007478993181158,27067,-0.526324807351384,0.8404659821066829,0.895,0.4136,0.40925,0.422125,27067
27023,-0.6007478993181158,27151,-0.4546964513230671,0.8404659821066829,0.895,0.443,0.445875,0.448875,27151
27027,-0.2835102767784442,27107,-0.19640192052516064,0.8404659821066829,0.895,0.4108,0.426625,0.415375,27107
27027,-0.2835102767784442,38077,-0.6817278764259043,0.8404659821066829,0.895,0.6877,0.707375,0.7055,27027
27027,-0.2835102767784442,27167,-0.5269724150587488,0.8404659821066829,0.895,0.523,0.537875,0.534625,27027
27027,-0.2835102767784442,27005,-0.13256083714631756,0.8404659821066829,0.895,0.4582,0.458875,0.453625,27005
27027,-0.2835102767784442,27111,-0.42725948197309316,0.8404659821066829,0.895,0.4513,0.44325,0.4615,27027
27053,-0.15793687909377607,27171,-0.30819735996916214,0.8404659821066829,0.895,0.4485,0.463625,0.4575,27053
27053,-0.15793687909377607,27019,-0.3121774554705244,0.8404659821066829,0.895,0.4538,0.454375,0.456875,27053
27053,-0.15793687909377607,27003,-0.0783217416243917,0.8404659821066829,0.895,0.4146,0.42025,0.42125,27003
27053,-0.15793687909377607,27037,-0.19880043004184014,0.8404659821066829,0.895,0.4025,0.394375,0.40375,27053
27053,-0.15793687909377607,27123,-0.10524094340382976,0.8404659821066829,0.895,0.4018,0.403625,0.405375,27123
27053,-0.15793687909377607,27141,-0.22637795858844764,0.8404659821066829,0.895,0.4148,0.421625,0.418375,27053
27073,-0.6437314967228118,27173,-0.4825836050213855,0.8404659821066829,0.895,0.4654,0.466,0.471125,27173
27073,-0.6437314967228118,27011,-0.2822728686746741,0.8404659821066829,0.895,0.6391,0.6565,0.6505,27011
27073,-0.6437314967228118,27151,-0.4546964513230671,0.8404659821066829,0.895,0.4868,0.48,0.47825,27151
27073,-0.6437314967228118,46039,-0.5502559638910537,0.8404659821066829,0.895,0.4194,0.429,0.4155,46039
27073,-0.6437314967228118,46051,-0.6217048534433545,0.8404659821066829,0.895,0.3999,0.404875,0.403875,46051
27077,-0.3964337103832273,27007,-0.31242464290476935,0.8404659821066829,0.895,0.4181,0.42025,0.422125,27007
27077,-0.3964337103832273,27071,-0.3132728157846796,0.8404659821066829,0.895,0.4108,0.409875,0.4215,27071
27077,-0.3964337103832273,27135,-0.6745933292865706,0.8404659821066829,0.895,0.5255,0.536875,0.544125,27077
27097,-0.3706746729990349,27021,-0.13037404399713126,0.8404659821066829,0.895,0.5325,0.5295,0.529375,27021
27097,-0.3706746729990349,27035,-0.1343650461164537,0.8404659821066829,0.895,0.5032,0.50925,0.507875,27035
27097,-0.3706746729990349,27153,-0.3743862083884078,0.8404659821066829,0.895,0.4013,0.402,0.3995,27097
27097,-0.3706746729990349,27095,-0.16667905806568045,0.8404659821066829,0.895,0.4969,0.485375,0.489125,27095
27097,-0.3706746729990349,27009,-0.19479038471563687,0.8404659821066829,0.895,0.4652,0.457375,0.4695,27009
27101,-0.7600701082586363,27127,-0.6098803999229507,0.8404659821066829,0.895,0.4544,0.458625,0.46025,27127
27101,-0.7600701082586363,27033,-1.0495788062469964,0.8404659821066829,0.895,0.5695,0.566625,0.565875,27101
27101,-0.7600701082586363,27083,-0.4122329590113407,0.8404659821066829,0.895,0.6251,0.632875,0.626375,27083
27101,-0.7600701082586363,27117,-0.5780159237814385,0.8404659821066829,0.895,0.4816,0.474125,0.477125,27117
27101,-0.7600701082586363,27133,-0.7516588216860829,0.8404659821066829,0.895,0.3978,0.399625,0.404,27133
27101,-0.7600701082586363,27105,-1.0438436006761658,0.8404659821066829,0.895,0.5544,0.5665,0.564375,27101
27107,-0.19640192052516064,27119,-0.3271934362841517,0.8404659821066829,0.895,0.4462,0.44575,0.44925,27107
27107,-0.19640192052516064,27005,-0.13256083714631756,0.8404659821066829,0.895,0.4126,0.413875,0.413125,27005
27107,-0.19640192052516064,27087,-0.26101854088443066,0.8404659821066829,0.895,0.4055,0.414875,0.41025,27107
27127,-0.6098803999229507,27173,-0.4825836050213855,0.8404659821066829,0.895,0.434,0.4375,0.4395,27173
27127,-0.6098803999229507,27129,-0.6133316310339268,0.8404659821066829,0.895,0.4026,0.396125,0.400875,27127
27127,-0.6098803999229507,27033,-1.0495788062469964,0.8404659821066829,0.895,0.723,0.740125,0.726,27127
27127,-0.6098803999229507,27083,-0.4122329590113407,0.8404659821066829,0.895,0.4839,0.474875,0.477375,27083
27137,-0.26961508780260546,27061,-0.29362497301458773,0.8404659821066829,0.895,0.3964,0.39825,0.39875,27137
27137,-0.26961508780260546,27001,-0.3505001671772853,0.8404659821066829,0.895,0.4148,0.414,0.4145,27137
27137,-0.26961508780260546,27017,-0.15098299267135595,0.8404659821066829,0.895,0.432,0.431125,0.43325,27017
27137,-0.26961508780260546,55031,0.15114134410603428,0.8404659821066829,0.895,0.6991,0.717625,0.71775,55031
27137,-0.26961508780260546,27071,-0.3132728157846796,0.8404659821066829,0.895,0.4006,0.406875,0.40775,27137
27163,-0.19099739698849139,27003,-0.0783217416243917,0.8404659821066829,0.895,0.4327,0.43075,0.43725,27003
27163,-0.19099739698849139,27037,-0.19880043004184014,0.8404659821066829,0.895,0.3994,0.40375,0.396875,27163
27163,-0.19099739698849139,27123,-0.10524094340382976,0.8404659821066829,0.895,0.4194,0.425375,0.411625,27123
27163,-0.19099739698849139,27025,-0.17577685144707353,0.8404659821066829,0.895,0.3983,0.399625,0.39275,27025
27163,-0.19099739698849139,55093,-0.53340980445357,0.8404659821066829,0.895,0.633,0.641625,0.637875,27163
27163,-0.19099739698849139,55095,-0.28291924147023173,0.8404659821066829,0.895,0.4181,0.4255,0.41775,27163
27163,-0.19099739698849139,55109,-0.19479627047392628,0.8404659821066829,0.895,0.4004,0.40275,0.405125,27163
27171,-0.30819735996916214,27019,-0.3121774554705244,0.8404659821066829,0.895,0.4027,0.40125,0.399375,27171
27171,-0.30819735996916214,27085,-0.7593407005110177,0.8404659821066829,0.895,0.723,0.737375,0.737625,27171
27171,-0.30819735996916214,27093,-0.6474555261977811,0.8404659821066829,0.895,0.6148,0.623125,0.62525,27171
27171,-0.30819735996916214,27141,-0.22637795858844764,0.8404659821066829,0.895,0.4215,0.419875,0.419875,27141
27173,-0.4825836050213855,27129,-0.6133316310339268,0.8404659821066829,0.895,0.4456,0.4415,0.447,27173
27173,-0.4825836050213855,27081,-0.3510566605076689,0.8404659821066829,0.895,0.4404,0.444125,0.43975,27081
27173,-0.4825836050213855,27083,-0.4122329590113407,0.8404659821066829,0.895,0.4083,0.414,0.409625,27083
27173,-0.4825836050213855,46039,-0.5502559638910537,0.8404659821066829,0.895,0.4145,0.4155,0.41525,27173
28007,0.3282198379154577,28089,2.36801840971293,0.8404659821066829,0.895,1.0,1.0,1.0,28089
28007,0.3282198379154577,28097,0.16064308965837612,0.8404659821066829,0.895,0.4659,0.46525,0.47625,28007
28007,0.3282198379154577,28079,0.9365220832494046,0.8404659821066829,0.895,0.8652,0.868125,0.87525,28079
28007,0.3282198379154577,28015,0.13208196327480465,0.8404659821066829,0.895,0.489,0.49175,0.498625,28007
28007,0.3282198379154577,28159,0.017799879912089533,0.8404659821066829,0.895,0.6024,0.605375,0.603625,28007
28007,0.3282198379154577,28019,-0.27847652676826434,0.8404659821066829,0.895,0.8627,0.87,0.872625,28007
28023,-0.22491954604591102,28061,0.04074226558699188,0.8404659821066829,0.895,0.5247,0.541375,0.53625,28061
28023,-0.22491954604591102,28153,0.08359879172664116,0.8404659821066829,0.895,0.5811,0.59225,0.601875,28153
28023,-0.22491954604591102,28075,0.06558997513237948,0.8404659821066829,0.895,0.5561,0.555,0.553875,28075
28033,0.4719701628765,28143,0.6193630131312736,0.8404659821066829,0.895,0.4483,0.447625,0.445375,28143
28033,0.4719701628765,47157,0.1761793300233566,0.8404659821066829,0.895,0.5642,0.57975,0.58175,28033
28033,0.4719701628765,5035,0.6311072870518885,0.8404659821066829,0.895,0.4597,0.447,0.455875,5035
28033,0.4719701628765,28093,0.3268123837076583,0.8404659821066829,0.895,0.4388,0.456375,0.454,28033
28049,-0.09012259747188257,28089,2.36801840971293,0.8404659821066829,0.895,1.0,1.0,1.0,28089
28049,-0.09012259747188257,28163,0.32093059280790204,0.8404659821066829,0.895,0.7095,0.697875,0.70075,28163
28049,-0.09012259747188257,28149,0.03203393465213164,0.8404659821066829,0.895,0.4354,0.43075,0.4315,28149
28049,-0.09012259747188257,28029,0.004982090768517338,0.8404659821066829,0.895,0.424,0.41475,0.41575,28029
28053,0.36741201590313133,28083,0.3925341581002721,0.8404659821066829,0.895,0.4032,0.405,0.39975,28083
28053,0.36741201590313133,28163,0.32093059280790204,0.8404659821066829,0.895,0.3972,0.40575,0.407625,28053
28053,0.36741201590313133,28125,0.48909081275995886,0.8404659821066829,0.895,0.4279,0.42225,0.435875,28125
28053,0.36741201590313133,28133,0.593759977999316,0.8404659821066829,0.895,0.5066,0.51975,0.53075,28133
28083,0.3925341581002721,28043,0.9079049217258538,0.8404659821066829,0.895,0.8039,0.810625,0.8115,28043
28083,0.3925341581002721,28135,0.3440371708571517,0.8404659821066829,0.895,0.4031,0.402375,0.40275,28083
28083,0.3925341581002721,28015,0.13208196327480465,0.8404659821066829,0.895,0.5325,0.540625,0.52725,28083
28083,0.3925341581002721,28133,0.593759977999316,0.8404659821066829,0.895,0.4794,0.50125,0.505625,28133
28089,2.36801840971293,28163,0.32093059280790204,0.8404659821066829,0.895,1.0,1.0,1.0,28089
28089,2.36801840971293,28079,0.9365220832494046,0.8404659821066829,0.895,0.9993,0.9995,0.999625,28089
28089,2.36801840971293,28123,0.6115461766712278,0.8404659821066829,0.895,1.0,1.0,1.0,28089
28109,0.5276427500265795,28035,0.5535659005258216,0.8404659821066829,0.895,0.402,0.401875,0.403375,28035
28109,0.5276427500265795,28091,0.4985616901195917,0.8404659821066829,0.895,0.4029,0.4005,0.395,28109
28109,0.5276427500265795,28073,0.3535048968538685,0.8404659821066829,0.895,0.4601,0.473625,0.472625,28109
28109,0.5276427500265795,28045,0.04435107871359188,0.8404659821066829,0.895,0.7338,0.751625,0.7405,28109
28109,0.5276427500265795,28131,0.6866524961705522,0.8404659821066829,0.895,0.4552,0.46525,0.455625,28131
28143,0.6193630131312736,5035,0.6311072870518885,0.8404659821066829,0.895,0.4046,0.39825,0.398375,5035
28143,0.6193630131312736,28119,0.8351476570893046,0.8404659821066829,0.895,0.4991,0.512375,0.503375,28119
28143,0.6193630131312736,28027,0.8291356469634358,0.8404659821066829,0.895,0.5059,0.50925,0.5185,28027
28143,0.6193630131312736,5077,0.15874147831199306,0.8404659821066829,0.895,0.7435,0.7585,0.7615,28143
28145,0.009936588443104936,28081,1.1905636795968677,0.8404659821066829,0.895,0.9985,0.99825,0.998375,28081
28145,0.009936588443104936,28093,0.3268123837076583,0.8404659821066829,0.895,0.6119,0.60075,0.600375,28093
28145,0.009936588443104936,28139,-0.053607294665452276,0.8404659821066829,0.895,0.4151,0.40625,0.41125,28145
28145,0.009936588443104936,28009,0.23573214692972946,0.8404659821066829,0.895,0.5068,0.516125,0.503125,28009
28145,0.009936588443104936,28071,0.5057108971938417,0.8404659821066829,0.895,0.7933,0.814875,0.802125,28071
28145,0.009936588443104936,28115,0.18096726227693605,0.8404659821066829,0.895,0.464,0.464875,0.46425,28115
28145,0.009936588443104936,28117,0.3083072999294195,0.8404659821066829,0.895,0.5819,0.587625,0.57375,28117
29061,0.19107852864671826,29025,0.17873890929750444,0.8404659821066829,0.895,0.4018,0.406875,0.40225,29061
29061,0.19107852864671826,29075,-0.3686671160273103,0.8404659821066829,0.895,0.8282,0.83875,0.845875,29061
29061,0.19107852864671826,29117,0.07395070445565756,0.8404659821066829,0.895,0.4315,0.437875,0.42925,29061
29061,0.19107852864671826,29079,0.13715940005970295,0.8404659821066829,0.895,0.4112,0.410875,0.42075,29061
29061,0.19107852864671826,29063,-0.44702632848535523,0.8404659821066829,0.895,0.8801,0.889375,0.891875,29061
29061,0.19107852864671826,29081,-0.3090049139898322,0.8404659821066829,0.895,0.7848,0.79725,0.793875,29061
29095,0.02112834926752937,20091,0.033446631837241385,0.8404659821066829,0.895,0.4052,0.40075,0.39925,20091
29095,0.02112834926752937,29107,0.07028942152271117,0.8404659821066829,0.895,0.4122,0.408625,0.40725,29107
29095,0.02112834926752937,20209,0.42281412029699084,0.8404659821066829,0.895,0.6851,0.70225,0.70425,20209
29095,0.02112834926752937,29101,0.08595280307198279,0.8404659821066829,0.895,0.4062,0.4075,0.412,29101
29095,0.02112834926752937,29177,0.5118756420935553,0.8404659821066829,0.895,0.7764,0.79325,0.79625,29177
29095,0.02112834926752937,29047,0.2679494299511942,0.8404659821066829,0.895,0.5335,0.54125,0.555625,29047
29149,0.11624297025500718,5121,0.25498636150513043,0.8404659821066829,0.895,0.4394,0.443375,0.439875,5121
29149,0.11624297025500718,29181,0.6162027771796315,0.8404659821066829,0.895,0.7797,0.78,0.787375,29181
29149,0.11624297025500718,29035,1.0563625482105365,0.8404659821066829,0.895,0.9849,0.98525,0.986375,29035
29149,0.11624297025500718,29091,0.42093553418793683,0.8404659821066829,0.895,0.5895,0.5925,0.596375,29091
29149,0.11624297025500718,5049,-0.008709085760583681,0.8404659821066829,0.895,0.4338,0.44725,0.449125,29149
29149,0.11624297025500718,29203,0.49713221464649077,0.8404659821066829,0.895,0.6718,0.680875,0.6735,29203
29149,0.11624297025500718,5135,-0.006378347021622772,0.8404659821066829,0.895,0.4406,0.43525,0.443125,29149
29197,-0.155972611661895,29199,0.06496595565898108,0.8404659821066829,0.895,0.508,0.51375,0.529125,29199
29197,-0.155972611661895,19007,-0.4429254805858582,0.8404659821066829,0.895,0.5614,0.5705,0.567125,29197
29197,-0.155972611661895,29171,-0.0009279521415069499,0.8404659821066829,0.895,0.4466,0.44675,0.454375,29171
29197,-0.155972611661895,29001,0.28727048625574825,0.8404659821066829,0.895,0.7132,0.741875,0.735375,29001
29197,-0.155972611661895,19051,-0.5543172226751019,0.8404659821066829,0.895,0.6634,0.690625,0.673875,29197
29199,0.06496595565898108,29001,0.28727048625574825,0.8404659821066829,0.895,0.5052,0.51625,0.5095,29001
29199,0.06496595565898108,19177,-0.1838340186300084,0.8404659821066829,0.895,0.5299,0.558,0.560625,29199
29199,0.06496595565898108,29045,0.22145949339964027,0.8404659821066829,0.895,0.451,0.45325,0.441,29045
29199,0.06496595565898108,19051,-0.5543172226751019,0.8404659821066829,0.895,0.8587,0.88675,0.887125,29199
29199,0.06496595565898108,29103,0.3063694697713677,0.8404659821066829,0.895,0.5195,0.523375,0.521125,29103
29227,-0.32993441359372366,29147,-0.42125185447476887,0.8404659821066829,0.895,0.424,0.41925,0.42025,29227
29227,-0.32993441359372366,19173,-0.5134612031602048,0.8404659821066829,0.895,0.467,0.487625,0.482125,29227
29227,-0.32993441359372366,29075,-0.3686671160273103,0.8404659821066829,0.895,0.401,0.40725,0.40425,29227
29227,-0.32993441359372366,29081,-0.3090049139898322,0.8404659821066829,0.895,0.3996,0.4045,0.40325,29081
30001,-0.4542101311609806,30057,-0.43910077903809286,0.8404659821066829,0.895,0.4006,0.402375,0.397125,30057
30001,-0.4542101311609806,30081,-0.46048671126013024,0.8404659821066829,0.895,0.3974,0.391125,0.400125,30001
30001,-0.4542101311609806,30093,-0.28570169881777857,0.8404659821066829,0.895,0.4607,0.456375,0.452875,30093
30001,-0.4542101311609806,30023,-0.19141141703335793,0.8404659821066829,0.895,0.5503,0.541125,0.544125,30023
30001,-0.4542101311609806,16043,-0.8811541572442413,0.8404659821066829,0.895,0.7252,0.734375,0.7295,30001
30005,-0.6854141212394674,30027,-0.1667257645402773,0.8404659821066829,0.895,0.7876,0.790125,0.794375,30027
30005,-0.6854141212394674,30071,-0.2961134802351271,0.8404659821066829,0.895,0.6513,0.659125,0.662375,30071
30005,-0.6854141212394674,30015,-0.5260394880758764,0.8404659821066829,0.895,0.4486,0.46025,0.464375,30015
30005,-0.6854141212394674,30041,-0.5371565762724254,0.8404659821066829,0.895,0.4381,0.442375,0.43825,30041
30007,-0.0846432593675754,30031,-0.38890572149395514,0.8404659821066829,0.895,0.5809,0.58175,0.590375,30007
30007,-0.0846432593675754,30049,0.11368800093417117,0.8404659821066829,0.895,0.4847,0.484125,0.47875,30049
30007,-0.0846432593675754,30043,0.17379546128747372,0.8404659821066829,0.895,0.5311,0.540125,0.547125,30043
30027,-0.1667257645402773,30045,-0.22830366825303403,0.8404659821066829,0.895,0.4122,0.4045,0.40375,30027
30027,-0.1667257645402773,30071,-0.2961134802351271,0.8404659821066829,0.895,0.4392,0.43575,0.44275,30027
30027,-0.1667257645402773,30015,-0.5260394880758764,0.8404659821066829,0.895,0.6636,0.665125,0.657,30027
30027,-0.1667257645402773,30065,0.3575520482762781,0.8404659821066829,0.895,0.8003,0.82125,0.82275,30065
30027,-0.1667257645402773,30107,-0.4160221691035041,0.8404659821066829,0.895,0.5281,0.535625,0.5455,30027
30027,-0.1667257645402773,30037,-0.10583214466336135,0.8404659821066829,0.895,0.4079,0.410625,0.40625,30037
30031,-0.38890572149395514,30057,-0.43910077903809286,0.8404659821066829,0.895,0.4073,0.40475,0.40525,30031
30031,-0.38890572149395514,56029,-0.3267587379672866,0.8404659821066829,0.895,0.4138,0.419125,0.411,56029
30031,-0.38890572149395514,30043,0.17379546128747372,0.8404659821066829,0.895,0.8525,0.848875,0.865,30043
30031,-0.38890572149395514,16043,-0.8811541572442413,0.8404659821066829,0.895,0.7973,0.803625,0.79775,30031
30031,-0.38890572149395514,30067,-0.3168478759977057,0.8404659821066829,0.895,0.4125,0.40925,0.413,30067
30035,-0.2648604460075696,30101,-0.38990748038086487,0.8404659821066829,0.895,0.4265,0.42025,0.42125,30035
30045,-0.22830366825303403,30015,-0.5260394880758764,0.8404659821066829,0.895,0.582,0.59125,0.5965,30045
30045,-0.22830366825303403,30107,-0.4160221691035041,0.8404659821066829,0.895,0.469,0.48475,0.49,30045
30055,-0.39149857467410537,30085,-0.38842345272958384,0.8404659821066829,0.895,0.4034,0.39975,0.40575,30085
30055,-0.39149857467410537,30105,-0.5334074701042814,0.8404659821066829,0.895,0.4409,0.453375,0.4435,30055
30055,-0.39149857467410537,30033,-0.42402052010839486,0.8404659821066829,0.895,0.3971,0.401875,0.399625,30055
30055,-0.39149857467410537,30083,-0.2723872697196171,0.8404659821066829,0.895,0.4363,0.42225,0.43225,30083
30055,-0.39149857467410537,30079,-0.357527717550569,0.8404659821066829,0.895,0.4019,0.402625,0.40375,30079
30055,-0.39149857467410537,30021,-0.17189438419580416,0.8404659821066829,0.895,0.4943,0.488375,0.490625,30021
30057,-0.43910077903809286,30093,-0.28570169881777857,0.8404659821066829,0.895,0.4528,0.452375,0.442,30093
30057,-0.43910077903809286,30043,0.17379546128747372,0.8404659821066829,0.895,0.8655,0.879125,0.881,30043
30057,-0.43910077903809286,16043,-0.8811541572442413,0.8404659821066829,0.895,0.7209,0.727,0.7215,30057
30077,-0.17293241824224045,30039,-0.4109993579970571,0.8404659821066829,0.895,0.5152,0.499,0.50125,30077
30077,-0.17293241824224045,30049,0.11368800093417117,0.8404659821066829,0.895,0.5696,0.59,0.5865,30049
30077,-0.17293241824224045,30063,-0.2254474801063001,0.8404659821066829,0.895,0.4117,0.402875,0.396375,30077
30077,-0.17293241824224045,30043,0.17379546128747372,0.8404659821066829,0.895,0.6246,0.6535,0.66225,30043
30077,-0.17293241824224045,30023,-0.19141141703335793,0.8404659821066829,0.895,0.4037,0.403375,0.3995,30077
30085,-0.38842345272958384,30105,-0.5334074701042814,0.8404659821066829,0.895,0.4499,0.44325,0.436625,30085
30085,-0.38842345272958384,38105,-0.6567447952994157,0.8404659821066829,0.895,0.5425,0.5515,0.555375,30085
30085,-0.38842345272958384,30019,0.1370080123839119,0.8404659821066829,0.895,0.7751,0.78625,0.786,30019
30085,-0.38842345272958384,30083,-0.2723872697196171,0.8404659821066829,0.895,0.4276,0.438125,0.431125,30083
30085,-0.38842345272958384,30091,0.1297301558446967,0.8404659821066829,0.895,0.7762,0.79075,0.79325,30091
30087,-0.1335379761797103,30033,-0.42402052010839486,0.8404659821066829,0.895,0.5878,0.58875,0.590875,30087
30087,-0.1335379761797103,30065,0.3575520482762781,0.8404659821066829,0.895,0.768,0.7895,0.777125,30065
30087,-0.1335379761797103,30075,-0.29771543150726604,0.8404659821066829,0.895,0.4694,0.460875,0.464,30087
30087,-0.1335379761797103,30017,0.013803294444940354,0.8404659821066829,0.895,0.4567,0.443125,0.448,30017
30087,-0.1335379761797103,30111,-0.13729579146006496,0.8404659821066829,0.895,0.401,0.400875,0.398375,30087
30087,-0.1335379761797103,30103,0.12927062176093262,0.8404659821066829,0.895,0.5427,0.550375,0.54975,30103
30105,-0.5334074701042814,30071,-0.2961134802351271,0.8404659821066829,0.895,0.5045,0.525875,0.52275,30071
30105,-0.5334074701042814,30033,-0.42402052010839486,0.8404659821066829,0.895,0.4257,0.437,0.430625,30033
30105,-0.5334074701042814,30019,0.1370080123839119,0.8404659821066829,0.895,0.8642,0.880125,0.87175,30019
31005,-0.4401740079269158,31117,-0.4616181070879684,0.8404659821066829,0.895,0.4059,0.402125,0.401875,31005
31005,-0.4401740079269158,31075,-0.628732859294749,0.8404659821066829,0.895,0.4684,0.48775,0.494625,31005
31005,-0.4401740079269158,31091,-0.38319182158634824,0.8404659821066829,0.895,0.4136,0.40875,0.40475,31091
31005,-0.4401740079269158,31069,-0.3673315660282381,0.8404659821066829,0.895,0.4072,0.408,0.41125,31069
31117,-0.4616181070879684,31091,-0.38319182158634824,0.8404659821066829,0.895,0.4114,0.41675,0.411875,31091
31117,-0.4616181070879684,31111,-0.18647766766306173,0.8404659821066829,0.895,0.5627,0.5685,0.5575,31111
31157,-0.4126280164606949,31165,-0.5513447675531284,0.8404659821066829,0.895,0.4395,0.440625,0.446125,31157
31157,-0.4126280164606949,31013,-0.5422008912609897,0.8404659821066829,0.895,0.4363,0.447375,0.454375,31157
31157,-0.4126280164606949,31123,-0.36841644737028584,0.8404659821066829,0.895,0.4049,0.4105,0.400375,31123
31157,-0.4126280164606949,31007,-0.6318013055924885,0.8404659821066829,0.895,0.5008,0.509,0.51425,31157
31157,-0.4126280164606949,56015,-0.5921080067498526,0.8404659821066829,0.895,0.4753,0.465875,0.46925,31157
31183,-0.6583200315732441,31071,-0.8650612446690673,0.8404659821066829,0.895,0.4934,0.49125,0.490375,31183
31183,-0.6583200315732441,31011,-0.5305419555767109,0.8404659821066829,0.895,0.4352,0.443125,0.433375,31011
31183,-0.6583200315732441,31003,-0.6659950618103266,0.8404659821066829,0.895,0.4027,0.3985,0.397375,31183
31183,-0.6583200315732441,31077,-0.6628016314467026,0.8404659821066829,0.895,0.3992,0.4035,0.401625,31183
31183,-0.6583200315732441,31089,-0.7290631763768737,0.8404659821066829,0.895,0.4083,0.41425,0.423625,31183
31183,-0.6583200315732441,31175,-0.6710462747997561,0.8404659821066829,0.895,0.3963,0.3995,0.398625,31183
32001,-0.013160809176410267,32015,-0.253998552634071,0.8404659821066829,0.895,0.5278,0.532,0.5255,32001
32001,-0.013160809176410267,32031,-0.4038858914368138,0.8404659821066829,0.895,0.7101,0.723125,0.708,32001
32001,-0.013160809176410267,32019,-0.19792177302693517,0.8404659821066829,0.895,0.4829,0.478125,0.475625,32001
32001,-0.013160809176410267,32027,-0.6211500256176954,0.8404659821066829,0.895,0.8439,0.852625,0.841375,32001
32001,-0.013160809176410267,32021,-0.24051855507644013,0.8404659821066829,0.895,0.5144,0.529625,0.523625,32001
32001,-0.013160809176410267,32023,-0.034152502036470515,0.8404659821066829,0.895,0.4062,0.40725,0.401625,32001
33009,0.032048581818159186,33007,-0.15154367494987595,0.8404659821066829,0.895,0.4845,0.49925,0.484,33009
33009,0.032048581818159186,50017,0.08330410882645524,0.8404659821066829,0.895,0.4022,0.40275,0.41325,50017
33009,0.032048581818159186,50009,-0.24154702026414335,0.8404659821066829,0.895,0.5576,0.570875,0.56675,33009
33009,0.032048581818159186,33001,0.29219077091674234,0.8404659821066829,0.895,0.5411,0.536875,0.557625,33001
33009,0.032048581818159186,33003,0.004262693041676937,0.8404659821066829,0.895,0.3976,0.412375,0.390125,33009
33009,0.032048581818159186,33013,0.27951236272334684,0.8404659821066829,0.895,0.5397,0.54575,0.550375,33013
33009,0.032048581818159186,50005,-0.01484674294758901,0.8404659821066829,0.895,0.4,0.407375,0.40825,33009
33009,0.032048581818159186,33019,0.2629931180293304,0.8404659821066829,0.895,0.5209,0.529125,0.54,33019
34003,-0.415279188997881,34013,-0.4857782507688964,0.8404659821066829,0.895,0.4132,0.407,0.41625,34003
34003,-0.415279188997881,34031,-0.3084103109954024,0.8404659821066829,0.895,0.4304,0.4315,0.4415,34031
34003,-0.415279188997881,36087,-0.5464554382462833,0.8404659821066829,0.895,0.4457,0.431375,0.432875,34003
34003,-0.415279188997881,36005,-1.1339034706138464,0.8404659821066829,0.895,0.9138,0.929625,0.923375,34003
34003,-0.415279188997881,34017,-0.42484982547538086,0.8404659821066829,0.895,0.3914,0.401125,0.398375,34003
34009,0.10300699300687007,34001,-0.08986664094291368,0.8404659821066829,0.895,0.4733,0.470625,0.4695,34009
34009,0.10300699300687007,34011,-0.1636497840109829,0.8404659821066829,0.895,0.5152,0.524125,0.5155,34009
34013,-0.4857782507688964,34031,-0.3084103109954024,0.8404659821066829,0.895,0.4759,0.479125,0.48075,34031
34013,-0.4857782507688964,34027,-0.13802240311916086,0.8404659821066829,0.895,0.6282,0.63675,0.63025,34027
34013,-0.4857782507688964,34017,-0.42484982547538086,0.8404659821066829,0.895,0.4084,0.410125,0.40275,34017
34013,-0.4857782507688964,34039,-0.36549968763295493,0.8404659821066829,0.895,0.4339,0.435,0.4385,34039
34023,-0.1579942730802613,34039,-0.36549968763295493,0.8404659821066829,0.895,0.4846,0.478,0.48625,34023
34033,0.11875072818008293,34015,0.16355566447964756,0.8404659821066829,0.895,0.4084,0.403375,0.4,34015
34033,0.11875072818008293,34011,-0.1636497840109829,0.8404659821066829,0.895,0.5381,0.532875,0.53475,34033
35019,-0.9956608046962494,35011,-0.6716006681193185,0.8404659821066829,0.895,0.5921,0.616375,0.610125,35011
35019,-0.9956608046962494,35057,-1.1822237709294847,0.8404659821066829,0.895,0.4818,0.488375,0.484125,35019
35019,-0.9956608046962494,35037,-0.6148724189176014,0.8404659821066829,0.895,0.6786,0.697375,0.704625,35037
35019,-0.9956608046962494,35047,-1.0619615013655712,0.8404659821066829,0.895,0.4095,0.416375,0.410625,35019
35019,-0.9956608046962494,35027,-1.1030169556562541,0.8404659821066829,0.895,0.4264,0.422125,0.425,35019
35031,-2.08309136641655,35043,-1.230121401826735,0.8404659821066829,0.895,0.9629,0.965375,0.96675,35043
35031,-2.08309136641655,35006,-1.4537429640441328,0.8404659821066829,0.895,0.8683,0.868875,0.869375,35006
48073,0.41137359901189313,48347,0.5357415571136716,0.8404659821066829,0.895,0.434,0.437125,0.4345,48347
48073,0.41137359901189313,48005,0.21841315938307285,0.8404659821066829,0.895,0.4972,0.49575,0.49475,48073
48073,0.41137359901189313,48225,0.43145083482005686,0.8404659821066829,0.895,0.3963,0.4005,0.40375,48225
48073,0.41137359901189313,48423,0.30650658039780354,0.8404659821066829,0.895,0.4272,0.427,0.432,48073
48073,0.41137359901189313,48401,0.3924982495676536,0.8404659821066829,0.895,0.4035,0.40275,0.404125,48073
48079,-0.16629763436813613,48501,-0.1965823920997936,0.8404659821066829,0.895,0.3967,0.4105,0.40525,48079
48079,-0.16629763436813613,48017,-0.7160804920840301,0.8404659821066829,0.895,0.7999,0.82075,0.81575,48079
48079,-0.16629763436813613,35025,-0.30190365886439774,0.8404659821066829,0.895,0.4478,0.457125,0.4585,48079
48079,-0.16629763436813613,48219,-0.09794976009439636,0.8404659821066829,0.895,0.4161,0.40475,0.40575,48219
48079,-0.16629763436813613,35041,-0.7692448504247995,0.8404659821066829,0.895,0.8609,0.89525,0.8895,48079
48089,-0.025818425651818494,48481,0.07594046788239521,0.8404659821066829,0.895,0.425,0.426125,0.42225,48481
48089,-0.025818425651818494,48285,-0.2633776000922962,0.8404659821066829,0.895,0.5156,0.535125,0.5225,48089
48089,-0.025818425651818494,48149,-0.19157297127131354,0.8404659821066829,0.895,0.4659,0.46425,0.460375,48089
48109,-0.6405228952997909,35015,-0.5623601413870458,0.8404659821066829,0.895,0.4159,0.4055,0.40275,35015
48109,-0.6405228952997909,48389,-0.4029131241503841,0.8404659821066829,0.895,0.5153,0.51425,0.523,48389
48109,-0.6405228952997909,35035,-0.9264009438277871,0.8404659821066829,0.895,0.5645,0.6065,0.60625,48109
48109,-0.6405228952997909,48243,-0.5289566393859041,0.8404659821066829,0.895,0.4281,0.42225,0.4355,48243
48119,0.5183950085102209,48277,0.6752762032400902,0.8404659821066829,0.895,0.4495,0.457125,0.45175,48277
48119,0.5183950085102209,48387,0.6827981769164486,0.8404659821066829,0.895,0.4606,0.465875,0.462375,48387
48119,0.5183950085102209,48223,0.553704827239018,0.8404659821066829,0.895,0.3999,0.4045,0.40675,48223
48119,0.5183950085102209,48147,0.34375178515958643,0.8404659821066829,0.895,0.472,0.47225,0.467875,48119
48119,0.5183950085102209,48159,0.478541015258259,0.8404659821066829,0.895,0.4016,0.404625,0.39875,48119
48119,0.5183950085102209,48231,0.6477572854237927,0.8404659821066829,0.895,0.4387,0.43925,0.448875,48231
48167,0.6373032897404474,48039,0.4198685383521295,0.8404659821066829,0.895,0.4874,0.489375,0.494,48167
48167,0.6373032897404474,48201,0.24450014005256526,0.8404659821066829,0.895,0.6511,0.666125,0.64725,48167
48187,-0.1860979931207222,48029,-0.35576547944555487,0.8404659821066829,0.895,0.4675,0.481125,0.481,48187
48187,-0.1860979931207222,48055,-0.003915014822288138,0.8404659821066829,0.895,0.4759,0.47,0.477,48055
48187,-0.1860979931207222,48091,-0.08465613842143607,0.8404659821066829,0.895,0.4183,0.419,0.4135,48091
48187,-0.1860979931207222,48177,-0.06969655875577972,0.8404659821066829,0.895,0.4393,0.439875,0.4345,48177
48187,-0.1860979931207222,48209,-0.12767534169444159,0.8404659821066829,0.895,0.403,0.411875,0.41175,48209
48187,-0.1860979931207222,48493,-0.1790061840443532,0.8404659821066829,0.895,0.4053,0.405625,0.396375,48493
48203,0.39349003253833914,48459,0.6401042002769083,0.8404659821066829,0.895,0.5285,0.55525,0.551875,48459
48203,0.39349003253833914,48183,0.4979724671156557,0.8404659821066829,0.895,0.4224,0.429375,0.433,48183
48203,0.39349003253833914,48365,0.5197470374394348,0.8404659821066829,0.895,0.434,0.43075,0.437375,48365
48203,0.39349003253833914,48401,0.3924982495676536,0.8404659821066829,0.895,0.3978,0.397375,0.396125,48203
48207,0.4967245124060908,48275,0.21496741168971525,0.8404659821066829,0.895,0.5356,0.54275,0.554125,48207
48207,0.4967245124060908,48417,0.8549614156441073,0.8404659821066829,0.895,0.6287,0.646875,0.644625,48417
48207,0.4967245124060908,48447,0.5014996057891842,0.8404659821066829,0.895,0.4061,0.400375,0.403875,48447
48207,0.4967245124060908,48253,0.19046040338634626,0.8404659821066829,0.895,0.5751,0.5965,0.597125,48207
48207,0.4967245124060908,48433,0.7003673889079016,0.8404659821066829,0.895,0.4825,0.491125,0.495,48433
48241,0.13483923486625998,48351,0.20247319785442824,0.8404659821066829,0.895,0.4161,0.405125,0.4125,48351
48241,0.13483923486625998,48405,0.017267152224398417,0.8404659821066829,0.895,0.44,0.43475,0.42575,48241
48241,0.13483923486625998,48457,0.22790598257900924,0.8404659821066829,0.895,0.4177,0.429625,0.417375,48457
48241,0.13483923486625998,48005,0.21841315938307285,0.8404659821066829,0.895,0.4181,0.438875,0.42675,48005
48241,0.13483923486625998,48403,0.1735372869191661,0.8404659821066829,0.895,0.3968,0.405125,0.41275,48403
48241,0.13483923486625998,48361,0.2601237124720697,0.8404659821066829,0.895,0.44,0.449125,0.438375,48361
48261,-0.02245196578329932,48047,-0.4268810374038836,0.8404659821066829,0.895,0.6712,0.68825,0.68525,48261
48261,-0.02245196578329932,48273,-0.04339292073009406,0.8404659821066829,0.895,0.4024,0.399875,0.396875,48261
48261,-0.02245196578329932,48489,-0.5876451506744689,0.8404659821066829,0.895,0.7796,0.79,0.79575,48261
48267,0.14761704558405117,48327,0.20512128707726443,0.8404659821066829,0.895,0.4093,0.408625,0.41625,48327
48267,0.14761704558405117,48435,0.15472730196519255,0.8404659821066829,0.895,0.4012,0.40225,0.3955,48435
48267,0.14761704558405117,48319,0.29124139076849703,0.8404659821066829,0.895,0.4432,0.455375,0.449125,48319
48267,0.14761704558405117,48171,-0.10577680895586561,0.8404659821066829,0.895,0.5336,0.547875,0.545625,48267
48267,0.14761704558405117,48137,-0.07760797260495124,0.8404659821066829,0.895,0.5086,0.507375,0.503375,48267
48267,0.14761704558405117,48265,0.11050258484513698,0.8404659821066829,0.895,0.4031,0.41175,0.401625,48267
48277,0.6752762032400902,48387,0.6827981769164486,0.8404659821066829,0.895,0.4078,0.397875,0.403625,48387
48277,0.6752762032400902,40013,0.5983363301367611,0.8404659821066829,0.895,0.4099,0.417625,0.41375,48277
48277,0.6752762032400902,40023,0.907236653942399,0.8404659821066829,0.895,0.5128,0.503625,0.498875,40023
48277,0.6752762032400902,48147,0.34375178515958643,0.8404659821066829,0.895,0.5962,0.604875,0.60975,48277
48287,-0.06878585508867267,48477,-0.0917353402457938,0.8404659821066829,0.895,0.4058,0.402125,0.402625,48287
48287,-0.06878585508867267,48491,0.10300690478814178,0.8404659821066829,0.895,0.4575,0.465875,0.474875,48491
48287,-0.06878585508867267,48331,0.4129074726935047,0.8404659821066829,0.895,0.7465,0.782,0.776875,48331
48287,-0.06878585508867267,48021,0.40595682063258637,0.8404659821066829,0.895,0.747,0.763625,0.76825,48021
48287,-0.06878585508867267,48149,-0.19157297127131354,0.8404659821066829,0.895,0.4337,0.429375,0.42975,48287
48301,0.3033266923514321,48475,0.1828822521736549,0.8404659821066829,0.895,0.4372,0.44275,0.430625,48301
48301,0.3033266923514321,35015,-0.5623601413870458,0.8404659821066829,0.895,0.9645,0.975875,0.9715,48301
48301,0.3033266923514321,48389,-0.4029131241503841,0.8404659821066829,0.895,0.9112,0.92175,0.914625,48301
48301,0.3033266923514321,35025,-0.30190365886439774,0.8404659821066829,0.895,0.8662,0.880375,0.8725,48301
48301,0.3033266923514321,48495,0.23948439077773523,0.8404659821066829,0.895,0.4075,0.412125,0.409125,48301
48311,-0.9438313880487403,48297,-0.38220176633316144,0.8404659821066829,0.895,0.8186,0.845875,0.83075,48297
48311,-0.9438313880487403,48013,-0.4876861318510004,0.8404659821066829,0.895,0.7262,0.754875,0.75625,48013
48311,-0.9438313880487403,48131,-0.5074711692636111,0.8404659821066829,0.895,0.696,0.7315,0.731,48131
48311,-0.9438313880487403,48283,-0.9981684680877825,0.8404659821066829,0.895,0.4055,0.409,0.4,48311
48327,0.20512128707726443,48319,0.29124139076849703,0.8404659821066829,0.895,0.4184,0.413375,0.417,48319
48327,0.20512128707726443,48095,-0.026439137856051162,0.8404659821066829,0.895,0.5044,0.525625,0.532,48327
48327,0.20512128707726443,48307,0.3807781407602375,0.8404659821066829,0.895,0.4677,0.454,0.464375,48307
48327,0.20512128707726443,48413,0.1950504116395497,0.8404659821066829,0.895,0.4034,0.39775,0.40325,48327
51001,1.0873295410187744,51131,1.215960321471324,0.8404659821066829,0.895,0.4226,0.435875,0.437875,51131
51005,0.1709774452681424,51017,0.03583783013605521,0.8404659821066829,0.895,0.4463,0.45025,0.44425,51005
51005,0.1709774452681424,54025,0.049764021026007584,0.8404659821066829,0.895,0.433,0.446,0.447125,51005
51005,0.1709774452681424,51023,-0.33578352720627275,0.8404659821066829,0.895,0.7773,0.796875,0.787125,51005
51005,0.1709774452681424,51580,0.3642889494665307,0.8404659821066829,0.895,0.4636,0.445625,0.459125,51580
51005,0.1709774452681424,51163,-0.1998385329414436,0.8404659821066829,0.895,0.6667,0.6835,0.68325,51005
51005,0.1709774452681424,51045,-0.089906539794749,0.8404659821066829,0.895,0.5499,0.549625,0.55325,51005
51007,0.48489445225035505,51145,0.22544426303581985,0.8404659821066829,0.895,0.5311,0.532375,0.5265,51007
51007,0.48489445225035505,51147,0.028815132458231908,0.8404659821066829,0.895,0.7462,0.761125,0.7595,51007
51007,0.48489445225035505,51049,-0.053447712715198756,0.8404659821066829,0.895,0.8092,0.830875,0.831875,51007
51007,0.48489445225035505,51135,0.043413798561353224,0.8404659821066829,0.895,0.7151,0.738,0.73475,51007
51017,0.03583783013605521,51091,-0.2624202589322576,0.8404659821066829,0.895,0.5635,0.570375,0.565875,51017
51017,0.03583783013605521,54025,0.049764021026007584,0.8404659821066829,0.895,0.3976,0.401125,0.402875,54025
51017,0.03583783013605521,54075,-0.13870293162941924,0.8404659821066829,0.895,0.464,0.481,0.485125,51017
51017,0.03583783013605521,51015,-0.1771468782228278,0.8404659821066829,0.895,0.5001,0.5105,0.50175,51017
51017,0.03583783013605521,51163,-0.1998385329414436,0.8404659821066829,0.895,0.5335,0.523125,0.53425,51017
51027,0.3462814302106777,51051,0.7903261878411587,0.8404659821066829,0.895,0.7041,0.728875,0.731,51051
51027,0.3462814302106777,51167,0.6295193597217611,0.8404659821066829,0.895,0.5668,0.59,0.58025,51167
51027,0.3462814302106777,54059,1.2342858935992298,0.8404659821066829,0.895,0.9748,0.980125,0.980125,54059
51027,0.3462814302106777,54047,0.8606798468570079,0.8404659821066829,0.895,0.7778,0.78825,0.782375,54047
51031,0.027271326464994708,51009,0.09138916971032462,0.8404659821066829,0.895,0.4102,0.41425,0.406875,51009
51031,0.027271326464994708,51083,-0.009753999842351951,0.8404659821066829,0.895,0.3996,0.40675,0.415125,51031
51031,0.027271326464994708,51011,-0.04365758535995569,0.8404659821066829,0.895,0.4092,0.4165,0.417625,51031
51031,0.027271326464994708,51680,0.29719848728936127,0.8404659821066829,0.895,0.5385,0.539375,0.535875,51680
51035,0.07432784432048181,51077,0.30024811953421493,0.8404659821066829,0.895,0.5224,0.536,0.521875,51077
51035,0.07432784432048181,51063,-0.31781195721523864,0.8404659821066829,0.895,0.6866,0.677625,0.687125,51035
51035,0.07432784432048181,51640,0.6334147833049852,0.8404659821066829,0.895,0.7846,0.7965,0.804,51640
51035,0.07432784432048181,51141,-0.17359005819071313,0.8404659821066829,0.895,0.5268,0.53225,0.531375,51035
51035,0.07432784432048181,51197,0.17724082335426497,0.8404659821066829,0.895,0.4225,0.423125,0.42525,51197
51035,0.07432784432048181,37171,0.3643060664287033,0.8404659821066829,0.895,0.58,0.588,0.600375,37171
51036,0.06672610568727952,51149,0.04385672351062501,0.8404659821066829,0.895,0.3999,0.410875,0.4105,51036
51036,0.06672610568727952,51181,-0.05764869209587574,0.8404659821066829,0.895,0.4237,0.440875,0.443625,51036
51036,0.06672610568727952,51095,0.04059602119898653,0.8404659821066829,0.895,0.4019,0.396625,0.402125,51036
51051,0.7903261878411587,51167,0.6295193597217611,0.8404659821066829,0.895,0.4563,0.462375,0.4575,51051
51051,0.7903261878411587,51195,1.1990614748343982,0.8404659821066829,0.895,0.6857,0.693375,0.688625,51195
51057,0.2806241431497603,51033,0.40317418282320233,0.8404659821066829,0.895,0.4359,0.44375,0.446125,51033
51057,0.2806241431497603,51119,0.7324571372129816,0.8404659821066829,0.895,0.7088,0.73375,0.74,51119
51057,0.2806241431497603,51159,-0.3254710346383652,0.8404659821066829,0.895,0.8358,0.85175,0.865875,51057
51057,0.2806241431497603,51097,0.4288669311470311,0.8404659821066829,0.895,0.4516,0.46925,0.45625,51097
51057,0.2806241431497603,51193,0.2630932758663504,0.8404659821066829,0.895,0.4008,0.394625,0.397625,51057
51061,0.20102772512007924,51157,-0.0045296561147509734,0.8404659821066829,0.895,0.487,0.492125,0.499125,51061
51061,0.20102772512007924,51179,0.42343573528971673,0.8404659821066829,0.895,0.5132,0.534375,0.517375,51179
51061,0.20102772512007924,51153,-0.019040042665412354,0.8404659821066829,0.895,0.5043,0.513125,0.506375,51061
51061,0.20102772512007924,51047,0.2705850418331291,0.8404659821066829,0.895,0.4054,0.417375,0.41225,51047
51061,0.20102772512007924,51043,0.4662378454678531,0.8404659821066829,0.895,0.5431,0.56225,0.55175,51043
51061,0.20102772512007924,51187,0.420177798546294,0.8404659821066829,0.895,0.5059,0.4995,0.505875,51187
51077,0.30024811953421493,51191,0.4937783977663365,0.8404659821066829,0.895,0.4902,0.482875,0.488625,51191
51077,0.30024811953421493,51640,0.6334147833049852,0.8404659821066829,0.895,0.5818,0.6095,0.602625,51640
51077,0.30024811953421493,37005,-0.0008056067562281273,0.8404659821066829,0.895,0.5823,0.562,0.577875,51077
51077,0.30024811953421493,51173,0.7574006881261202,0.8404659821066829,0.895,0.7586,0.758125,0.763,51173
51077,0.30024811953421493,51197,0.17724082335426497,0.8404659821066829,0.895,0.4357,0.43975,0.436,51077
51077,0.30024811953421493,37171,0.3643060664287033,0.8404659821066829,0.895,0.4127,0.411375,0.42,37171
51081,-0.026134780365490138,51595,0.08038888949662422,0.8404659821066829,0.895,0.4193,0.431875,0.42525,51595
51081,-0.026134780365490138,51175,-0.04270792096454994,0.8404659821066829,0.895,0.4028,0.4025,0.403375,51081
51081,-0.026134780365490138,51183,0.21664902488383492,0.8404659821066829,0.895,0.5249,0.539,0.53825,51183
51081,-0.026134780365490138,51025,-0.1841341211983737,0.8404659821066829,0.895,0.4594,0.451625,0.460125,51081
51091,-0.2624202589322576,54075,-0.13870293162941924,0.8404659821066829,0.895,0.435,0.43075,0.42075,54075
51091,-0.2624202589322576,54071,-1.0492488174548715,0.8404659821066829,0.895,0.9427,0.952125,0.9515,51091
51091,-0.2624202589322576,51015,-0.1771468782228278,0.8404659821066829,0.895,0.4175,0.422375,0.4235,51015
51101,0.5046190965063477,51033,0.40317418282320233,0.8404659821066829,0.895,0.4223,0.41325,0.420875,51101
51101,0.5046190965063477,51097,0.4288669311470311,0.8404659821066829,0.895,0.4127,0.413375,0.415625,51101
51111,-0.24649532798380297,51025,-0.1841341211983737,0.8404659821066829,0.895,0.4133,0.412625,0.41075,51025
51111,-0.24649532798380297,51147,0.028815132458231908,0.8404659821066829,0.895,0.5614,0.56375,0.568625,51147
51111,-0.24649532798380297,51135,0.043413798561353224,0.8404659821066829,0.895,0.5586,0.554125,0.55925,51135
51121,0.07969829342974061,51063,-0.31781195721523864,0.8404659821066829,0.895,0.6844,0.6745,0.695625,51121
51121,0.07969829342974061,51750,0.6828323151410688,0.8404659821066829,0.895,0.8141,0.834625,0.83225,51750
51121,0.07969829342974061,51045,-0.089906539794749,0.8404659821066829,0.895,0.4593,0.4835,0.47875,51121
51121,0.07969829342974061,51071,0.4029691176025482,0.8404659821066829,0.895,0.612,0.598125,0.6015,51071
51145,0.22544426303581985,51075,0.1133529419371439,0.8404659821066829,0.895,0.4226,0.435125,0.43475,51145
51145,0.22544426303581985,51049,-0.053447712715198756,0.8404659821066829,0.895,0.5467,0.580875,0.576,51145
51157,-0.0045296561147509734,51113,-0.24614759650561172,0.8404659821066829,0.895,0.515,0.52975,0.51475,51157
51157,-0.0045296561147509734,51139,-0.24056847391025157,0.8404659821066829,0.895,0.5172,0.53175,0.523625,51157
51157,-0.0045296561147509734,51047,0.2705850418331291,0.8404659821066829,0.895,0.5522,0.559125,0.5655,51047
51157,-0.0045296561147509734,51187,0.420177798546294,0.8404659821066829,0.895,0.7002,0.7085,0.70475,51187
51167,0.6295193597217611,51195,1.1990614748343982,0.8404659821066829,0.895,0.8553,0.873375,0.867625,51195
51167,0.6295193597217611,51191,0.4937783977663365,0.8404659821066829,0.895,0.4405,0.45725,0.4545,51167
51167,0.6295193597217611,51173,0.7574006881261202,0.8404659821066829,0.895,0.4426,0.44425,0.438125,51173
51167,0.6295193597217611,51169,0.6885143723599374,0.8404659821066829,0.895,0.4102,0.411375,0.406125,51169
51177,0.35027052683109294,51033,0.40317418282320233,0.8404659821066829,0.895,0.4097,0.408625,0.40975,51033
51177,0.35027052683109294,51137,0.0749232795042451,0.8404659821066829,0.895,0.5639,0.556375,0.563375,51177
51177,0.35027052683109294,51179,0.42343573528971673,0.8404659821066829,0.895,0.4112,0.426,0.417875,51179
51177,0.35027052683109294,51047,0.2705850418331291,0.8404659821066829,0.895,0.4254,0.416125,0.413875,51177
51177,0.35027052683109294,51630,0.38447551183439216,0.8404659821066829,0.895,0.4018,0.403625,0.40575,51630
51195,1.1990614748343982,51105,1.3373675078750058,0.8404659821066829,0.895,0.4515,0.455125,0.45275,51105
51195,1.1990614748343982,51720,0.3474916846221336,0.8404659821066829,0.895,0.9389,0.945125,0.938875,51195
51195,1.1990614748343982,51169,0.6885143723599374,0.8404659821066829,0.895,0.8106,0.821,0.817375,51195
51678,-0.1692487051098288,51163,-0.1998385329414436,0.8404659821066829,0.895,0.3971,0.40775,0.4055,51678
53043,-0.4138292034761045,53047,-0.2959614678754281,0.8404659821066829,0.895,0.429,0.430875,0.441875,53047
53043,-0.4138292034761045,53019,-0.5876322559718815,0.8404659821066829,0.895,0.457,0.468875,0.468375,53043
53043,-0.4138292034761045,53065,-0.46469805987707896,0.8404659821066829,0.895,0.4102,0.407625,0.402875,53043
53043,-0.4138292034761045,53075,-0.2752541034228233,0.8404659821066829,0.895,0.454,0.452375,0.4515,53075
53043,-0.4138292034761045,53001,-0.458517006809693,0.8404659821066829,0.895,0.412,0.405625,0.397625,53043
53043,-0.4138292034761045,53063,-0.1952342096827739,0.8404659821066829,0.895,0.5064,0.51,0.50275,53063
53047,-0.2959614678754281,53057,-0.15758681073622652,0.8404659821066829,0.895,0.4419,0.43975,0.444,53057
53047,-0.2959614678754281,53007,-0.3569826977187027,0.8404659821066829,0.895,0.4042,0.40175,0.400875,53047
53047,-0.2959614678754281,53019,-0.5876322559718815,0.8404659821066829,0.895,0.5556,0.564875,0.57375,53047
53047,-0.2959614678754281,53073,-0.3190115054179835,0.8404659821066829,0.895,0.3999,0.406625,0.402,53047
53047,-0.2959614678754281,53017,-0.520027354246782,0.8404659821066829,0.895,0.5047,0.514375,0.50675,53047
53049,-0.21546601761507103,53041,-0.13326633698616921,0.8404659821066829,0.895,0.4163,0.407625,0.416875,53041
53049,-0.21546601761507103,53027,0.12908944288052257,0.8404659821066829,0.895,0.5948,0.599625,0.604625,53027
53049,-0.21546601761507103,53069,-0.5301638473149434,0.8404659821066829,0.895,0.5684,0.578125,0.565625,53049
53057,-0.15758681073622652,53007,-0.3569826977187027,0.8404659821066829,0.895,0.4774,0.475,0.46975,53057
53057,-0.15758681073622652,53073,-0.3190115054179835,0.8404659821066829,0.895,0.4408,0.436125,0.44075,53057
53077,-0.20591695112198558,53041,-0.13326633698616921,0.8404659821066829,0.895,0.4068,0.406875,0.418375,53041
53077,-0.20591695112198558,53053,-0.04375682644999376,0.8404659821066829,0.895,0.4511,0.4515,0.44975,53053
53077,-0.20591695112198558,53039,-0.2943911053468567,0.8404659821066829,0.895,0.4133,0.428625,0.425875,53077
53077,-0.20591695112198558,53059,-0.03602004246594854,0.8404659821066829,0.895,0.4668,0.47125,0.479125,53059
54001,-0.4376679014815452,54083,-0.6432065215198334,0.8404659821066829,0.895,0.4914,0.50375,0.49575,54001
54001,-0.4376679014815452,54091,-0.1000093776728652,0.8404659821066829,0.895,0.6095,0.631,0.6425,54091
54001,-0.4376679014815452,54097,-0.08518017293614867,0.8404659821066829,0.895,0.6262,0.6445,0.64375,54097
54001,-0.4376679014815452,54077,-0.7462895838730458,0.8404659821066829,0.895,0.5973,0.5925,0.588,54001
54021,-0.24458249401944204,54041,0.3510459730856916,0.8404659821066829,0.895,0.843,0.85525,0.85275,54041
54021,-0.24458249401944204,54085,-0.07154780103931209,0.8404659821066829,0.895,0.469,0.462875,0.462875,54085
54021,-0.24458249401944204,54013,0.10931268063422551,0.8404659821066829,0.895,0.6355,0.6385,0.628625,54013
54025,0.049764021026007584,54075,-0.13870293162941924,0.8404659821066829,0.895,0.4834,0.48,0.48475,54025
54025,0.049764021026007584,54019,0.29797675132832313,0.8404659821066829,0.895,0.5351,0.529875,0.524875,54019
54025,0.049764021026007584,54067,0.13869225273348668,0.8404659821066829,0.895,0.4174,0.4265,0.41925,54067
54025,0.049764021026007584,54089,-0.20746143409278084,0.8404659821066829,0.895,0.5451,0.54825,0.55975,54025
54025,0.049764021026007584,54101,0.09955417896719063,0.8404659821066829,0.895,0.4116,0.40375,0.406625,54101
54031,-1.0012054795971914,54027,-0.5570481749093229,0.8404659821066829,0.895,0.7133,0.729625,0.715,54027
54031,-1.0012054795971914,54071,-1.0492488174548715,0.8404659821066829,0.895,0.4081,0.397125,0.4065,54031
54031,-1.0012054795971914,54023,-1.2861390299749085,0.8404659821066829,0.895,0.5708,0.576625,0.577,54031
54031,-1.0012054795971914,51165,-0.38777107805936073,0.8404659821066829,0.895,0.8789,0.90675,0.896,51165
54041,0.3510459730856916,54097,-0.08518017293614867,0.8404659821066829,0.895,0.7085,0.72025,0.722375,54041
54041,0.3510459730856916,54101,0.09955417896719063,0.8404659821066829,0.895,0.5403,0.54725,0.54075,54041
54045,1.2974491743562324,54109,0.7503427425993916,0.8404659821066829,0.895,0.8031,0.7985,0.796625,54045
54045,1.2974491743562324,54005,1.2758461258268403,0.8404659821066829,0.895,0.3986,0.395875,0.400875,54045
54045,1.2974491743562324,54043,0.971139466371964,0.8404659821066829,0.895,0.5997,0.596625,0.599125,54045
54045,1.2974491743562324,54059,1.2342858935992298,0.8404659821066829,0.895,0.4103,0.406125,0.40525,54045
54065,-0.04528616031311396,24001,-0.5785042148577059,0.8404659821066829,0.895,0.81,0.815375,0.825875,54065
54065,-0.04528616031311396,24043,-0.029230709267519445,0.8404659821066829,0.895,0.4007,0.4,0.401375,24043
54065,-0.04528616031311396,54003,0.3163293401830942,0.8404659821066829,0.895,0.6191,0.639125,0.636,54003
54065,-0.04528616031311396,54027,-0.5570481749093229,0.8404659821066829,0.895,0.7735,0.7795,0.789375,54065
54075,-0.13870293162941924,54071,-1.0492488174548715,0.8404659821066829,0.895,0.9781,0.98425,0.986,54075
54075,-0.13870293162941924,54083,-0.6432065215198334,0.8404659821066829,0.895,0.7925,0.812625,0.8075,54075
54075,-0.13870293162941924,54101,0.09955417896719063,0.8404659821066829,0.895,0.5184,0.528875,0.519,54101
54095,0.1828942002207194,39167,-0.014181424509266481,0.8404659821066829,0.895,0.4905,0.486375,0.49075,54095
54095,0.1828942002207194,54085,-0.07154780103931209,0.8404659821066829,0.895,0.547,0.541375,0.54475,54095
54095,0.1828942002207194,54103,0.10794490154296948,0.8404659821066829,0.895,0.4169,0.406,0.402375,54095
54095,0.1828942002207194,39111,-0.39516877327569994,0.8404659821066829,0.895,0.8372,0.848125,0.847875,54095
54099,0.541970190913416,21127,1.3040442993229588,0.8404659821066829,0.895,0.9472,0.95375,0.955625,21127
54099,0.541970190913416,21159,1.7387866810871078,0.8404659821066829,0.895,0.9982,0.998875,0.998875,21159
54099,0.541970190913416,54043,0.971139466371964,0.8404659821066829,0.895,0.7197,0.738625,0.73075,54043
54099,0.541970190913416,54059,1.2342858935992298,0.8404659821066829,0.895,0.9199,0.939625,0.93425,54059
54099,0.541970190913416,54011,0.33155575098090595,0.8404659821066829,0.895,0.4995,0.497625,0.499375,54099
54099,0.541970190913416,21019,0.30291306136140733,0.8404659821066829,0.895,0.5215,0.53225,0.532,54099
54099,0.541970190913416,39087,0.46195159649360323,0.8404659821066829,0.895,0.4169,0.4205,0.41675,54099
54109,0.7503427425993916,54005,1.2758461258268403,0.8404659821066829,0.895,0.7848,0.7915,0.793,54005
54109,0.7503427425993916,54059,1.2342858935992298,0.8404659821066829,0.895,0.7744,0.794,0.785,54059
54109,0.7503427425993916,54081,0.1316439115118164,0.8404659821066829,0.895,0.8743,0.89075,0.881125,54109
54109,0.7503427425993916,54047,0.8606798468570079,0.8404659821066829,0.895,0.4274,0.4255,0.4325,54047
54109,0.7503427425993916,54055,0.24742830313204517,0.8404659821066829,0.895,0.7886,0.807875,0.781875,54109
48341,0.10612144524370738,48065,0.17528947812431464,0.8404659821066829,0.895,0.4105,0.400875,0.4095,48065
48341,0.10612144524370738,48421,0.36597979566907846,0.8404659821066829,0.895,0.5377,0.55425,0.549375,48421
48341,0.10612144524370738,48205,-0.48971811271714377,0.8404659821066829,0.895,0.8459,0.856375,0.867375,48341
48341,0.10612144524370738,48233,0.15251145389304274,0.8404659821066829,0.895,0.4097,0.401875,0.402375,48233
48341,0.10612144524370738,48375,0.21595788346255085,0.8404659821066829,0.895,0.4317,0.42425,0.419875,48375
48341,0.10612144524370738,48359,-0.13404878067311363,0.8404659821066829,0.895,0.5155,0.530125,0.528125,48341
48347,0.5357415571136716,48405,0.017267152224398417,0.8404659821066829,0.895,0.7707,0.81225,0.804,48347
48347,0.5357415571136716,48005,0.21841315938307285,0.8404659821066829,0.895,0.6004,0.6065,0.606875,48347
48347,0.5357415571136716,48401,0.3924982495676536,0.8404659821066829,0.895,0.4461,0.4485,0.45775,48347
48351,0.20247319785442824,22085,0.18145852815432195,0.8404659821066829,0.895,0.4017,0.406,0.398125,48351
48351,0.20247319785442824,22115,0.5655776506113681,0.8404659821066829,0.895,0.646,0.643875,0.636125,22115
48351,0.20247319785442824,48403,0.1735372869191661,0.8404659821066829,0.895,0.4105,0.398125,0.39925,48351
48351,0.20247319785442824,48361,0.2601237124720697,0.8404659821066829,0.895,0.4074,0.4095,0.402875,48361
48351,0.20247319785442824,22019,0.028172470029131143,0.8404659821066829,0.895,0.4657,0.478,0.482875,48351
48371,-0.3594953152323511,48475,0.1828822521736549,0.8404659821066829,0.895,0.8221,0.82325,0.818875,48475
48371,-0.3594953152323511,48043,-0.4836390947357874,0.8404659821066829,0.895,0.432,0.434375,0.4325,48371
48371,-0.3594953152323511,48105,-0.16159040687762927,0.8404659821066829,0.895,0.4935,0.500875,0.500875,48105
48371,-0.3594953152323511,48389,-0.4029131241503841,0.8404659821066829,0.895,0.4023,0.405125,0.408125,48371
48371,-0.3594953152323511,48443,-0.3082935194469279,0.8404659821066829,0.895,0.406,0.399125,0.399,48443
48371,-0.3594953152323511,48103,0.16272676822618118,0.8404659821066829,0.895,0.7971,0.80625,0.804375,48103
48371,-0.3594953152323511,48243,-0.5289566393859041,0.8404659821066829,0.895,0.4608,0.463375,0.46375,48371
48377,-0.9977227817679389,48043,-0.4836390947357874,0.8404659821066829,0.895,0.7312,0.723125,0.73125,48043
48377,-0.9977227817679389,48243,-0.5289566393859041,0.8404659821066829,0.895,0.6993,0.691625,0.7015,48243
48387,0.6827981769164486,48037,0.5701125149944238,0.8404659821066829,0.895,0.434,0.4355,0.43375,48387
48387,0.6827981769164486,40023,0.907236653942399,0.8404659821066829,0.895,0.5164,0.51075,0.507,40023
48387,0.6827981769164486,40089,0.6894557702722346,0.8404659821066829,0.895,0.399,0.400625,0.402875,40089
48387,0.6827981769164486,48159,0.478541015258259,0.8404659821066829,0.895,0.5036,0.49,0.492625,48387
48395,0.42533277385510393,48289,0.9663981553795252,0.8404659821066829,0.895,0.8192,0.812625,0.81975,48289
48395,0.42533277385510393,48145,0.24202610802277433,0.8404659821066829,0.895,0.4697,0.479,0.46775,48395
48395,0.42533277385510393,48331,0.4129074726935047,0.8404659821066829,0.895,0.403,0.399875,0.40075,48395
48395,0.42533277385510393,48293,0.8036045811247442,0.8404659821066829,0.895,0.6724,0.679125,0.67825,48293
48405,0.017267152224398417,48005,0.21841315938307285,0.8404659821066829,0.895,0.4964,0.518125,0.511875,48005
48405,0.017267152224398417,48403,0.1735372869191661,0.8404659821066829,0.895,0.4513,0.46,0.4555,48403
48415,0.34524261507750437,48263,0.5349595276676633,0.8404659821066829,0.895,0.4797,0.4945,0.479,48263
48415,0.34524261507750437,48151,0.3589878955730578,0.8404659821066829,0.895,0.4046,0.405875,0.399,48151
48415,0.34524261507750437,48335,0.4434742472206728,0.8404659821066829,0.895,0.4192,0.424875,0.426125,48335
48415,0.34524261507750437,48033,0.19461802701239375,0.8404659821066829,0.895,0.4416,0.4405,0.452,48415
48427,-0.8222195526292638,48047,-0.4268810374038836,0.8404659821066829,0.895,0.656,0.66475,0.66875,48047
48427,-0.8222195526292638,48247,-0.5583335711745676,0.8404659821066829,0.895,0.5312,0.52175,0.516625,48247
48427,-0.8222195526292638,48505,-0.5461966741772661,0.8404659821066829,0.895,0.5246,0.534875,0.53475,48505
48435,0.15472730196519255,48465,-0.49584264145847373,0.8404659821066829,0.895,0.8715,0.883375,0.87775,48435
48435,0.15472730196519255,48105,-0.16159040687762927,0.8404659821066829,0.895,0.6012,0.6185,0.609375,48435
48435,0.15472730196519255,48137,-0.07760797260495124,0.8404659821066829,0.895,0.5098,0.522375,0.508625,48435
48435,0.15472730196519255,48413,0.1950504116395497,0.8404659821066829,0.895,0.4002,0.401125,0.40525,48413
48455,0.8551467829673529,48005,0.21841315938307285,0.8404659821066829,0.895,0.8849,0.885875,0.881375,48455
48455,0.8551467829673529,48225,0.43145083482005686,0.8404659821066829,0.895,0.7024,0.708375,0.707125,48455
48455,0.8551467829673529,48373,0.951493315922044,0.8404659821066829,0.895,0.4185,0.421,0.420375,48373
48455,0.8551467829673529,48407,0.6138186379659678,0.8404659821066829,0.895,0.5196,0.51625,0.512625,48455
48455,0.8551467829673529,48471,0.22492518894426838,0.8404659821066829,0.895,0.8724,0.8705,0.874125,48455
48457,0.22790598257900924,48005,0.21841315938307285,0.8404659821066829,0.895,0.3996,0.397875,0.39625,48457
48457,0.22790598257900924,48373,0.951493315922044,0.8404659821066829,0.895,0.9105,0.92575,0.916625,48373
48465,-0.49584264145847373,48105,-0.16159040687762927,0.8404659821066829,0.895,0.6244,0.622875,0.626625,48105
48465,-0.49584264145847373,48443,-0.3082935194469279,0.8404659821066829,0.895,0.4696,0.464,0.465875,48443
48465,-0.49584264145847373,48137,-0.07760797260495124,0.8404659821066829,0.895,0.6997,0.706,0.7195,48137
48465,-0.49584264145847373,48271,-0.6020335248480986,0.8404659821066829,0.895,0.423,0.42175,0.422125,48465
48475,0.1828822521736549,48389,-0.4029131241503841,0.8404659821066829,0.895,0.8499,0.84575,0.84775,48475
48475,0.1828822521736549,48103,0.16272676822618118,0.8404659821066829,0.895,0.3974,0.4005,0.396875,48475
48475,0.1828822521736549,48495,0.23948439077773523,0.8404659821066829,0.895,0.4068,0.40875,0.412375,48495
48477,-0.0917353402457938,48149,-0.19157297127131354,0.8404659821066829,0.895,0.4289,0.41675,0.42075,48477
49037,-1.2996963979293066,4005,-1.233839563596778,0.8404659821066829,0.895,0.406,0.417875,0.416875,4005
49037,-1.2996963979293066,8113,-0.8099352404224793,0.8404659821066829,0.895,0.7854,0.805625,0.808375,8113
49037,-1.2996963979293066,49019,-0.35211392554645055,0.8404659821066829,0.895,0.9894,0.9915,0.98975,49019
49037,-1.2996963979293066,49025,-0.8395903754507186,0.8404659821066829,0.895,0.7725,0.780375,0.783625,49025
49037,-1.2996963979293066,49017,-1.0888502439702816,0.8404659821066829,0.895,0.5084,0.533125,0.52225,49017
49037,-1.2996963979293066,8033,-1.1727467589996172,0.8404659821066829,0.895,0.4365,0.442375,0.4385,8033
49037,-1.2996963979293066,8085,-0.6935820212073308,0.8404659821066829,0.895,0.8876,0.88525,0.888125,8085
49037,-1.2996963979293066,4017,-1.5334742610235073,0.8404659821066829,0.895,0.5277,0.548375,0.55575,49037
49037,-1.2996963979293066,49055,-1.0301304572318295,0.8404659821066829,0.895,0.5663,0.581125,0.574375,49055
49047,-0.7164848953323988,49019,-0.35211392554645055,0.8404659821066829,0.895,0.6483,0.64625,0.647125,49019
49047,-0.7164848953323988,49013,-0.5558925833130988,0.8404659821066829,0.895,0.4612,0.475875,0.46725,49013
49047,-0.7164848953323988,8045,-0.5865589373295909,0.8404659821066829,0.895,0.4414,0.44525,0.454125,8045
49047,-0.7164848953323988,8081,-0.6128080859892114,0.8404659821066829,0.895,0.4243,0.421125,0.42075,8081
49047,-0.7164848953323988,8103,-0.34708161407468713,0.8404659821066829,0.895,0.6379,0.638375,0.63625,8103
49047,-0.7164848953323988,49009,-0.9952878996856874,0.8404659821066829,0.895,0.5635,0.563375,0.559375,49047
49051,-0.415411764587122,49043,-0.634942146782059,0.8404659821066829,0.895,0.5028,0.51125,0.511625,49051
49051,-0.415411764587122,49013,-0.5558925833130988,0.8404659821066829,0.895,0.4407,0.43825,0.45575,49051
49057,-0.8257927271786384,49003,-0.9509089973937127,0.8404659821066829,0.895,0.4323,0.43175,0.44375,49057
49057,-0.8257927271786384,49033,-1.0042760227720793,0.8404659821066829,0.895,0.4677,0.468125,0.469625,49057
39117,-0.19120712976017767,39139,-0.3053406503772566,0.8404659821066829,0.895,0.4286,0.432375,0.434625,39117
39117,-0.19120712976017767,39041,0.061151358740412845,0.8404659821066829,0.895,0.5205,0.53575,0.528625,39041
39117,-0.19120712976017767,39083,-0.27311476590322564,0.8404659821066829,0.895,0.4189,0.423875,0.417625,39117
39117,-0.19120712976017767,39101,-0.04887687954674274,0.8404659821066829,0.895,0.4397,0.439375,0.4445,39101
39117,-0.19120712976017767,39033,-0.24223117934954963,0.8404659821066829,0.895,0.4052,0.4085,0.409625,39117
39167,-0.014181424509266481,39111,-0.39516877327569994,0.8404659821066829,0.895,0.6704,0.66375,0.676,39167
39167,-0.014181424509266481,39121,-1.283545381867353,0.8404659821066829,0.895,0.9987,0.999375,0.99925,39167
39167,-0.014181424509266481,39009,0.3070867767266297,0.8404659821066829,0.895,0.6165,0.608,0.636625,39009
39171,-0.5047573639948274,39069,-0.5503317272762116,0.8404659821066829,0.895,0.4074,0.40475,0.406875,39171
39171,-0.5047573639948274,18151,-0.26294471206639164,0.8404659821066829,0.895,0.5155,0.537625,0.53975,18151
39171,-0.5047573639948274,39051,-0.6802619257307327,0.8404659821066829,0.895,0.4747,0.47625,0.478,39171
39171,-0.5047573639948274,26059,-0.498054491045192,0.8404659821066829,0.895,0.3962,0.40475,0.398375,26059
40055,0.24266864773068136,40057,0.5696332947276301,0.8404659821066829,0.895,0.6039,0.617625,0.63625,40057
40055,0.24266864773068136,40065,0.5664317596941084,0.8404659821066829,0.895,0.5992,0.597375,0.60175,40065
40055,0.24266864773068136,40075,0.5806131907013994,0.8404659821066829,0.895,0.604,0.61475,0.611375,40075
40055,0.24266864773068136,40009,0.42570766613116723,0.8404659821066829,0.895,0.4763,0.477625,0.488625,40009
40057,0.5696332947276301,40065,0.5664317596941084,0.8404659821066829,0.895,0.4003,0.3965,0.4015,40057
40057,0.5696332947276301,48075,0.5942643500198103,0.8404659821066829,0.895,0.4036,0.4055,0.396375,48075
40057,0.5696332947276301,40009,0.42570766613116723,0.8404659821066829,0.895,0.4503,0.4545,0.45175,40057
40057,0.5696332947276301,48087,0.8044684618581558,0.8404659821066829,0.895,0.517,0.5375,0.532375,48087
40057,0.5696332947276301,48197,0.3758094973713278,0.8404659821066829,0.895,0.4809,0.483875,0.486875,40057
40065,0.5664317596941084,40075,0.5806131907013994,0.8404659821066829,0.895,0.3953,0.401625,0.4,40075
40065,0.5664317596941084,40141,0.5412616411547548,0.8404659821066829,0.895,0.3989,0.407875,0.3995,40065
40065,0.5664317596941084,48487,0.3770553888257899,0.8404659821066829,0.895,0.4792,0.479875,0.47075,40065
40065,0.5664317596941084,48197,0.3758094973713278,0.8404659821066829,0.895,0.4664,0.472875,0.46275,40065
40075,0.5806131907013994,40141,0.5412616411547548,0.8404659821066829,0.895,0.4053,0.404375,0.402875,40075
40075,0.5806131907013994,40009,0.42570766613116723,0.8404659821066829,0.895,0.4602,0.451875,0.4485,40075
40075,0.5806131907013994,40015,0.3648429370908348,0.8404659821066829,0.895,0.5035,0.51275,0.508625,40075
40075,0.5806131907013994,40031,0.2901338091773897,0.8404659821066829,0.895,0.5734,0.581,0.577,40075
40075,0.5806131907013994,40149,0.1959850472047286,0.8404659821066829,0.895,0.6557,0.654375,0.651125,40075
40087,0.5000300831322612,40125,0.23509525204933499,0.8404659821066829,0.895,0.5582,0.556,0.556625,40087
40087,0.5000300831322612,40027,0.052277233475129165,0.8404659821066829,0.895,0.7145,0.727,0.72725,40087
40087,0.5000300831322612,40049,0.7560086898184091,0.8404659821066829,0.895,0.5375,0.5525,0.542875,40049
40087,0.5000300831322612,40051,0.3499852326992925,0.8404659821066829,0.895,0.4557,0.45225,0.460625,40087
40087,0.5000300831322612,40017,0.10237561243930865,0.8404659821066829,0.895,0.6894,0.702625,0.695625,40087
40087,0.5000300831322612,40123,0.5934454987323041,0.8404659821066829,0.895,0.4194,0.42925,0.418375,40123
40095,0.5344577520091572,40013,0.5983363301367611,0.8404659821066829,0.895,0.4081,0.40625,0.409125,40013
40095,0.5344577520091572,40019,0.7500455068615641,0.8404659821066829,0.895,0.503,0.50075,0.4915,40019
40095,0.5344577520091572,40085,0.48424066296856255,0.8404659821066829,0.895,0.4039,0.403125,0.412625,40095
40095,0.5344577520091572,40069,0.6491747533554487,0.8404659821066829,0.895,0.4361,0.436,0.433125,40069
40095,0.5344577520091572,48181,0.4447198167623752,0.8404659821066829,0.895,0.4231,0.415875,0.413375,40095
40117,0.31642383712646044,40103,0.037066188162067866,0.8404659821066829,0.895,0.5644,0.563875,0.56,40117
40117,0.31642383712646044,40119,0.17407883571087124,0.8404659821066829,0.895,0.4407,0.4485,0.438375,40117
40117,0.31642383712646044,40037,0.4253224801644222,0.8404659821066829,0.895,0.425,0.42925,0.423625,40037
40125,0.23509525204933499,40027,0.052277233475129165,0.8404659821066829,0.895,0.4712,0.477375,0.4715,40125
40125,0.23509525204933499,40107,0.354618531232542,0.8404659821066829,0.895,0.4408,0.430375,0.431125,40107
40125,0.23509525204933499,40081,0.11394737108016538,0.8404659821066829,0.895,0.4345,0.438625,0.42925,40125
40125,0.23509525204933499,40123,0.5934454987323041,0.8404659821066829,0.895,0.6644,0.677125,0.673875,40123
40125,0.23509525204933499,40109,0.12332096587021206,0.8404659821066829,0.895,0.4294,0.428,0.419,40125
40135,0.592194380421628,5131,0.2337807177358516,0.8404659821066829,0.895,0.6484,0.667,0.648625,40135
40135,0.592194380421628,40101,0.4202713957845138,0.8404659821066829,0.895,0.4665,0.474125,0.470125,40135
40135,0.592194380421628,40001,0.35708908506255477,0.8404659821066829,0.895,0.5204,0.531625,0.523625,40135
40135,0.592194380421628,40021,0.35441243019715674,0.8404659821066829,0.895,0.5224,0.53925,0.5245,40135
40135,0.592194380421628,40061,0.4155965538529832,0.8404659821066829,0.895,0.4726,0.4775,0.47375,40135
40135,0.592194380421628,5033,0.21952574765879868,0.8404659821066829,0.895,0.6627,0.671,0.672125,40135
40141,0.5412616411547548,40033,0.4243748423630569,0.8404659821066829,0.895,0.4325,0.43925,0.44075,40141
40141,0.5412616411547548,48487,0.3770553888257899,0.8404659821066829,0.895,0.4604,0.46425,0.460125,40141
40141,0.5412616411547548,40031,0.2901338091773897,0.8404659821066829,0.895,0.5347,0.557625,0.550375,40141
40141,0.5412616411547548,48485,0.5552723245981864,0.8404659821066829,0.895,0.3988,0.40625,0.40225,48485
40145,0.16666738566520725,40101,0.4202713957845138,0.8404659821066829,0.895,0.5362,0.52875,0.526625,40101
40145,0.16666738566520725,40097,0.2519778740331651,0.8404659821066829,0.895,0.4099,0.40625,0.405375,40097
40145,0.16666738566520725,40021,0.35441243019715674,0.8404659821066829,0.895,0.4852,0.469,0.4795,40021
40145,0.16666738566520725,40131,0.16118802393248433,0.8404659821066829,0.895,0.3989,0.404875,0.400875,40145
40145,0.16666738566520725,40111,0.3738614231147172,0.8404659821066829,0.895,0.4931,0.49825,0.490875,40111
41007,-0.12689097250326145,41057,-0.30993452397126975,0.8404659821066829,0.895,0.4645,0.464125,0.465,41007
41007,-0.12689097250326145,53069,-0.5301638473149434,0.8404659821066829,0.895,0.6495,0.64725,0.65575,41007
41007,-0.12689097250326145,41009,0.002596467979164997,0.8404659821066829,0.895,0.4271,0.437,0.437375,41009
41017,-0.5206658023686472,41031,-0.6935397085963173,0.8404659821066829,0.895,0.4647,0.478375,0.472875,41017
41017,-0.5206658023686472,41035,-0.35773359630863194,0.8404659821066829,0.895,0.4618,0.454375,0.458,41035
41017,-0.5206658023686472,41013,-0.8650660753485104,0.8404659821066829,0.895,0.6252,0.659,0.652125,41017
41017,-0.5206658023686472,41025,-0.6301421949045455,0.8404659821066829,0.895,0.4296,0.4335,0.44025,41017
41017,-0.5206658023686472,41037,-0.713059397945544,0.8404659821066829,0.895,0.4804,0.5015,0.502125,41017
41061,-0.6602637207571777,41001,-0.4633767117988236,0.8404659821066829,0.895,0.4861,0.472625,0.480375,41001
41061,-0.6602637207571777,41063,-0.6729333649471657,0.8404659821066829,0.895,0.4023,0.398375,0.39825,41061
41061,-0.6602637207571777,41059,-0.4252763261351747,0.8404659821066829,0.895,0.5103,0.517,0.5235,41059
41065,-0.21533992497596127,41021,-0.6951110165693173,0.8404659821066829,0.895,0.7673,0.76775,0.79,41065
41065,-0.21533992497596127,41031,-0.6935397085963173,0.8404659821066829,0.895,0.7745,0.772375,0.775875,41065
41065,-0.21533992497596127,41047,-0.1571724635705308,0.8404659821066829,0.895,0.4019,0.399875,0.4115,41047
41065,-0.21533992497596127,41027,-0.24312695389291067,0.8404659821066829,0.895,0.3977,0.400125,0.39425,41065
41065,-0.21533992497596127,53039,-0.2943911053468567,0.8404659821066829,0.895,0.419,0.41375,0.418,41065
41065,-0.21533992497596127,41069,-0.6771655155987685,0.8404659821066829,0.895,0.7579,0.768,0.768875,41065
42023,-0.41817109898836197,42033,-0.5004509231112312,0.8404659821066829,0.895,0.4121,0.41375,0.4155,42023
42023,-0.41817109898836197,42047,-0.40547305038284387,0.8404659821066829,0.895,0.4054,0.399125,0.40075,42047
42023,-0.41817109898836197,42083,-0.2343929647096803,0.8404659821066829,0.895,0.4691,0.47025,0.4835,42083
42023,-0.41817109898836197,42105,-0.08446298736518462,0.8404659821066829,0.895,0.6154,0.626375,0.63275,42105
42029,0.10143001226228064,42071,-0.28185701543332375,0.8404659821066829,0.895,0.6639,0.67075,0.684,42029
42029,0.10143001226228064,42011,-0.38541589269371546,0.8404659821066829,0.895,0.7612,0.778375,0.788625,42029
42033,-0.5004509231112312,42063,-0.5337370831787818,0.8404659821066829,0.895,0.4004,0.391125,0.4,42033
42033,-0.5004509231112312,42027,-0.3290212515179194,0.8404659821066829,0.895,0.4689,0.482125,0.48775,42027
42033,-0.5004509231112312,42047,-0.40547305038284387,0.8404659821066829,0.895,0.4262,0.434,0.43075,42047
42033,-0.5004509231112312,42021,-0.6206023304523726,0.8404659821066829,0.895,0.4429,0.445125,0.446,42033
42033,-0.5004509231112312,42013,-0.39839521320917776,0.8404659821066829,0.895,0.4199,0.426375,0.430375,42013
42033,-0.5004509231112312,42065,-0.5907789976152531,0.8404659821066829,0.895,0.4244,0.411875,0.418375,42033
42043,-0.2341571738655889,42041,-0.1645590621141317,0.8404659821066829,0.895,0.4043,0.40875,0.416875,42041
42043,-0.2341571738655889,42071,-0.28185701543332375,0.8404659821066829,0.895,0.4117,0.413,0.403125,42043
42043,-0.2341571738655889,42099,0.04957299152053368,0.8404659821066829,0.895,0.5653,0.5575,0.56225,42099
42043,-0.2341571738655889,42133,-0.13385874419088065,0.8404659821066829,0.895,0.425,0.42175,0.4295,42133
42043,-0.2341571738655889,42097,-0.5042820168287498,0.8404659821066829,0.895,0.5575,0.57325,0.57,42043
42043,-0.2341571738655889,42075,-0.25816407301069194,0.8404659821066829,0.895,0.401,0.40125,0.398625,42043
42043,-0.2341571738655889,42107,-0.2986245821766196,0.8404659821066829,0.895,0.4106,0.417,0.41375,42043
42049,-0.190259118307282,39007,-0.16707533907379635,0.8404659821066829,0.895,0.4038,0.398,0.407875,39007
42049,-0.190259118307282,42039,-0.22388417882128098,0.8404659821066829,0.895,0.3999,0.3995,0.401875,42049
42059,0.03975453561999923,42051,-0.4853435128000347,0.8404659821066829,0.895,0.7959,0.804875,0.802875,42059
42059,0.03975453561999923,54103,0.10794490154296948,0.8404659821066829,0.895,0.4061,0.4135,0.415875,54103
42059,0.03975453561999923,54051,-0.18952485895570192,0.8404659821066829,0.895,0.5104,0.522875,0.52125,42059
42059,0.03975453561999923,54061,-0.1838718450659089,0.8404659821066829,0.895,0.5116,0.507875,0.504875,42059
42063,-0.5337370831787818,42129,-0.40673731642560956,0.8404659821066829,0.895,0.4324,0.42775,0.440375,42129
42063,-0.5337370831787818,42021,-0.6206023304523726,0.8404659821066829,0.895,0.4152,0.42675,0.44375,42063
42063,-0.5337370831787818,42065,-0.5907789976152531,0.8404659821066829,0.895,0.4084,0.407125,0.41125,42063
42103,-0.5278583473806668,42127,-0.3045656668348345,0.8404659821066829,0.895,0.499,0.517625,0.511625,42127
42103,-0.5278583473806668,42089,-0.14574651627289603,0.8404659821066829,0.895,0.6609,0.675625,0.68275,42089
42103,-0.5278583473806668,36071,-0.13461122333537084,0.8404659821066829,0.895,0.6738,0.69275,0.69375,36071
42103,-0.5278583473806668,34037,-0.032508042529244593,0.8404659821066829,0.895,0.7488,0.785875,0.7875,34037
42113,-0.15944279155168783,42131,-0.04190901082600766,0.8404659821066829,0.895,0.4301,0.428375,0.432125,42131
42113,-0.15944279155168783,42081,-0.27557643245636976,0.8404659821066829,0.895,0.4342,0.445125,0.435625,42113
42113,-0.15944279155168783,42079,-0.17381624642674093,0.8404659821066829,0.895,0.3961,0.407125,0.40525,42113
42113,-0.15944279155168783,42015,-0.053779635513672465,0.8404659821066829,0.895,0.4204,0.42725,0.432625,42015
42113,-0.15944279155168783,42037,-0.3717210041471978,0.8404659821066829,0.895,0.49,0.5,0.5035,42113
42127,-0.3045656668348345,42089,-0.14574651627289603,0.8404659821066829,0.895,0.4579,0.46325,0.463,42089
42127,-0.3045656668348345,36025,-0.3189329054185464,0.8404659821066829,0.895,0.405,0.401375,0.399125,42127
42127,-0.3045656668348345,42115,-0.30039891239468,0.8404659821066829,0.895,0.3965,0.39925,0.4,42115
42127,-0.3045656668348345,42069,-0.14562927668967354,0.8404659821066829,0.895,0.4575,0.462125,0.458375,42069
42127,-0.3045656668348345,36007,-0.25508677079441877,0.8404659821066829,0.895,0.4098,0.408375,0.400625,36007
44009,0.19749748142775772,44003,0.1477246288022044,0.8404659821066829,0.895,0.3987,0.405375,0.39975,44009
45009,-0.2071020864726611,45029,0.16327715879152824,0.8404659821066829,0.895,0.6373,0.660375,0.6485,45029
45009,-0.2071020864726611,45005,-0.09884974834823695,0.8404659821066829,0.895,0.4226,0.420375,0.413375,45005
45009,-0.2071020864726611,45075,-0.25038443013873474,0.8404659821066829,0.895,0.4016,0.40025,0.40625,45009
45009,-0.2071020864726611,45011,-0.0969524141263196,0.8404659821066829,0.895,0.4239,0.417,0.419,45011
45013,-0.1293998678615747,45029,0.16327715879152824,0.8404659821066829,0.895,0.5448,0.551125,0.55,45029
45013,-0.1293998678615747,45053,-0.3386697484529769,0.8404659821066829,0.895,0.4769,0.49525,0.4805,45013
45013,-0.1293998678615747,45049,0.07491354248441807,0.8404659821066829,0.895,0.4776,0.484875,0.477625,45049
45015,0.07334350342297345,45019,0.014057530037813496,0.8404659821066829,0.895,0.4057,0.41,0.409125,45015
45015,0.07334350342297345,45043,0.03243394721002745,0.8404659821066829,0.895,0.4025,0.39775,0.40525,45015
45015,0.07334350342297345,45089,0.17064856101534934,0.8404659821066829,0.895,0.4201,0.41725,0.418,45089
45015,0.07334350342297345,45075,-0.25038443013873474,0.8404659821066829,0.895,0.6176,0.6195,0.624875,45015
45015,0.07334350342297345,45035,-0.07306368741080432,0.8404659821066829,0.895,0.4419,0.44175,0.442375,45015
45015,0.07334350342297345,45027,0.016826237119367475,0.8404659821066829,0.895,0.4088,0.4135,0.404,45015
45019,0.014057530037813496,45029,0.16327715879152824,0.8404659821066829,0.895,0.442,0.456,0.448875,45029
45019,0.014057530037813496,45043,0.03243394721002745,0.8404659821066829,0.895,0.4004,0.398875,0.396625,45043
45019,0.014057530037813496,45035,-0.07306368741080432,0.8404659821066829,0.895,0.4144,0.409,0.418,45019
45025,0.5010898521981875,45055,0.416435535747842,0.8404659821066829,0.895,0.4216,0.418,0.414625,45025
45025,0.5010898521981875,45057,0.10135212993432627,0.8404659821066829,0.895,0.6948,0.703375,0.70475,45025
45025,0.5010898521981875,37007,-0.06591630577004877,0.8404659821066829,0.895,0.8101,0.832875,0.8335,45025
45025,0.5010898521981875,45069,1.4239431028289629,0.8404659821066829,0.895,0.9812,0.9825,0.9845,45069
45029,0.16327715879152824,45075,-0.25038443013873474,0.8404659821066829,0.895,0.7154,0.732625,0.731,45029
45029,0.16327715879152824,45035,-0.07306368741080432,0.8404659821066829,0.895,0.5142,0.518875,0.506125,45029
45029,0.16327715879152824,45049,0.07491354248441807,0.8404659821066829,0.895,0.4195,0.419625,0.418375,45029
45043,0.03243394721002745,45089,0.17064856101534934,0.8404659821066829,0.895,0.442,0.441,0.436375,45089
45043,0.03243394721002745,45067,0.3148635529593182,0.8404659821066829,0.895,0.5512,0.53475,0.54775,45067
45045,0.05496552172683805,45083,0.10001406604882715,0.8404659821066829,0.895,0.4078,0.407625,0.3965,45083
45045,0.05496552172683805,45059,0.03366601218179193,0.8404659821066829,0.895,0.4041,0.39975,0.408125,45045
45053,-0.3386697484529769,13103,0.6336075481460128,0.8404659821066829,0.895,0.9824,0.98675,0.9845,13103
45053,-0.3386697484529769,13051,0.14814566576884253,0.8404659821066829,0.895,0.7093,0.73925,0.73675,13051
45053,-0.3386697484529769,45049,0.07491354248441807,0.8404659821066829,0.895,0.686,0.702125,0.679625,45049
45055,0.416435535747842,45057,0.10135212993432627,0.8404659821066829,0.895,0.6036,0.613375,0.61925,45055
45055,0.416435535747842,45085,0.0005232054754187022,0.8404659821066829,0.895,0.7059,0.72025,0.72575,45055
45055,0.416435535747842,45079,0.01710044487898749,0.8404659821066829,0.895,0.6916,0.70675,0.702375,45055
45055,0.416435535747842,45039,0.17833919392953393,0.8404659821066829,0.895,0.5228,0.526875,0.526375,45055
45063,-0.13422591845236373,45017,-0.4521055707066551,0.8404659821066829,0.895,0.5872,0.609625,0.61475,45063
45063,-0.13422591845236373,45071,-0.11021464408466763,0.8404659821066829,0.895,0.4049,0.3955,0.405875,45071
45063,-0.13422591845236373,45075,-0.25038443013873474,0.8404659821066829,0.895,0.441,0.44,0.4365,45063
45063,-0.13422591845236373,45003,-0.1184195175436868,0.8404659821066829,0.895,0.4046,0.396875,0.406125,45003
45063,-0.13422591845236373,45079,0.01710044487898749,0.8404659821066829,0.895,0.4529,0.444375,0.45125,45079
45063,-0.13422591845236373,45081,-0.4191276782965743,0.8404659821066829,0.895,0.5546,0.564875,0.565625,45063
45065,-0.4001918153164375,13073,0.19124029883945673,0.8404659821066829,0.895,0.8378,0.86525,0.869375,13073
45065,-0.4001918153164375,45047,-0.34576263899067755,0.8404659821066829,0.895,0.411,0.405625,0.403125,45047
45065,-0.4001918153164375,45037,-0.4357954440469279,0.8404659821066829,0.895,0.3994,0.406625,0.405375,45065
45065,-0.4001918153164375,45001,-0.13857554622457183,0.8404659821066829,0.895,0.5356,0.544125,0.539125,45001
45083,0.10001406604882715,45087,0.21244213237633153,0.8404659821066829,0.895,0.4365,0.435625,0.438,45087
45083,0.10001406604882715,45059,0.03366601218179193,0.8404659821066829,0.895,0.4078,0.40925,0.410625,45083
45089,0.17064856101534934,45041,0.4208446490742617,0.8404659821066829,0.895,0.5367,0.545125,0.529,45041
45089,0.17064856101534934,45067,0.3148635529593182,0.8404659821066829,0.895,0.4443,0.44425,0.447375,45067
45089,0.17064856101534934,45027,0.016826237119367475,0.8404659821066829,0.895,0.4566,0.451125,0.450875,45089
46009,-0.7347717559782232,46023,-0.57551150404264,0.8404659821066829,0.895,0.4572,0.45875,0.462,46023
46009,-0.7347717559782232,31107,-0.56795869155657,0.8404659821066829,0.895,0.4653,0.465875,0.482625,31107
46009,-0.7347717559782232,46067,-0.5207512921359186,0.8404659821066829,0.895,0.5024,0.5075,0.51475,46067
46009,-0.7347717559782232,46135,-0.5157148601467566,0.8404659821066829,0.895,0.495,0.507,0.507625,46135
46023,-0.57551150404264,31107,-0.56795869155657,0.8404659821066829,0.895,0.4024,0.407625,0.399375,31107
46023,-0.57551150404264,46003,-0.5088616800613925,0.8404659821066829,0.895,0.4094,0.4095,0.413625,46003
46023,-0.57551150404264,46043,-0.5626055606783686,0.8404659821066829,0.895,0.3998,0.401875,0.406875,46043
46023,-0.57551150404264,46015,-0.296724281127735,0.8404659821066829,0.895,0.5635,0.574,0.57625,46015
46023,-0.57551150404264,46067,-0.5207512921359186,0.8404659821066829,0.895,0.4085,0.41375,0.41175,46067
46023,-0.57551150404264,31015,-0.6091062721674896,0.8404659821066829,0.895,0.4051,0.406,0.408125,46023
46023,-0.57551150404264,46053,-0.3843847397716385,0.8404659821066829,0.895,0.4836,0.496,0.49125,46053
46055,0.06185618557899452,46137,-1.066450076723955,0.8404659821066829,0.895,0.995,0.997875,0.997,46055
46055,0.06185618557899452,46093,-0.13254306052349552,0.8404659821066829,0.895,0.4799,0.480125,0.49025,46055
46055,0.06185618557899452,46117,0.1506846326254345,0.8404659821066829,0.895,0.4169,0.428125,0.422375,46117
46055,0.06185618557899452,46075,0.06904463723130128,0.8404659821066829,0.895,0.4038,0.395,0.395375,46075
46055,0.06185618557899452,46071,-0.17375794185952878,0.8404659821066829,0.895,0.5178,0.505875,0.5145,46055
46073,-0.6134555053683507,46017,-0.26034850614076166,0.8404659821066829,0.895,0.6232,0.607625,0.61775,46017
46073,-0.6134555053683507,46111,-0.3417682182811358,0.8404659821066829,0.895,0.5527,0.559875,0.578125,46111
46073,-0.6134555053683507,46003,-0.5088616800613925,0.8404659821066829,0.895,0.4229,0.428375,0.443,46003
46073,-0.6134555053683507,46005,-0.40711817577087134,0.8404659821066829,0.895,0.4905,0.495375,0.50975,46005
46073,-0.6134555053683507,46015,-0.296724281127735,0.8404659821066829,0.895,0.591,0.6005,0.622125,46015
46073,-0.6134555053683507,46059,-0.6973947495853426,0.8404659821066829,0.895,0.414,0.415625,0.414,46073
46123,-0.43918394705412966,31103,-0.6161091985087171,0.8404659821066829,0.895,0.4712,0.467125,0.46725,46123
46123,-0.43918394705412966,31031,-0.5640516387701816,0.8404659821066829,0.895,0.4448,0.446125,0.435625,46123
46123,-0.43918394705412966,46121,-0.6391879042750415,0.8404659821066829,0.895,0.4825,0.511,0.527625,46123
46123,-0.43918394705412966,46053,-0.3843847397716385,0.8404659821066829,0.895,0.41,0.40475,0.405625,46053
46137,-1.066450076723955,46093,-0.13254306052349552,0.8404659821066829,0.895,0.9785,0.981,0.985625,46093
46137,-1.066450076723955,46041,-0.24829064847214022,0.8404659821066829,0.895,0.9494,0.961625,0.96225,46041
46137,-1.066450076723955,46031,-0.9322812758734668,0.8404659821066829,0.895,0.4351,0.463375,0.465875,46031
46137,-1.066450076723955,46105,-0.42996212179135945,0.8404659821066829,0.895,0.8744,0.8995,0.906375,46105
47003,0.2209478084857669,47117,0.534292420407281,0.8404659821066829,0.895,0.5927,0.582375,0.58975,47117
47003,0.2209478084857669,47149,0.4034816281587415,0.8404659821066829,0.895,0.4707,0.476375,0.473875,47149
47003,0.2209478084857669,47127,-0.5938594391148341,0.8404659821066829,0.895,0.9424,0.958125,0.949,47003
47003,0.2209478084857669,47103,0.32301256031860986,0.8404659821066829,0.895,0.4158,0.41825,0.41425,47103
47013,1.391598840819703,47001,0.8249287290337437,0.8404659821066829,0.895,0.8381,0.842125,0.831125,47013
47013,1.391598840819703,47025,1.6287693339741534,0.8404659821066829,0.895,0.5211,0.513875,0.51275,47025
47013,1.391598840819703,21235,1.67951117635044,0.8404659821066829,0.895,0.5615,0.570125,0.5605,21235
47013,1.391598840819703,47173,1.1280014805250338,0.8404659821066829,0.895,0.5431,0.553875,0.543125,47013
47033,0.1238950568780117,47053,0.6141109251435449,0.8404659821066829,0.895,0.7545,0.76225,0.76725,47053
47033,0.1238950568780117,47045,0.7043137391126268,0.8404659821066829,0.895,0.8452,0.835875,0.84775,47045
47033,0.1238950568780117,47097,0.4622999097222706,0.8404659821066829,0.895,0.6024,0.60625,0.595375,47097
47033,0.1238950568780117,47075,0.1891286548741309,0.8404659821066829,0.895,0.4101,0.405875,0.415375,47075
47033,0.1238950568780117,47113,0.21113715268106426,0.8404659821066829,0.895,0.4173,0.416875,0.42125,47113
47037,0.617032801113262,47149,0.4034816281587415,0.8404659821066829,0.895,0.4988,0.515125,0.522625,47037
47037,0.617032801113262,47189,0.5273532884788027,0.8404659821066829,0.895,0.4123,0.42975,0.427375,47037
47037,0.617032801113262,47147,0.6663731971021664,0.8404659821066829,0.895,0.3989,0.406875,0.40325,47147
47037,0.617032801113262,47165,0.39330850864588596,0.8404659821066829,0.895,0.5113,0.5275,0.536,47037
47037,0.617032801113262,47187,0.38776989392375155,0.8404659821066829,0.895,0.5102,0.507125,0.518625,47037
47053,0.6141109251435449,47183,0.5284377153761901,0.8404659821066829,0.895,0.4112,0.4155,0.410875,47053
47053,0.6141109251435449,47045,0.7043137391126268,0.8404659821066829,0.895,0.4238,0.413125,0.416,47045
47053,0.6141109251435449,47131,0.747432447582451,0.8404659821066829,0.895,0.4361,0.446625,0.443625,47131
47053,0.6141109251435449,47113,0.21113715268106426,0.8404659821066829,0.895,0.6908,0.707125,0.70225,47053
47053,0.6141109251435449,47017,0.84968946343274,0.8404659821066829,0.895,0.5182,0.536125,0.519375,47017
47059,0.6353705442938773,47063,0.8818269340949603,0.8404659821066829,0.895,0.532,0.525,0.532875,47063
47059,0.6353705442938773,47073,0.6470802589774286,0.8404659821066829,0.895,0.393,0.40375,0.400875,47073
47059,0.6353705442938773,37115,0.1027565042381901,0.8404659821066829,0.895,0.8024,0.805375,0.809625,47059
47059,0.6353705442938773,47029,0.658417614316895,0.8404659821066829,0.895,0.404,0.400375,0.400375,47029
47059,0.6353705442938773,47171,0.283268199424863,0.8404659821066829,0.895,0.6384,0.64775,0.64625,47059
47059,0.6353705442938773,47179,0.2800621672591508,0.8404659821066829,0.895,0.6265,0.6475,0.6505,47059
47063,0.8818269340949603,47073,0.6470802589774286,0.8404659821066829,0.895,0.5214,0.53225,0.537,47063
47063,0.8818269340949603,47029,0.658417614316895,0.8404659821066829,0.895,0.5013,0.511875,0.517375,47063
47063,0.8818269340949603,47057,1.069700062066605,0.8404659821066829,0.895,0.4737,0.484625,0.475625,47057
47063,0.8818269340949603,47089,0.307385242076179,0.8404659821066829,0.895,0.8233,0.83425,0.835875,47063
47073,0.6470802589774286,47163,0.2656012736944009,0.8404659821066829,0.895,0.6693,0.678,0.68125,47073
47073,0.6470802589774286,47057,1.069700062066605,0.8404659821066829,0.895,0.7198,0.74175,0.74375,47057
47073,0.6470802589774286,47179,0.2800621672591508,0.8404659821066829,0.895,0.6552,0.652875,0.661625,47073
47073,0.6470802589774286,47067,1.0180244178913371,0.8404659821066829,0.895,0.6495,0.674625,0.67,47067
47073,0.6470802589774286,51169,0.6885143723599374,0.8404659821066829,0.895,0.403,0.40025,0.403375,51169
47079,0.7604451926366768,47183,0.5284377153761901,0.8404659821066829,0.895,0.516,0.52825,0.53,47079
47079,0.7604451926366768,21083,0.4692498749452792,0.8404659821066829,0.895,0.5687,0.570625,0.582125,47079
47079,0.7604451926366768,21035,0.4674745485101425,0.8404659821066829,0.895,0.5676,0.569875,0.579375,47079
47079,0.7604451926366768,47161,1.0497560786264541,0.8404659821066829,0.895,0.5783,0.570375,0.567125,47161
47079,0.7604451926366768,47017,0.84968946343274,0.8404659821066829,0.895,0.4159,0.42,0.41375,47017
47093,0.6806636430416342,47001,0.8249287290337437,0.8404659821066829,0.895,0.4467,0.456375,0.456875,47001
47093,0.6806636430416342,47155,0.40066109877073686,0.8404659821066829,0.895,0.5714,0.560625,0.5705,47093
47093,0.6806636430416342,47057,1.069700062066605,0.8404659821066829,0.895,0.6894,0.700375,0.696375,47057
47093,0.6806636430416342,47173,1.1280014805250338,0.8404659821066829,0.895,0.7282,0.741125,0.750125,47173
47093,0.6806636430416342,47009,0.3722393211633581,0.8404659821066829,0.895,0.5953,0.610125,0.612125,47093
47093,0.6806636430416342,47089,0.307385242076179,0.8404659821066829,0.895,0.6518,0.672875,0.665375,47093
47107,0.5557172510182996,47123,0.5079523273826713,0.8404659821066829,0.895,0.4088,0.40625,0.39975,47107
47107,0.5557172510182996,47011,0.30467797552152753,0.8404659821066829,0.895,0.5316,0.520375,0.534375,47107
47107,0.5557172510182996,47139,1.093685095940025,0.8404659821066829,0.895,0.8094,0.8215,0.821125,47139
47117,0.534292420407281,47119,0.6031242550177958,0.8404659821066829,0.895,0.4041,0.42225,0.411625,47119
47117,0.534292420407281,47149,0.4034816281587415,0.8404659821066829,0.895,0.4403,0.44125,0.439,47117
47117,0.534292420407281,47055,0.43282877738574516,0.8404659821066829,0.895,0.4245,0.42825,0.414625,47117
47117,0.534292420407281,47187,0.38776989392375155,0.8404659821066829,0.895,0.4497,0.43525,0.436375,47117
47117,0.534292420407281,47103,0.32301256031860986,0.8404659821066829,0.895,0.4928,0.5,0.504375,47117
47119,0.6031242550177958,47055,0.43282877738574516,0.8404659821066829,0.895,0.4622,0.472375,0.475625,47119
47119,0.6031242550177958,47081,1.2275131521020155,0.8404659821066829,0.895,0.872,0.878625,0.876625,47081
47119,0.6031242550177958,47187,0.38776989392375155,0.8404659821066829,0.895,0.4963,0.496375,0.4945,47119
47119,0.6031242550177958,47101,0.9589231998335145,0.8404659821066829,0.895,0.6302,0.64575,0.637375,47101
47119,0.6031242550177958,47099,0.7625216803844314,0.8404659821066829,0.895,0.4562,0.45475,0.457875,47099
47123,0.5079523273826713,47139,1.093685095940025,0.8404659821066829,0.895,0.8444,0.854375,0.849125,47139
47123,0.5079523273826713,47009,0.3722393211633581,0.8404659821066829,0.895,0.4397,0.441,0.43725,47123
47143,0.5331241536329261,47065,0.2878380880172133,0.8404659821066829,0.895,0.5382,0.5405,0.534,47143
47143,0.5331241536329261,47007,-0.1493864303337035,0.8404659821066829,0.895,0.8921,0.90075,0.895125,47143
47149,0.4034816281587415,47189,0.5273532884788027,0.8404659821066829,0.895,0.4356,0.443875,0.434625,47189
47149,0.4034816281587415,47187,0.38776989392375155,0.8404659821066829,0.895,0.4062,0.39575,0.3995,47149
47149,0.4034816281587415,47015,0.2430901484077065,0.8404659821066829,0.895,0.4563,0.460375,0.470375,47149
47159,0.9699270690384597,47189,0.5273532884788027,0.8404659821066829,0.895,0.728,0.75525,0.745375,47159
47159,0.9699270690384597,47041,0.6457741385746973,0.8404659821066829,0.895,0.6058,0.6115,0.611375,47159
47159,0.9699270690384597,47141,0.8425636896601869,0.8404659821066829,0.895,0.4437,0.436,0.43625,47159
47159,0.9699270690384597,47169,1.2967085174418012,0.8404659821066829,0.895,0.5905,0.594875,0.59425,47169
47159,0.9699270690384597,47087,0.8365600982958611,0.8404659821066829,0.895,0.4343,0.445,0.436,47159
47159,0.9699270690384597,47111,1.074223358983512,0.8404659821066829,0.895,0.4271,0.415375,0.4145,47111
47163,0.2656012736944009,51191,0.4937783977663365,0.8404659821066829,0.895,0.5172,0.521625,0.517375,51191
47163,0.2656012736944009,47019,0.15248003220758302,0.8404659821066829,0.895,0.4367,0.4315,0.4305,47163
47163,0.2656012736944009,47179,0.2800621672591508,0.8404659821066829,0.895,0.3993,0.4025,0.398875,47179
47163,0.2656012736944009,51169,0.6885143723599374,0.8404659821066829,0.895,0.7157,0.72025,0.728875,51169
47163,0.2656012736944009,51520,1.0097453008513486,0.8404659821066829,0.895,0.8979,0.918,0.908375,51520
47183,0.5284377153761901,21083,0.4692498749452792,0.8404659821066829,0.895,0.4061,0.40975,0.402625,47183
47183,0.5284377153761901,47131,0.747432447582451,0.8404659821066829,0.895,0.505,0.50775,0.500375,47131
47183,0.5284377153761901,21105,0.190006147694943,0.8404659821066829,0.895,0.6192,0.62325,0.612125,47183
47183,0.5284377153761901,47017,0.84968946343274,0.8404659821066829,0.895,0.6034,0.61825,0.620625,47017
47189,0.5273532884788027,47041,0.6457741385746973,0.8404659821066829,0.895,0.4308,0.4315,0.436875,47041
47189,0.5273532884788027,47165,0.39330850864588596,0.8404659821066829,0.895,0.4536,0.441375,0.441375,47189
47189,0.5273532884788027,47169,1.2967085174418012,0.8404659821066829,0.895,0.9373,0.94775,0.94675,47169
47189,0.5273532884788027,47015,0.2430901484077065,0.8404659821066829,0.895,0.5648,0.5635,0.577875,47189
48003,0.2978629538642118,48317,0.04491036369103591,0.8404659821066829,0.895,0.5358,0.531875,0.516125,48003
48003,0.2978629538642118,35025,-0.30190365886439774,0.8404659821066829,0.895,0.8765,0.881125,0.887625,48003
48003,0.2978629538642118,48165,-0.037717335993585344,0.8404659821066829,0.895,0.6159,0.5955,0.6015,48003
48003,0.2978629538642118,48495,0.23948439077773523,0.8404659821066829,0.895,0.4065,0.403625,0.4085,48003
48037,0.5701125149944238,48067,0.30276830514410175,0.8404659821066829,0.895,0.54,0.55425,0.534875,48037
48037,0.5701125149944238,40089,0.6894557702722346,0.8404659821066829,0.895,0.4344,0.44625,0.432125,40089
48043,-0.4836390947357874,48443,-0.3082935194469279,0.8404659821066829,0.895,0.4567,0.453,0.45525,48443
48043,-0.4836390947357874,48243,-0.5289566393859041,0.8404659821066829,0.895,0.4025,0.402,0.405125,48043
48047,-0.4268810374038836,48273,-0.04339292073009406,0.8404659821066829,0.895,0.6548,0.66575,0.665875,48273
48047,-0.4268810374038836,48247,-0.5583335711745676,0.8404659821066829,0.895,0.438,0.446,0.4475,48047
48047,-0.4268810374038836,48131,-0.5074711692636111,0.8404659821066829,0.895,0.4158,0.423,0.42025,48047
48047,-0.4268810374038836,48249,-0.2134815234270165,0.8404659821066829,0.895,0.503,0.502,0.502625,48249
48053,0.24567115707586673,48411,0.13581159285176758,0.8404659821066829,0.895,0.4338,0.420125,0.422875,48053
48053,0.24567115707586673,48491,0.10300690478814178,0.8404659821066829,0.895,0.4498,0.444875,0.4385,48053
48053,0.24567115707586673,48031,-0.06920292370871052,0.8404659821066829,0.895,0.6028,0.616,0.598875,48053
48053,0.24567115707586673,48299,-0.09148437202465513,0.8404659821066829,0.895,0.6176,0.622375,0.62325,48053
48053,0.24567115707586673,48281,1.071601573647536,0.8404659821066829,0.895,0.9606,0.967625,0.96625,48281
48053,0.24567115707586673,48027,0.553399904203199,0.8404659821066829,0.895,0.5943,0.60725,0.603625,48027
48057,0.33706009213980237,48007,0.737642394897245,0.8404659821066829,0.895,0.6563,0.666875,0.667625,48007
48057,0.33706009213980237,48469,0.026051113164846963,0.8404659821066829,0.895,0.5929,0.5935,0.59625,48057
48057,0.33706009213980237,48321,0.3158619201156728,0.8404659821066829,0.895,0.4011,0.40625,0.40375,48057
48057,0.33706009213980237,48391,0.4265716224942761,0.8404659821066829,0.895,0.4136,0.419125,0.416125,48391
18009,-0.18979898571894818,18053,-0.07967263583129434,0.8404659821066829,0.895,0.4245,0.4255,0.429625,18053
18009,-0.18979898571894818,18179,-0.604678860120155,0.8404659821066829,0.895,0.6868,0.699875,0.692,18009
18009,-0.18979898571894818,18075,-0.27559306656656285,0.8404659821066829,0.895,0.4147,0.418125,0.41925,18009
18027,-0.1965363544057539,18125,-0.11883659670170528,0.8404659821066829,0.895,0.4097,0.41325,0.41275,18125
18027,-0.1965363544057539,18055,0.1999107750216947,0.8404659821066829,0.895,0.6828,0.6745,0.6945,18055
18027,-0.1965363544057539,18037,-0.0938297367262549,0.8404659821066829,0.895,0.4272,0.42625,0.423,18037
18027,-0.1965363544057539,18101,0.12190613444400408,0.8404659821066829,0.895,0.5818,0.5945,0.5785,18101
18085,-0.03668463675281443,18099,-0.11179528307825455,0.8404659821066829,0.895,0.4103,0.411875,0.409375,18085
18085,-0.03668463675281443,18183,-0.2830817149463449,0.8404659821066829,0.895,0.5293,0.526875,0.537625,18085
18085,-0.03668463675281443,18169,-0.3332754635195294,0.8404659821066829,0.895,0.577,0.58975,0.5945,18085
18085,-0.03668463675281443,18039,-0.21031269884941575,0.8404659821066829,0.895,0.4725,0.460125,0.4705,18085
18085,-0.03668463675281443,18049,0.2595396262144249,0.8404659821066829,0.895,0.5761,0.584375,0.577875,18049
18085,-0.03668463675281443,18113,-0.0990657342232184,0.8404659821066829,0.895,0.4046,0.412375,0.415625,18085
18123,0.3589057525997417,21027,0.7382724713338937,0.8404659821066829,0.895,0.6698,0.656375,0.6595,21027
18123,0.3589057525997417,21091,0.8240436400340423,0.8404659821066829,0.895,0.7434,0.729,0.73825,21091
18123,0.3589057525997417,18025,0.4982446705942358,0.8404659821066829,0.895,0.4425,0.446875,0.4555,18025
18123,0.3589057525997417,21163,0.7399737856041383,0.8404659821066829,0.895,0.6543,0.655375,0.656375,21163
18123,0.3589057525997417,18037,-0.0938297367262549,0.8404659821066829,0.895,0.7407,0.746375,0.7455,18123
19007,-0.4429254805858582,29171,-0.0009279521415069499,0.8404659821066829,0.895,0.7168,0.732875,0.720375,29171
19007,-0.4429254805858582,19135,0.25578216352212657,0.8404659821066829,0.895,0.8914,0.900875,0.901375,19135
19007,-0.4429254805858582,19185,-0.36686802398178997,0.8404659821066829,0.895,0.4152,0.404625,0.41325,19185
19007,-0.4429254805858582,19051,-0.5543172226751019,0.8404659821066829,0.895,0.4312,0.432125,0.422375,19007
19081,-0.7641999461713351,19189,-0.6019881689316553,0.8404659821066829,0.895,0.4538,0.453375,0.44625,19189
19081,-0.7641999461713351,19033,-0.4513004877878293,0.8404659821066829,0.895,0.581,0.584,0.576875,19033
19081,-0.7641999461713351,19197,-0.642715278809845,0.8404659821066829,0.895,0.4263,0.423625,0.424,19197
19081,-0.7641999461713351,19109,-0.7413680072194241,0.8404659821066829,0.895,0.3982,0.399375,0.407,19109
19113,-0.2541640832657977,19105,-0.5440461665594335,0.8404659821066829,0.895,0.5647,0.559125,0.562875,19113
19113,-0.2541640832657977,19019,-0.10347569348765089,0.8404659821066829,0.895,0.4478,0.4625,0.453,19019
19113,-0.2541640832657977,19103,-0.2813759406491116,0.8404659821066829,0.895,0.4017,0.39925,0.398,19113
19113,-0.2541640832657977,19031,-0.5190458986145347,0.8404659821066829,0.895,0.5483,0.549,0.54575,19113
19113,-0.2541640832657977,19055,-0.67730445761509,0.8404659821066829,0.895,0.7021,0.689125,0.69725,19113
19113,-0.2541640832657977,19011,-0.4550330600367581,0.8404659821066829,0.895,0.4835,0.488625,0.48125,19113
20019,0.30120827103559805,20125,0.2743804563596578,0.8404659821066829,0.895,0.398,0.4,0.41225,20019
20019,0.30120827103559805,40147,0.015177362090316126,0.8404659821066829,0.895,0.5573,0.56475,0.564125,20019
20019,0.30120827103559805,20049,0.665034295070372,0.8404659821066829,0.895,0.644,0.647375,0.654875,20049
20019,0.30120827103559805,20035,0.1127098113998356,0.8404659821066829,0.895,0.4733,0.479,0.4775,20019
20067,0.1407317509856619,20187,-0.06320291838546879,0.8404659821066829,0.895,0.4832,0.501625,0.486,20067
20067,0.1407317509856619,20081,-0.28097094803784234,0.8404659821066829,0.895,0.6749,0.704375,0.696625,20067
20067,0.1407317509856619,20189,-0.22404289646251418,0.8404659821066829,0.895,0.6322,0.65875,0.650625,20067
20101,-0.08059758789565351,20055,-0.27968113869238326,0.8404659821066829,0.895,0.4819,0.481125,0.472625,20101
20101,-0.08059758789565351,20171,-0.23716313892571256,0.8404659821066829,0.895,0.4495,0.458625,0.449125,20101
20101,-0.08059758789565351,20063,-0.5433396382467405,0.8404659821066829,0.895,0.7409,0.749375,0.752,20101
20163,-0.3581692769177163,20065,-0.49824497405887813,0.8404659821066829,0.895,0.4425,0.455,0.45425,20163
20163,-0.3581692769177163,20147,-0.3947295325180707,0.8404659821066829,0.895,0.4066,0.408875,0.410625,20163
20163,-0.3581692769177163,20183,-0.41518879560328353,0.8404659821066829,0.895,0.4076,0.413375,0.4005,20163
20163,-0.3581692769177163,20141,-0.18373153023708888,0.8404659821066829,0.895,0.465,0.470125,0.476,20141
20163,-0.3581692769177163,20051,-0.20419776219869862,0.8404659821066829,0.895,0.4505,0.458,0.449,20051
20163,-0.3581692769177163,20195,-0.4515960440298588,0.8404659821066829,0.895,0.4196,0.42775,0.421875,20163
21027,0.7382724713338937,21093,0.6171556838409599,0.8404659821066829,0.895,0.4446,0.44225,0.43625,21027
21027,0.7382724713338937,21085,0.8632774820496681,0.8404659821066829,0.895,0.4335,0.44075,0.433,21085
21027,0.7382724713338937,21091,0.8240436400340423,0.8404659821066829,0.895,0.4167,0.419875,0.424875,21091
21027,0.7382724713338937,21163,0.7399737856041383,0.8404659821066829,0.895,0.4034,0.396625,0.401875,21163
21063,0.5770762526741721,21127,1.3040442993229588,0.8404659821066829,0.895,0.9161,0.923875,0.92,21127
21063,0.5770762526741721,21043,0.6134810456426322,0.8404659821066829,0.895,0.3983,0.39525,0.403875,21043
21063,0.5770762526741721,21175,0.8096806786298646,0.8404659821066829,0.895,0.5117,0.515,0.520625,21175
21071,2.197816460870634,21115,1.8439484199012586,0.8404659821066829,0.895,0.6166,0.6465,0.647375,21071
21071,2.197816460870634,21159,1.7387866810871078,0.8404659821066829,0.895,0.7334,0.747375,0.7485,21071
21083,0.4692498749452792,21035,0.4674745485101425,0.8404659821066829,0.895,0.4005,0.40275,0.3915,21083
21083,0.4692498749452792,21039,0.6589981192901798,0.8404659821066829,0.895,0.4724,0.475375,0.486625,21039
21083,0.4692498749452792,21105,0.190006147694943,0.8404659821066829,0.895,0.5607,0.58375,0.572125,21083
21083,0.4692498749452792,21145,0.42746746367054567,0.8404659821066829,0.895,0.4052,0.41125,0.40775,21083
21083,0.4692498749452792,21157,0.494447056527082,0.8404659821066829,0.895,0.4015,0.405625,0.40075,21157
21093,0.6171556838409599,21179,0.14043174225576122,0.8404659821066829,0.895,0.792,0.801125,0.79175,21093
21093,0.6171556838409599,21099,0.8047713387278421,0.8404659821066829,0.895,0.4823,0.4935,0.49225,21099
21093,0.6171556838409599,21085,0.8632774820496681,0.8404659821066829,0.895,0.5359,0.5425,0.5345,21085
21093,0.6171556838409599,21163,0.7399737856041383,0.8404659821066829,0.895,0.4345,0.4455,0.44025,21163
21093,0.6171556838409599,21111,0.22182231930079496,0.8404659821066829,0.895,0.7071,0.721625,0.722875,21093
55011,-0.3752415869198944,55121,-0.6439947382092434,0.8404659821066829,0.895,0.5415,0.547,0.553125,55011
55011,-0.3752415869198944,55035,-0.4040811693896564,0.8404659821066829,0.895,0.4021,0.405,0.40825,55011
55011,-0.3752415869198944,55091,-0.5464749827820317,0.8404659821066829,0.895,0.4677,0.47725,0.47075,55011
55011,-0.3752415869198944,27157,-0.3852259285514492,0.8404659821066829,0.895,0.3959,0.40025,0.402375,55011
55011,-0.3752415869198944,27169,-0.4133909222899871,0.8404659821066829,0.895,0.3999,0.4035,0.406625,55011
55029,-0.6063318161328733,55061,-0.996310738403475,0.8404659821066829,0.895,0.6001,0.611625,0.6095,55029
55051,-0.21821462408120615,55003,-0.01425627255240359,0.8404659821066829,0.895,0.4744,0.472875,0.470125,55003
55051,-0.21821462408120615,55099,-0.39396434601338387,0.8404659821066829,0.895,0.4585,0.474875,0.473125,55051
55051,-0.21821462408120615,55125,-0.34903115882217034,0.8404659821066829,0.895,0.4297,0.440125,0.44175,55051
55069,-0.4715076884362372,55067,-0.325612575010031,0.8404659821066829,0.895,0.4429,0.447125,0.447375,55067
55069,-0.4715076884362372,55085,-0.13830049511346504,0.8404659821066829,0.895,0.5931,0.61,0.5915,55085
55069,-0.4715076884362372,55099,-0.39396434601338387,0.8404659821066829,0.895,0.4161,0.4065,0.407625,55099
55069,-0.4715076884362372,55119,-0.9785200695195158,0.8404659821066829,0.895,0.7732,0.789625,0.783875,55069
55069,-0.4715076884362372,55073,-0.6058533733974012,0.8404659821066829,0.895,0.4393,0.438625,0.449,55069
55075,-0.5652933075273023,26109,-0.6778448693265308,0.8404659821066829,0.895,0.4243,0.43075,0.425125,55075
55075,-0.5652933075273023,26043,-0.582585989262291,0.8404659821066829,0.895,0.397,0.402,0.397,55075
55075,-0.5652933075273023,55083,-0.31733830108099176,0.8404659821066829,0.895,0.5229,0.527625,0.526625,55083
55075,-0.5652933075273023,55041,-0.4068353632132603,0.8404659821066829,0.895,0.4657,0.456375,0.459625,55041
55107,-0.48587041230968336,55099,-0.39396434601338387,0.8404659821066829,0.895,0.4167,0.420875,0.41775,55099
55107,-0.48587041230968336,55119,-0.9785200695195158,0.8404659821066829,0.895,0.7707,0.76875,0.765375,55107
55107,-0.48587041230968336,55005,-0.42498329575475124,0.8404659821066829,0.895,0.4094,0.412,0.411125,55005
55107,-0.48587041230968336,55113,0.040519996401158456,0.8404659821066829,0.895,0.7852,0.797125,0.796125,55113
55107,-0.48587041230968336,55017,-0.5382270840495476,0.8404659821066829,0.895,0.4059,0.399625,0.412375,55107
55111,-0.38682034608908716,55057,-0.1193323859988388,0.8404659821066829,0.895,0.5516,0.55725,0.5595,55057
55111,-0.38682034608908716,55021,-0.07955688660642823,0.8404659821066829,0.895,0.5875,0.611875,0.612375,55021
55111,-0.38682034608908716,55025,-0.22446621082090232,0.8404659821066829,0.895,0.4646,0.466625,0.464,55025
55111,-0.38682034608908716,55049,-0.49530233396643314,0.8404659821066829,0.895,0.4295,0.419375,0.428375,55111
55111,-0.38682034608908716,55123,-0.569353508408699,0.8404659821066829,0.895,0.4815,0.473,0.48225,55111
55111,-0.38682034608908716,55103,-0.6692280903068296,0.8404659821066829,0.895,0.5579,0.5605,0.56375,55111
55121,-0.6439947382092434,55053,-0.4492500201904561,0.8404659821066829,0.895,0.48,0.495,0.487875,55053
55121,-0.6439947382092434,55035,-0.4040811693896564,0.8404659821066829,0.895,0.523,0.522,0.51425,55035
55121,-0.6439947382092434,55063,-0.36436386012901,0.8404659821066829,0.895,0.5591,0.56,0.562875,55063
55121,-0.6439947382092434,27169,-0.4133909222899871,0.8404659821066829,0.895,0.5115,0.51525,0.522,27169
56011,-0.32384496489332787,56045,-0.11503197745392825,0.8404659821066829,0.895,0.5031,0.497875,0.506,56045
56011,-0.32384496489332787,46081,-0.3332854035539792,0.8404659821066829,0.895,0.3993,0.411375,0.394125,56011
56011,-0.32384496489332787,30075,-0.29771543150726604,0.8404659821066829,0.895,0.4001,0.4055,0.409125,30075
56011,-0.32384496489332787,30011,-0.4861628997318343,0.8404659821066829,0.895,0.4609,0.458875,0.459375,56011
56011,-0.32384496489332787,46019,-0.04132944668607432,0.8404659821066829,0.895,0.5615,0.559625,0.567375,46019
56011,-0.32384496489332787,56005,0.06859163310666272,0.8404659821066829,0.895,0.6757,0.685125,0.68775,56005
56029,-0.3267587379672866,30009,-0.45306542868960475,0.8404659821066829,0.895,0.4386,0.447,0.4475,56029
56029,-0.3267587379672866,56013,-0.3409067625013411,0.8404659821066829,0.895,0.4007,0.39725,0.400125,56029
56029,-0.3267587379672866,56003,-0.20845232636125557,0.8404659821066829,0.895,0.4307,0.428375,0.43125,56003
56029,-0.3267587379672866,56017,-0.19667170944456294,0.8404659821066829,0.895,0.4291,0.423125,0.43125,56017
56029,-0.3267587379672866,30067,-0.3168478759977057,0.8404659821066829,0.895,0.4022,0.402125,0.39425,30067
56029,-0.3267587379672866,56043,-0.4223427934289818,0.8404659821066829,0.895,0.4215,0.42375,0.42375,56029
1003,0.15916503299965148,1025,-0.15302965671841404,0.8404659821066829,0.895,0.5882,0.5975,0.602875,1003
1003,0.15916503299965148,1097,0.24218607408543175,0.8404659821066829,0.895,0.4143,0.40825,0.414375,1097
1003,0.15916503299965148,1129,0.2135468748792001,0.8404659821066829,0.895,0.4084,0.39675,0.407875,1129
1003,0.15916503299965148,12033,0.3110901267649728,0.8404659821066829,0.895,0.4468,0.438375,0.43925,12033
1003,0.15916503299965148,1053,0.2933789511342414,0.8404659821066829,0.895,0.4397,0.427125,0.437,1053
1009,0.43506745602866886,1127,1.133878737846763,0.8404659821066829,0.895,0.9167,0.915,0.919875,1127
1025,-0.15302965671841404,1129,0.2135468748792001,0.8404659821066829,0.895,0.6498,0.6485,0.649625,1129
1035,0.2129170742576729,1039,0.6367378082207026,0.8404659821066829,0.895,0.7027,0.710875,0.710875,1039
1035,0.2129170742576729,1013,0.06827129052685459,0.8404659821066829,0.895,0.4457,0.46025,0.46,1035
1035,0.2129170742576729,1053,0.2933789511342414,0.8404659821066829,0.895,0.4165,0.412625,0.4155,1053
1071,0.8687739400996174,47051,0.1612630946667908,0.8404659821066829,0.895,0.9272,0.9345,0.935875,1071
1071,0.8687739400996174,13083,1.1321672073117806,0.8404659821066829,0.895,0.5344,0.570125,0.56075,13083
1071,0.8687739400996174,47115,0.859499740491843,0.8404659821066829,0.895,0.394,0.401125,0.405,1071
1097,0.24218607408543175,1129,0.2135468748792001,0.8404659821066829,0.895,0.3986,0.39725,0.406,1097
1097,0.24218607408543175,28059,0.40848273316391753,0.8404659821066829,0.895,0.4511,0.456125,0.45075,28059
1097,0.24218607408543175,28039,0.6796187554530528,0.8404659821066829,0.895,0.6981,0.725375,0.7175,28039
1097,0.24218607408543175,28041,0.04743465620058923,0.8404659821066829,0.895,0.4756,0.4795,0.4825,1097
1109,0.507845324750991,1041,0.3405821382122353,0.8404659821066829,0.895,0.4667,0.4935,0.4775,1109
1109,0.507845324750991,1011,-0.16158140649104763,0.8404659821066829,0.895,0.8911,0.906375,0.90425,1109
1109,0.507845324750991,1045,0.748460061092002,0.8404659821066829,0.895,0.5245,0.510375,0.51725,1045
1109,0.507845324750991,1031,0.4489912329776404,0.8404659821066829,0.895,0.4098,0.416125,0.419375,1109
1119,-0.02071610791127784,28069,-0.36890189215508684,0.8404659821066829,0.895,0.633,0.60625,0.609125,1119
1119,-0.02071610791127784,28075,0.06558997513237948,0.8404659821066829,0.895,0.4187,0.417625,0.423,28075
1119,-0.02071610791127784,28103,-0.09682098176595168,0.8404659821066829,0.895,0.4124,0.408,0.40775,1119
1121,0.4239719459203458,1027,0.14801109012207778,0.8404659821066829,0.895,0.5512,0.55225,0.550375,1121
1121,0.4239719459203458,1029,0.7244369749165431,0.8404659821066829,0.895,0.599,0.605375,0.613375,1029
1121,0.4239719459203458,1037,0.08557808123311363,0.8404659821066829,0.895,0.6235,0.614125,0.62525,1121
1121,0.4239719459203458,1015,0.7895180628265788,0.8404659821066829,0.895,0.6532,0.63975,0.638875,1015
1129,0.2135468748792001,28153,0.08359879172664116,0.8404659821066829,0.895,0.4366,0.44325,0.435125,1129
1129,0.2135468748792001,28041,0.04743465620058923,0.8404659821066829,0.895,0.4593,0.46125,0.45425,1129
4009,-1.1546607112809626,4003,-0.766466926340015,0.8404659821066829,0.895,0.666,0.689875,0.69275,4003
4009,-1.1546607112809626,4017,-1.5334742610235073,0.8404659821066829,0.895,0.6726,0.670875,0.673375,4009
4009,-1.1546607112809626,4019,-0.838411101182692,0.8404659821066829,0.895,0.6099,0.637,0.6285,4019
4009,-1.1546607112809626,4011,-0.9385088789069453,0.8404659821066829,0.895,0.5048,0.521,0.5115,4011
5001,0.3907987095192433,5079,-0.5076153646242445,0.8404659821066829,0.895,0.9766,0.977125,0.981,5001
5003,0.24197248495732557,5011,0.18743844441408636,0.8404659821066829,0.895,0.4113,0.415125,0.411375,5003
5003,0.24197248495732557,5043,0.10520978085929153,0.8404659821066829,0.895,0.4427,0.449375,0.429,5003
5011,0.18743844441408636,5043,0.10520978085929153,0.8404659821066829,0.895,0.4127,0.424125,0.41325,5011
5019,0.17192919154831024,5099,0.37388661888112046,0.8404659821066829,0.895,0.4845,0.498875,0.498875,5099
5019,0.17192919154831024,5109,0.4628289554414821,0.8404659821066829,0.895,0.5604,0.58075,0.586,5109
5019,0.17192919154831024,5039,0.381904147328674,0.8404659821066829,0.895,0.4988,0.48675,0.493625,5039
5019,0.17192919154831024,5097,-0.08301841990205744,0.8404659821066829,0.895,0.5416,0.555375,0.537,5019
5019,0.17192919154831024,5059,0.1511303045606714,0.8404659821066829,0.895,0.3966,0.40425,0.400125,5019
5021,0.6150953826040974,5121,0.25498636150513043,0.8404659821066829,0.895,0.6366,0.6465,0.637625,5021
5021,0.6150953826040974,29069,0.9691914115044706,0.8404659821066829,0.895,0.6438,0.642125,0.650625,29069
5021,0.6150953826040974,29181,0.6162027771796315,0.8404659821066829,0.895,0.4034,0.39925,0.40125,29181
5021,0.6150953826040974,5055,0.14957006364330427,0.8404659821066829,0.895,0.7314,0.748125,0.739,5021
5073,0.6189700246240565,5099,0.37388661888112046,0.8404659821066829,0.895,0.5298,0.53425,0.5365,5073
5073,0.6189700246240565,22015,0.11845525424945172,0.8404659821066829,0.895,0.7739,0.7815,0.786125,5073
5073,0.6189700246240565,5027,0.307416062299263,0.8404659821066829,0.895,0.5907,0.59325,0.595375,5073
5099,0.37388661888112046,5109,0.4628289554414821,0.8404659821066829,0.895,0.4148,0.4215,0.420625,5109
5099,0.37388661888112046,5027,0.307416062299263,0.8404659821066829,0.895,0.4041,0.401625,0.4075,5099
5121,0.25498636150513043,29181,0.6162027771796315,0.8404659821066829,0.895,0.6348,0.657125,0.641625,29181
5121,0.25498636150513043,5055,0.14957006364330427,0.8404659821066829,0.895,0.4214,0.430125,0.438125,5121
5121,0.25498636150513043,5135,-0.006378347021622772,0.8404659821066829,0.895,0.5409,0.547625,0.547875,5121
5131,0.2337807177358516,5083,0.6191482939998614,0.8404659821066829,0.895,0.6698,0.663,0.661375,5083
5131,0.2337807177358516,5127,0.3111982798865806,0.8404659821066829,0.895,0.415,0.416125,0.420625,5127
5131,0.2337807177358516,5047,0.40333941741650453,0.8404659821066829,0.895,0.4638,0.45725,0.454875,5047
5131,0.2337807177358516,5033,0.21952574765879868,0.8404659821066829,0.895,0.3995,0.403125,0.40025,5131
5145,0.4875142452562849,5023,0.01854210138800065,0.8404659821066829,0.895,0.7485,0.7785,0.764,5145
6001,-0.33254646723101916,6013,-0.3440642065060921,0.8404659821066829,0.895,0.4005,0.396375,0.39475,6001
6001,-0.33254646723101916,6099,-0.5357031505381383,0.8404659821066829,0.895,0.4841,0.486375,0.497875,6001
6001,-0.33254646723101916,6085,-0.43782497584259034,0.8404659821066829,0.895,0.4219,0.42275,0.41825,6001
6001,-0.33254646723101916,6077,-0.44788999510147603,0.8404659821066829,0.895,0.4317,0.42875,0.426125,6001
6001,-0.33254646723101916,6075,-0.26472904993277263,0.8404659821066829,0.895,0.4096,0.4125,0.40575,6075
6013,-0.3440642065060921,6077,-0.44788999510147603,0.8404659821066829,0.895,0.4249,0.42425,0.427,6013
6017,-0.44116444745220396,6061,-0.3263848712277482,0.8404659821066829,0.895,0.4331,0.4245,0.431125,6061
6017,-0.44116444745220396,6005,-0.5474439784971126,0.8404659821066829,0.895,0.4282,0.42825,0.422625,6017
6017,-0.44116444745220396,6003,-0.4374519828455079,0.8404659821066829,0.895,0.4076,0.40325,0.396875,6003
6017,-0.44116444745220396,32005,-0.4827681024975699,0.8404659821066829,0.895,0.4082,0.40325,0.402625,6017
6023,-0.33379846582826467,6015,-0.055633637804765365,0.8404659821066829,0.895,0.5342,0.532375,0.540375,6015
6039,-0.9223243320806643,6043,-0.6361333677688223,0.8404659821066829,0.895,0.5556,0.544625,0.55025,6043
6043,-0.6361333677688223,6099,-0.5357031505381383,0.8404659821066829,0.895,0.4198,0.427625,0.4235,6099
6057,-0.5160589938984486,6061,-0.3263848712277482,0.8404659821066829,0.895,0.4736,0.476375,0.480125,6061
6057,-0.5160589938984486,32031,-0.4038858914368138,0.8404659821066829,0.895,0.4276,0.428,0.426125,32031
6061,-0.3263848712277482,32031,-0.4038858914368138,0.8404659821066829,0.895,0.418,0.419875,0.41875,6061
6061,-0.3263848712277482,32510,-0.11785313640277587,0.8404659821066829,0.895,0.4892,0.504125,0.48925,32510
6061,-0.3263848712277482,32005,-0.4827681024975699,0.8404659821066829,0.895,0.4596,0.457625,0.459625,6061
6071,-0.5645676710839446,32003,-0.2610237277324813,0.8404659821066829,0.895,0.5851,0.597125,0.595375,32003
6071,-0.5645676710839446,6029,-0.47691307144666345,0.8404659821066829,0.895,0.415,0.418,0.417625,6029
6073,-0.4013512346393616,6025,-0.9864525765304408,0.8404659821066829,0.895,0.8022,0.806875,0.8065,6073
6079,-0.29946969799424,6083,-0.37756010833577475,0.8404659821066829,0.895,0.4079,0.41425,0.4075,6079
6079,-0.29946969799424,6053,-0.6224173750416845,0.8404659821066829,0.895,0.5946,0.595875,0.594375,6079
6079,-0.29946969799424,6031,-0.6421445659126604,0.8404659821066829,0.895,0.6011,0.622875,0.604,6079
6079,-0.29946969799424,6029,-0.47691307144666345,0.8404659821066829,0.895,0.4673,0.487,0.476375,6079
6083,-0.37756010833577475,6111,-0.37974166724995734,0.8404659821066829,0.895,0.3985,0.399375,0.394875,6083
6083,-0.37756010833577475,6029,-0.47691307144666345,0.8404659821066829,0.895,0.4209,0.425,0.431375,6083
6089,-0.2657010053397007,6103,-0.3690334978955437,0.8404659821066829,0.895,0.4231,0.427625,0.432,6089
6089,-0.2657010053397007,6063,-0.3187045426204608,0.8404659821066829,0.895,0.4077,0.40975,0.405375,6089
6089,-0.2657010053397007,6049,-0.5777968709232922,0.8404659821066829,0.895,0.5918,0.59975,0.602375,6089
6089,-0.2657010053397007,6035,-0.8683527875352298,0.8404659821066829,0.895,0.8498,0.863125,0.872625,6089
6099,-0.5357031505381383,6085,-0.43782497584259034,0.8404659821066829,0.895,0.4244,0.42775,0.432,6085
6099,-0.5357031505381383,6077,-0.44788999510147603,0.8404659821066829,0.895,0.4189,0.414,0.430125,6077
6113,-0.18208292419945357,6033,-0.08777556025342984,0.8404659821066829,0.895,0.4151,0.421625,0.417375,6033
8005,-0.5951382862417917,8035,-0.5525071296749219,0.8404659821066829,0.895,0.4049,0.40575,0.408875,8035
8005,-0.5951382862417917,8039,-0.5510884209298123,0.8404659821066829,0.895,0.4088,0.41425,0.40375,8039
8005,-0.5951382862417917,8073,-0.9854994561197211,0.8404659821066829,0.895,0.6874,0.69025,0.699875,8005
8005,-0.5951382862417917,8121,-0.9313903623476942,0.8404659821066829,0.895,0.625,0.62275,0.633875,8005
8019,-1.0422067980855811,8049,-1.028397952978828,0.8404659821066829,0.895,0.3927,0.396875,0.399875,8049
8019,-1.0422067980855811,8047,-0.8664641014935934,0.8404659821066829,0.895,0.4586,0.465375,0.47,8047
8023,-1.3513693100566255,35055,-1.2571823062186294,0.8404659821066829,0.895,0.4226,0.416,0.41875,35055
8023,-1.3513693100566255,8055,-1.0279492164836905,0.8404659821066829,0.895,0.6018,0.595125,0.599125,8055
8023,-1.3513693100566255,8071,-0.9916567647904007,0.8404659821066829,0.895,0.6516,0.645375,0.65625,8071
8023,-1.3513693100566255,8003,-1.1833147420360983,0.8404659821066829,0.895,0.4656,0.452875,0.461625,8003
8023,-1.3513693100566255,8021,-1.3404604296159024,0.8404659821066829,0.895,0.399,0.40325,0.4035,8021
8049,-1.028397952978828,8037,-0.9364207807225241,0.8404659821066829,0.895,0.4199,0.42475,0.431,8037
8049,-1.028397952978828,8047,-0.8664641014935934,0.8404659821066829,0.895,0.4578,0.45525,0.455875,8047
8111,-1.071950775764415,8113,-0.8099352404224793,0.8404659821066829,0.895,0.5341,0.538125,0.53925,8113
8111,-1.071950775764415,8033,-1.1727467589996172,0.8404659821066829,0.895,0.4155,0.42825,0.42675,8111
10001,0.0819829208956882,10005,-0.07790683113122684,0.8404659821066829,0.895,0.4556,0.452125,0.4505,10001
10001,0.0819829208956882,24029,0.1132159983222231,0.8404659821066829,0.895,0.4026,0.40925,0.403625,24029
10001,0.0819829208956882,24035,0.2591027095882757,0.8404659821066829,0.895,0.4605,0.48075,0.47125,24035
12001,1.0351274567076667,12075,0.978436049275225,0.8404659821066829,0.895,0.4025,0.413125,0.416125,12001
12001,1.0351274567076667,12107,0.7414614153891813,0.8404659821066829,0.895,0.58,0.598375,0.59975,12001
12001,1.0351274567076667,12041,0.5090681893614828,0.8404659821066829,0.895,0.8057,0.81225,0.824,12001
12009,0.08275564198164227,12061,-0.06699050597750329,0.8404659821066829,0.895,0.4412,0.434,0.43725,12009
12033,0.3110901267649728,1053,0.2933789511342414,0.8404659821066829,0.895,0.399,0.400625,0.406125,12033
12037,0.7553474937459618,12077,0.30610957398422023,0.8404659821066829,0.895,0.7044,0.720375,0.716625,12037
12037,0.7553474937459618,12129,0.5268199935097709,0.8404659821066829,0.895,0.4957,0.4855,0.49825,12037
12051,-0.18264207559124815,12071,-0.3429301527294655,0.8404659821066829,0.895,0.4393,0.448625,0.453875,12051
12051,-0.18264207559124815,12011,-0.1943697286827901,0.8404659821066829,0.895,0.3997,0.403,0.40225,12051
12051,-0.18264207559124815,12021,-0.3662474011446034,0.8404659821066829,0.895,0.4716,0.462375,0.46,12051
12051,-0.18264207559124815,12043,-0.5932229950507042,0.8404659821066829,0.895,0.6659,0.67775,0.6725,12051
12051,-0.18264207559124815,12099,-0.22330923078951528,0.8404659821066829,0.895,0.4029,0.397125,0.40175,12051
12075,0.978436049275225,12041,0.5090681893614828,0.8404659821066829,0.895,0.7422,0.732125,0.742125,12075
12075,0.978436049275225,12029,0.8024609235998549,0.8404659821066829,0.895,0.4591,0.469625,0.4805,12075
12077,0.30610957398422023,12129,0.5268199935097709,0.8404659821066829,0.895,0.4935,0.509375,0.501125,12129
12107,0.7414614153891813,12109,0.32526342833700417,0.8404659821066829,0.895,0.6886,0.69475,0.69725,12107
12107,0.7414614153891813,12019,0.6294544692908765,0.8404659821066829,0.895,0.4337,0.427875,0.43125,12107
12107,0.7414614153891813,12035,-0.020199860850290654,0.8404659821066829,0.895,0.9237,0.93525,0.931,12107
12123,0.44539146305603944,12029,0.8024609235998549,0.8404659821066829,0.895,0.605,0.624625,0.615375,12029
12123,0.44539146305603944,12079,0.18378986911495396,0.8404659821066829,0.895,0.5404,0.54025,0.536625,12123
12123,0.44539146305603944,12067,0.46777163770769703,0.8404659821066829,0.895,0.3971,0.4015,0.405125,12067
12133,0.7145482227463724,12131,0.5554590041041889,0.8404659821066829,0.895,0.4464,0.45575,0.45475,12133
12133,0.7145482227463724,12005,0.6225371003218253,0.8404659821066829,0.895,0.4172,0.417,0.412375,12133
12133,0.7145482227463724,12059,0.48056150075045845,0.8404659821066829,0.895,0.504,0.516875,0.514625,12133
12133,0.7145482227463724,12063,0.24228441605523376,0.8404659821066829,0.895,0.7452,0.771625,0.762375,12133
13019,0.5222872297346655,13185,0.3900635272643148,0.8404659821066829,0.895,0.4352,0.445625,0.43375,13019
13019,0.5222872297346655,13075,0.4423015754477712,0.8404659821066829,0.895,0.4079,0.421375,0.416625,13019
13019,0.5222872297346655,13003,0.9796098473772333,0.8404659821066829,0.895,0.7308,0.759375,0.75275,13003
13019,0.5222872297346655,13155,0.2908966721082067,0.8404659821066829,0.895,0.5132,0.5235,0.52875,13019
13019,0.5222872297346655,13277,0.2089726240656979,0.8404659821066829,0.895,0.6008,0.60975,0.6135,13019
13019,0.5222872297346655,13069,0.44864520116054935,0.8404659821066829,0.895,0.413,0.417875,0.4085,13019
13019,0.5222872297346655,13173,0.7506814829303452,0.8404659821066829,0.895,0.509,0.524,0.52175,13173
13033,0.3057950329430147,45005,-0.09884974834823695,0.8404659821066829,0.895,0.6909,0.722625,0.724625,13033
13033,0.3057950329430147,45003,-0.1184195175436868,0.8404659821066829,0.895,0.7238,0.736,0.74575,13033
13033,0.3057950329430147,45011,-0.0969524141263196,0.8404659821066829,0.895,0.6898,0.719125,0.716,13033
13033,0.3057950329430147,13165,0.4029479241570124,0.8404659821066829,0.895,0.42,0.4285,0.4275,13165
13073,0.19124029883945673,45037,-0.4357954440469279,0.8404659821066829,0.895,0.8604,0.886125,0.8845,13073
13103,0.6336075481460128,13051,0.14814566576884253,0.8404659821066829,0.895,0.7384,0.75325,0.75325,13103
13103,0.6336075481460128,45049,0.07491354248441807,0.8404659821066829,0.895,0.8282,0.8385,0.851375,13103
13113,-0.1268252381743058,13255,0.24236388973465342,0.8404659821066829,0.895,0.6486,0.64675,0.648,13255
13113,-0.1268252381743058,13063,-0.11347234850174673,0.8404659821066829,0.895,0.401,0.399,0.405875,13063
13123,0.17149621973924523,13085,0.46780888651121894,0.8404659821066829,0.895,0.5718,0.588,0.582625,13085
13123,0.17149621973924523,13111,0.42675223212464497,0.8404659821066829,0.895,0.5302,0.5345,0.534125,13111
13123,0.17149621973924523,13227,0.6182189908068847,0.8404659821066829,0.895,0.703,0.706125,0.701875,13227
13123,0.17149621973924523,13129,0.9242374959401324,0.8404659821066829,0.895,0.9333,0.942375,0.937125,13129
13133,-0.11203860598766956,13265,-0.061252023063996866,0.8404659821066829,0.895,0.4092,0.406625,0.4035,13265
13133,-0.11203860598766956,13219,0.20964372216837068,0.8404659821066829,0.895,0.5998,0.606125,0.617,13219
13133,-0.11203860598766956,13211,0.0717297531567166,0.8404659821066829,0.895,0.4709,0.48325,0.478875,13211
13157,0.930444717590043,13195,0.7885177036414037,0.8404659821066829,0.895,0.4397,0.4495,0.44275,13157
13157,0.930444717590043,13059,0.42013337327760936,0.8404659821066829,0.895,0.7606,0.768125,0.758625,13157
13157,0.930444717590043,13011,0.28362996639136717,0.8404659821066829,0.895,0.8732,0.884875,0.891125,13157
13185,0.3900635272643148,13075,0.4423015754477712,0.8404659821066829,0.895,0.4071,0.40775,0.412625,13075
13185,0.3900635272643148,12047,0.26950199980190775,0.8404659821066829,0.895,0.4323,0.43425,0.44975,13185
13185,0.3900635272643148,12079,0.18378986911495396,0.8404659821066829,0.895,0.4935,0.5095,0.52625,13185
13185,0.3900635272643148,13101,0.5976205116878145,0.8404659821066829,0.895,0.502,0.515875,0.52775,13101
13185,0.3900635272643148,13173,0.7506814829303452,0.8404659821066829,0.895,0.641,0.6485,0.657625,13173
13201,0.43486018177782637,13253,0.4327324233419229,0.8404659821066829,0.895,0.4049,0.401375,0.406,13201
13201,0.43486018177782637,13099,0.29851968342403257,0.8404659821066829,0.895,0.4389,0.45,0.440125,13201
13201,0.43486018177782637,13087,0.6169796225061562,0.8404659821066829,0.895,0.467,0.46825,0.47325,13087
13233,1.1533161351127281,1029,0.7244369749165431,0.8404659821066829,0.895,0.7261,0.7395,0.745,13233
13233,1.1533161351127281,13223,0.5632798248893227,0.8404659821066829,0.895,0.8459,0.85325,0.855,13233
13233,1.1533161351127281,13015,0.7421284552676516,0.8404659821066829,0.895,0.6901,0.70375,0.702625,13233
13233,1.1533161351127281,1019,0.7192676107279325,0.8404659821066829,0.895,0.7233,0.7455,0.740625,13233
13233,1.1533161351127281,13115,0.6521599874991006,0.8404659821066829,0.895,0.7803,0.792375,0.783875,13233
13289,0.11311847308189367,13319,0.07840164300093988,0.8404659821066829,0.895,0.4078,0.4045,0.397625,13289
13289,0.11311847308189367,13023,0.49433039749203855,0.8404659821066829,0.895,0.6485,0.660375,0.653,13023
13289,0.11311847308189367,13169,0.051527773361959774,0.8404659821066829,0.895,0.4022,0.414125,0.403125,13289
13291,0.2960843874298011,13311,0.33553139441197477,0.8404659821066829,0.895,0.4085,0.40125,0.406625,13311
13291,0.2960843874298011,13111,0.42675223212464497,0.8404659821066829,0.895,0.4442,0.438375,0.438875,13111
13291,0.2960843874298011,13281,0.23300301749194832,0.8404659821066829,0.895,0.4138,0.4115,0.406125,13291
13291,0.2960843874298011,13187,0.669901876411752,0.8404659821066829,0.895,0.6451,0.667375,0.66225,13187
13301,0.36249380807802534,13265,-0.061252023063996866,0.8404659821066829,0.895,0.7008,0.689,0.695125,13301
13301,0.36249380807802534,13125,0.24161627306338643,0.8404659821066829,0.895,0.4303,0.437,0.432375,13301
13303,0.09144862860910921,13319,0.07840164300093988,0.8404659821066829,0.895,0.4015,0.408625,0.399625,13303
13303,0.09144862860910921,13167,-0.09693285581545556,0.8404659821066829,0.895,0.4827,0.482625,0.474,13303
13303,0.09144862860910921,13125,0.24161627306338643,0.8404659821066829,0.895,0.4439,0.44375,0.445375,13125
13311,0.33553139441197477,13281,0.23300301749194832,0.8404659821066829,0.895,0.4241,0.418375,0.42525,13311
13311,0.33553139441197477,13187,0.669901876411752,0.8404659821066829,0.895,0.6026,0.624875,0.612875,13187
13319,0.07840164300093988,13167,-0.09693285581545556,0.8404659821066829,0.895,0.4687,0.47125,0.4775,13319
13319,0.07840164300093988,13175,0.00633149480021078,0.8404659821066829,0.895,0.4093,0.415625,0.424875,13319
13319,0.07840164300093988,13169,0.051527773361959774,0.8404659821066829,0.895,0.4013,0.395625,0.39425,13319
16013,-0.6071602587110619,16025,-0.792835292728451,0.8404659821066829,0.895,0.4809,0.481875,0.48475,16013
16013,-0.6071602587110619,16031,-0.8921582874277696,0.8404659821066829,0.895,0.5906,0.5975,0.603625,16013
16013,-0.6071602587110619,16037,-0.5750066030243747,0.8404659821066829,0.895,0.4051,0.40675,0.407,16037
16013,-0.6071602587110619,16011,-1.0133089892805023,0.8404659821066829,0.895,0.7181,0.74125,0.727,16013
16013,-0.6071602587110619,16067,-0.6328669461003036,0.8404659821066829,0.895,0.3965,0.404625,0.401125,16013
16013,-0.6071602587110619,16063,-0.6238907168737946,0.8404659821066829,0.895,0.3931,0.40425,0.397375,16013
16025,-0.792835292728451,16063,-0.6238907168737946,0.8404659821066829,0.895,0.4636,0.469125,0.463,16063
16025,-0.792835292728451,16047,-0.3981916669920047,0.8404659821066829,0.895,0.6589,0.66425,0.668625,16047
16031,-0.8921582874277696,16083,-0.575794238909703,0.8404659821066829,0.895,0.608,0.6145,0.609,16083
16031,-0.8921582874277696,49003,-0.9509089973937127,0.8404659821066829,0.895,0.4048,0.4115,0.420625,16031
16031,-0.8921582874277696,16071,-1.3261465979831748,0.8404659821066829,0.895,0.726,0.766875,0.753,16031
16031,-0.8921582874277696,16067,-0.6328669461003036,0.8404659821066829,0.895,0.5401,0.535125,0.543875,16067
16031,-0.8921582874277696,32007,-0.235798344487947,0.8404659821066829,0.895,0.9202,0.92575,0.917875,32007
16031,-0.8921582874277696,16053,-0.5590379930896107,0.8404659821066829,0.895,0.6152,0.6345,0.637875,16053
16037,-0.5750066030243747,16085,-0.5314251428401146,0.8404659821066829,0.895,0.401,0.41125,0.411625,16085
16037,-0.5750066030243747,16015,-0.5644943619649732,0.8404659821066829,0.895,0.4014,0.408375,0.3985,16015
16041,-1.3714237828277271,16071,-1.3261465979831748,0.8404659821066829,0.895,0.4043,0.397375,0.39525,16071
16073,-0.5205465987526225,16083,-0.575794238909703,0.8404659821066829,0.895,0.4064,0.403125,0.41175,16073
16073,-0.5205465987526225,32007,-0.235798344487947,0.8404659821066829,0.895,0.5829,0.583625,0.584875,32007
16073,-0.5205465987526225,32013,-0.03828992074521167,0.8404659821066829,0.895,0.7734,0.77075,0.772875,32013
16073,-0.5205465987526225,16001,-0.2600753537433656,0.8404659821066829,0.895,0.534,0.54775,0.538375,16001
16083,-0.575794238909703,32007,-0.235798344487947,0.8404659821066829,0.895,0.637,0.63925,0.637375,32007
16083,-0.575794238909703,16053,-0.5590379930896107,0.8404659821066829,0.895,0.396,0.4075,0.40125,16053
16083,-0.575794238909703,16047,-0.3981916669920047,0.8404659821066829,0.895,0.4711,0.472125,0.467875,16047
16085,-0.5314251428401146,16015,-0.5644943619649732,0.8404659821066829,0.895,0.4038,0.41,0.401125,16085
16085,-0.5314251428401146,16045,-0.35045575869638007,0.8404659821066829,0.895,0.4712,0.474,0.477875,16045
17027,-0.22403581663152128,17189,-0.1221364457930695,0.8404659821066829,0.895,0.4245,0.4245,0.427125,17189
17027,-0.22403581663152128,17163,-0.01568276438951038,0.8404659821066829,0.895,0.5069,0.48975,0.499625,17163
17027,-0.22403581663152128,17119,0.10745514176173152,0.8404659821066829,0.895,0.6331,0.631,0.632125,17119
17027,-0.22403581663152128,17121,0.2585778506818727,0.8404659821066829,0.895,0.7687,0.76275,0.759125,17121
17027,-0.22403581663152128,17051,-0.17757483876158273,0.8404659821066829,0.895,0.3986,0.402125,0.404625,17051
17027,-0.22403581663152128,17005,-0.04134917778445521,0.8404659821066829,0.895,0.4659,0.47325,0.4725,17005
17043,-0.032590576094474674,17197,0.014766733431190775,0.8404659821066829,0.895,0.4025,0.406,0.398875,17197
17043,-0.032590576094474674,17093,0.005349524080997412,0.8404659821066829,0.895,0.4043,0.4095,0.404375,17093
17043,-0.032590576094474674,17089,-0.058721566575762565,0.8404659821066829,0.895,0.3958,0.39675,0.4025,17043
17097,-0.05598534201064324,17111,0.09371547741880093,0.8404659821066829,0.895,0.4424,0.45325,0.440625,17111
17097,-0.05598534201064324,55059,0.09779867134436405,0.8404659821066829,0.895,0.4387,0.442375,0.44025,55059
17183,0.31859422111393637,18171,0.11183106944731529,0.8404659821066829,0.895,0.4886,0.5085,0.494375,17183
17183,0.31859422111393637,18007,0.3989641314698143,0.8404659821066829,0.895,0.4146,0.415,0.416625,18007
17183,0.31859422111393637,17075,0.0979442025916717,0.8404659821066829,0.895,0.4971,0.506375,0.509125,17183
17183,0.31859422111393637,17045,0.08777927763410968,0.8404659821066829,0.895,0.5205,0.538125,0.528125,17183
17183,0.31859422111393637,17053,0.0497985754629687,0.8404659821066829,0.895,0.5443,0.55875,0.559375,17183
17183,0.31859422111393637,18165,0.530258308676866,0.8404659821066829,0.895,0.5004,0.491,0.486,18165
17183,0.31859422111393637,17019,0.09749061031152753,0.8404659821066829,0.895,0.5051,0.518875,0.502125,17183
17197,0.014766733431190775,17063,0.1763346965255303,0.8404659821066829,0.895,0.4487,0.453125,0.449,17063
17197,0.014766733431190775,17093,0.005349524080997412,0.8404659821066829,0.895,0.401,0.396875,0.400375,17197
17197,0.014766733431190775,18089,-0.17465178761017888,0.8404659821066829,0.895,0.4735,0.4815,0.48225,17197
31075,-0.628732859294749,31091,-0.38319182158634824,0.8404659821066829,0.895,0.5183,0.527875,0.531375,31091
31075,-0.628732859294749,31031,-0.5640516387701816,0.8404659821066829,0.895,0.4118,0.416,0.418125,31031
31075,-0.628732859294749,31161,-0.5849565766879998,0.8404659821066829,0.895,0.4041,0.403,0.402125,31161
31075,-0.628732859294749,31069,-0.3673315660282381,0.8404659821066829,0.895,0.5413,0.569375,0.565,31069
31091,-0.38319182158634824,31031,-0.5640516387701816,0.8404659821066829,0.895,0.4757,0.489125,0.48975,31091
31103,-0.6161091985087171,31017,-0.5597607171747377,0.8404659821066829,0.895,0.3991,0.405625,0.4,31017
31103,-0.6161091985087171,31031,-0.5640516387701816,0.8404659821066829,0.895,0.4069,0.40475,0.401375,31031
31103,-0.6161091985087171,31149,-0.4590639170735412,0.8404659821066829,0.895,0.4516,0.457375,0.4485,31149
31103,-0.6161091985087171,31015,-0.6091062721674896,0.8404659821066829,0.895,0.3989,0.393625,0.4035,31015
31103,-0.6161091985087171,46053,-0.3843847397716385,0.8404659821066829,0.895,0.5134,0.522625,0.5215,46053
32011,-0.1551059045918782,32015,-0.253998552634071,0.8404659821066829,0.895,0.4222,0.419375,0.42725,32011
32011,-0.1551059045918782,32033,-0.6469339888366263,0.8404659821066829,0.895,0.7676,0.766375,0.76975,32011
32011,-0.1551059045918782,32007,-0.235798344487947,0.8404659821066829,0.895,0.419,0.419125,0.4125,32011
32011,-0.1551059045918782,32023,-0.034152502036470515,0.8404659821066829,0.895,0.4308,0.436125,0.437125,32023
32015,-0.253998552634071,32027,-0.6211500256176954,0.8404659821066829,0.895,0.6347,0.638375,0.639875,32015
32015,-0.253998552634071,32007,-0.235798344487947,0.8404659821066829,0.895,0.394,0.398875,0.405875,32007
32015,-0.253998552634071,32013,-0.03828992074521167,0.8404659821066829,0.895,0.5021,0.509375,0.510625,32013
32015,-0.253998552634071,32023,-0.034152502036470515,0.8404659821066829,0.895,0.5164,0.505375,0.50675,32023
32031,-0.4038858914368138,32019,-0.19792177302693517,0.8404659821066829,0.895,0.5112,0.538125,0.51225,32019
32031,-0.4038858914368138,32027,-0.6211500256176954,0.8404659821066829,0.895,0.5082,0.510875,0.508,32031
32031,-0.4038858914368138,32013,-0.03828992074521167,0.8404659821066829,0.895,0.6867,0.703875,0.694625,32013
32031,-0.4038858914368138,32029,-1.1597681082000262,0.8404659821066829,0.895,0.9259,0.938,0.94,32031
32031,-0.4038858914368138,32510,-0.11785313640277587,0.8404659821066829,0.895,0.5807,0.592,0.586875,32510
32031,-0.4038858914368138,6049,-0.5777968709232922,0.8404659821066829,0.895,0.4848,0.4865,0.48775,32031
32031,-0.4038858914368138,6035,-0.8683527875352298,0.8404659821066829,0.895,0.7776,0.7875,0.79275,32031
32031,-0.4038858914368138,41025,-0.6301421949045455,0.8404659821066829,0.895,0.5346,0.534625,0.554125,32031
32031,-0.4038858914368138,41037,-0.713059397945544,0.8404659821066829,0.895,0.6093,0.6175,0.631,32031
32033,-0.6469339888366263,32007,-0.235798344487947,0.8404659821066829,0.895,0.721,0.732,0.74075,32007
32033,-0.6469339888366263,32017,-0.6013742017576005,0.8404659821066829,0.895,0.4025,0.40275,0.399375,32017
32033,-0.6469339888366263,49027,-1.1506005407904136,0.8404659821066829,0.895,0.7927,0.788875,0.785125,32033
32033,-0.6469339888366263,32023,-0.034152502036470515,0.8404659821066829,0.895,0.8899,0.898125,0.897,32023
33007,-0.15154367494987595,50009,-0.24154702026414335,0.8404659821066829,0.895,0.4109,0.409125,0.414875,33007
33007,-0.15154367494987595,33003,0.004262693041676937,0.8404659821066829,0.895,0.4525,0.458375,0.46475,33003
33007,-0.15154367494987595,23017,0.23218229326909928,0.8404659821066829,0.895,0.6533,0.6585,0.67325,23017
33017,0.38749640512855,33001,0.29219077091674234,0.8404659821066829,0.895,0.4074,0.42325,0.414625,33017
33017,0.38749640512855,33003,0.004262693041676937,0.8404659821066829,0.895,0.6602,0.660875,0.6635,33017
33017,0.38749640512855,33013,0.27951236272334684,0.8404659821066829,0.895,0.4183,0.43,0.4125,33017
34001,-0.08986664094291368,34007,-0.051101054804191144,0.8404659821066829,0.895,0.4043,0.409,0.397125,34007
34001,-0.08986664094291368,34015,0.16355566447964756,0.8404659821066829,0.895,0.5433,0.539875,0.545875,34015
34001,-0.08986664094291368,34029,-0.07535419558798007,0.8404659821066829,0.895,0.3961,0.40625,0.39675,34029
34001,-0.08986664094291368,34011,-0.1636497840109829,0.8404659821066829,0.895,0.4087,0.4205,0.414875,34001
34007,-0.051101054804191144,34015,0.16355566447964756,0.8404659821066829,0.895,0.4911,0.496375,0.50175,34015
34007,-0.051101054804191144,42101,-0.06108137631654579,0.8404659821066829,0.895,0.3954,0.397125,0.403875,34007
34015,0.16355566447964756,34011,-0.1636497840109829,0.8404659821066829,0.895,0.5987,0.606375,0.608,34015
34015,0.16355566447964756,42101,-0.06108137631654579,0.8404659821066829,0.895,0.5059,0.52925,0.51025,34015
34019,-0.16590955559578052,42017,-0.15620755400230402,0.8404659821066829,0.895,0.4045,0.410875,0.40425,42017
34019,-0.16590955559578052,34027,-0.13802240311916086,0.8404659821066829,0.895,0.401,0.397625,0.403,34027
34031,-0.3084103109954024,34027,-0.13802240311916086,0.8404659821066829,0.895,0.4659,0.468625,0.455625,34027
34031,-0.3084103109954024,36071,-0.13461122333537084,0.8404659821066829,0.895,0.4756,0.463875,0.46175,36071
34031,-0.3084103109954024,36087,-0.5464554382462833,0.8404659821066829,0.895,0.5193,0.53925,0.5325,34031
34031,-0.3084103109954024,34037,-0.032508042529244593,0.8404659821066829,0.895,0.5593,0.55,0.554,34037
35015,-0.5623601413870458,48389,-0.4029131241503841,0.8404659821066829,0.895,0.4552,0.4795,0.48,48389
35015,-0.5623601413870458,35025,-0.30190365886439774,0.8404659821066829,0.895,0.5509,0.584,0.56725,35025
35015,-0.5623601413870458,35035,-0.9264009438277871,0.8404659821066829,0.895,0.6549,0.66125,0.66425,35015
35015,-0.5623601413870458,35005,-0.6571780486637464,0.8404659821066829,0.895,0.4219,0.423375,0.424625,35015
35033,-1.3105480349743732,35039,-1.4266439210010253,0.8404659821066829,0.895,0.4319,0.434625,0.4315,35033
35033,-1.3105480349743732,35055,-1.2571823062186294,0.8404659821066829,0.895,0.4067,0.41075,0.405125,35055
35033,-1.3105480349743732,35049,-1.175535213233838,0.8404659821066829,0.895,0.4475,0.451375,0.4455,35049
35033,-1.3105480349743732,35047,-1.0619615013655712,0.8404659821066829,0.895,0.5375,0.528625,0.52225,35047
35039,-1.4266439210010253,35043,-1.230121401826735,0.8404659821066829,0.895,0.4951,0.49325,0.499375,35043
35039,-1.4266439210010253,35055,-1.2571823062186294,0.8404659821066829,0.895,0.4676,0.47275,0.462875,35055
35039,-1.4266439210010253,8007,-1.240826645455704,0.8404659821066829,0.895,0.4829,0.499,0.4975,8007
35039,-1.4266439210010253,35049,-1.175535213233838,0.8404659821066829,0.895,0.55,0.56175,0.558,35049
35039,-1.4266439210010253,35028,-1.144719041019494,0.8404659821066829,0.895,0.5465,0.5515,0.558125,35028
35039,-1.4266439210010253,8021,-1.3404604296159024,0.8404659821066829,0.895,0.418,0.4255,0.424375,8021
35043,-1.230121401826735,35049,-1.175535213233838,0.8404659821066829,0.895,0.4125,0.4165,0.41325,35049
35043,-1.230121401826735,35001,-1.1537313021627753,0.8404659821066829,0.895,0.4079,0.41625,0.406625,35001
35043,-1.230121401826735,35028,-1.144719041019494,0.8404659821066829,0.895,0.4164,0.41325,0.412875,35028
35043,-1.230121401826735,35006,-1.4537429640441328,0.8404659821066829,0.895,0.5114,0.532375,0.537375,35043
35055,-1.2571823062186294,8021,-1.3404604296159024,0.8404659821066829,0.895,0.4155,0.413125,0.414,35055
36017,-0.15270119077623162,36053,0.21516958982552797,0.8404659821066829,0.895,0.6364,0.649125,0.64925,36053
36017,-0.15270119077623162,36025,-0.3189329054185464,0.8404659821066829,0.895,0.4659,0.47025,0.4695,36017
36017,-0.15270119077623162,36007,-0.25508677079441877,0.8404659821066829,0.895,0.4161,0.423,0.423625,36017
36017,-0.15270119077623162,36023,0.09520103985700029,0.8404659821066829,0.895,0.529,0.534375,0.53025,36023
36043,-0.14290583159895484,36049,-0.19174691687310566,0.8404659821066829,0.895,0.4023,0.405375,0.405625,36043
36043,-0.14290583159895484,36057,-0.3169478319711621,0.8404659821066829,0.895,0.4702,0.471625,0.4805,36043
36043,-0.14290583159895484,36035,-0.18437842659097664,0.8404659821066829,0.895,0.3965,0.40325,0.408,36043
36043,-0.14290583159895484,36089,0.255192899692451,0.8404659821066829,0.895,0.6738,0.692625,0.69525,36089
36043,-0.14290583159895484,36041,0.3753035128273372,0.8404659821066829,0.895,0.8067,0.81225,0.825375,36041
36047,-1.0823942071889228,36081,-0.9089506762180596,0.8404659821066829,0.895,0.4516,0.46175,0.462125,36081
36053,0.21516958982552797,36075,0.2905977097221454,0.8404659821066829,0.895,0.4115,0.409375,0.41825,36075
36053,0.21516958982552797,36023,0.09520103985700029,0.8404659821066829,0.895,0.4345,0.435875,0.43925,36053
38071,-0.5333429735991609,38099,-0.5087290265470751,0.8404659821066829,0.895,0.3929,0.396625,0.397125,38099
38071,-0.5333429735991609,38095,-0.33035638624595104,0.8404659821066829,0.895,0.4803,0.47625,0.483375,38095
38071,-0.5333429735991609,38063,-0.22403793926421067,0.8404659821066829,0.895,0.5881,0.57825,0.5875,38063
38071,-0.5333429735991609,38019,-0.603402552167714,0.8404659821066829,0.895,0.4088,0.40875,0.412,38071
38077,-0.6817278764259043,27167,-0.5269724150587488,0.8404659821066829,0.895,0.4452,0.452125,0.46025,27167
38077,-0.6817278764259043,27155,-0.6056140322599198,0.8404659821066829,0.895,0.412,0.408625,0.417125,27155
38077,-0.6817278764259043,38073,-0.5173589852942766,0.8404659821066829,0.895,0.4598,0.463375,0.463125,38073
38077,-0.6817278764259043,38081,-0.49368496574962584,0.8404659821066829,0.895,0.4813,0.487,0.491625,38081
38077,-0.6817278764259043,46109,-0.519102336217359,0.8404659821066829,0.895,0.4635,0.471875,0.464,46109
38099,-0.5087290265470751,38063,-0.22403793926421067,0.8404659821066829,0.895,0.5721,0.556625,0.56075,38063
38099,-0.5087290265470751,38019,-0.603402552167714,0.8404659821066829,0.895,0.4171,0.426625,0.42,38099
38105,-0.6567447952994157,30091,0.1297301558446967,0.8404659821066829,0.895,0.9356,0.9515,0.949,30091
38105,-0.6567447952994157,38023,-0.8938638467366508,0.8404659821066829,0.895,0.5047,0.516625,0.512625,38105
38105,-0.6567447952994157,38061,-0.7525516204520464,0.8404659821066829,0.895,0.4141,0.423125,0.419375,38105
38105,-0.6567447952994157,38013,-0.5318396121374526,0.8404659821066829,0.895,0.4302,0.433625,0.435,38013
39035,-0.33438239074676424,39055,-0.5188004213036588,0.8404659821066829,0.895,0.4637,0.459625,0.45925,39035
39035,-0.33438239074676424,39093,-0.12943163227362076,0.8404659821066829,0.895,0.486,0.49625,0.49175,39093
39035,-0.33438239074676424,39103,-0.3219556113548753,0.8404659821066829,0.895,0.4016,0.3955,0.402,39103
39035,-0.33438239074676424,39153,-0.3040181428884039,0.8404659821066829,0.895,0.4029,0.403375,0.4065,39153
39035,-0.33438239074676424,39085,-0.213919789251377,0.8404659821066829,0.895,0.4292,0.427,0.428375,39085
39047,0.23797426260237967,39071,0.12442993981676723,0.8404659821066829,0.895,0.436,0.435125,0.43225,39047
39047,0.23797426260237967,39097,0.08588478838627778,0.8404659821066829,0.895,0.457,0.45425,0.451375,39047
39047,0.23797426260237967,39141,0.28766229799855253,0.8404659821066829,0.895,0.4047,0.398,0.40675,39141
39047,0.23797426260237967,39057,-0.07712741942758358,0.8404659821066829,0.895,0.6023,0.58675,0.581125,39047
39047,0.23797426260237967,39027,0.23270208172251064,0.8404659821066829,0.895,0.4042,0.400375,0.406875,39047
39047,0.23797426260237967,39129,0.24115797420911458,0.8404659821066829,0.895,0.4052,0.39675,0.40125,39129
39159,0.09541377882495547,39065,-0.02637141083507015,0.8404659821066829,0.895,0.4363,0.441375,0.437625,39159
39159,0.09541377882495547,39041,0.061151358740412845,0.8404659821066829,0.895,0.4057,0.3965,0.393625,39159
39159,0.09541377882495547,39097,0.08588478838627778,0.8404659821066829,0.895,0.399,0.401,0.403875,39159
39159,0.09541377882495547,39101,-0.04887687954674274,0.8404659821066829,0.895,0.4586,0.446875,0.451,39159
39159,0.09541377882495547,39021,-0.04650365799750118,0.8404659821066829,0.895,0.4419,0.453,0.462375,39159
39159,0.09541377882495547,39049,0.18118132046010868,0.8404659821066829,0.895,0.4221,0.414875,0.42575,39049
39159,0.09541377882495547,39091,0.09788382933401309,0.8404659821066829,0.895,0.3954,0.40125,0.401125,39091
40013,0.5983363301367611,40023,0.907236653942399,0.8404659821066829,0.895,0.5935,0.600875,0.595875,40023
40013,0.5983363301367611,48147,0.34375178515958643,0.8404659821066829,0.895,0.5423,0.527,0.5285,40013
40013,0.5983363301367611,40005,0.3189493359344001,0.8404659821066829,0.895,0.5607,0.569,0.575875,40013
40013,0.5983363301367611,40069,0.6491747533554487,0.8404659821066829,0.895,0.4079,0.402125,0.410125,40069
40013,0.5983363301367611,48181,0.4447198167623752,0.8404659821066829,0.895,0.4603,0.458,0.460875,40013
40023,0.907236653942399,40089,0.6894557702722346,0.8404659821066829,0.895,0.5047,0.50925,0.508375,40023
40023,0.907236653942399,40005,0.3189493359344001,0.8404659821066829,0.895,0.8476,0.855875,0.860625,40023
40023,0.907236653942399,40127,0.8442122498570575,0.8404659821066829,0.895,0.4143,0.410625,0.408375,40023
40053,0.0025185867015802338,40003,-0.2810204542890438,0.8404659821066829,0.895,0.5582,0.571375,0.562625,40053
40053,0.0025185867015802338,20191,-0.04294075769880717,0.8404659821066829,0.895,0.4069,0.40025,0.407125,40053
40053,0.0025185867015802338,20077,0.09056631445706465,0.8404659821066829,0.895,0.4108,0.411375,0.41475,20077
40053,0.0025185867015802338,40071,0.2296995136275017,0.8404659821066829,0.895,0.5091,0.502625,0.498875,40071
40053,0.0025185867015802338,40047,-0.02547080971178364,0.8404659821066829,0.895,0.4042,0.398125,0.4065,40053
40101,0.4202713957845138,40021,0.35441243019715674,0.8404659821066829,0.895,0.4153,0.406375,0.40725,40101
40101,0.4202713957845138,40091,0.35097427763384326,0.8404659821066829,0.895,0.4085,0.40675,0.41,40101
40101,0.4202713957845138,40061,0.4155965538529832,0.8404659821066829,0.895,0.3996,0.396125,0.4,40101
40101,0.4202713957845138,40111,0.3738614231147172,0.8404659821066829,0.895,0.411,0.406125,0.411125,40101
41021,-0.6951110165693173,41049,-0.37718573262528016,0.8404659821066829,0.895,0.594,0.59325,0.5995,41049
41021,-0.6951110165693173,53039,-0.2943911053468567,0.8404659821066829,0.895,0.6833,0.705,0.718625,53039
41021,-0.6951110165693173,41069,-0.6771655155987685,0.8404659821066829,0.895,0.4055,0.402125,0.397,41069
41031,-0.6935397085963173,41047,-0.1571724635705308,0.8404659821066829,0.895,0.8099,0.813875,0.820125,41047
41031,-0.6935397085963173,41013,-0.8650660753485104,0.8404659821066829,0.895,0.4549,0.482125,0.47225,41031
41031,-0.6935397085963173,41069,-0.6771655155987685,0.8404659821066829,0.895,0.3957,0.403625,0.40675,41069
41047,-0.1571724635705308,41071,-0.07865307028485305,0.8404659821066829,0.895,0.4121,0.410125,0.41025,41071
41047,-0.1571724635705308,41053,-0.3737225100549975,0.8404659821066829,0.895,0.4976,0.489875,0.498875,41047
42017,-0.15620755400230402,42095,-0.3359408954302582,0.8404659821066829,0.895,0.4703,0.470125,0.485875,42017
42017,-0.15620755400230402,42101,-0.06108137631654579,0.8404659821066829,0.895,0.4184,0.419625,0.425875,42101
42017,-0.15620755400230402,42077,-0.35634609936928135,0.8404659821066829,0.895,0.4949,0.501125,0.5045,42017
42027,-0.3290212515179194,42013,-0.39839521320917776,0.8404659821066829,0.895,0.4114,0.41275,0.40975,42027
42027,-0.3290212515179194,42087,-0.4929744691740122,0.8404659821066829,0.895,0.4557,0.46625,0.469625,42027
42027,-0.3290212515179194,42119,-0.73689615383529,0.8404659821066829,0.895,0.6905,0.71025,0.705875,42027
42041,-0.1645590621141317,42099,0.04957299152053368,0.8404659821066829,0.895,0.4876,0.494125,0.487875,42099
42041,-0.1645590621141317,42133,-0.13385874419088065,0.8404659821066829,0.895,0.3993,0.397375,0.399875,42133
42041,-0.1645590621141317,42001,-0.22691035071456772,0.8404659821066829,0.895,0.4064,0.413375,0.41,42041
42047,-0.40547305038284387,42083,-0.2343929647096803,0.8404659821066829,0.895,0.4664,0.4575,0.461,42083
42047,-0.40547305038284387,42065,-0.5907789976152531,0.8404659821066829,0.895,0.475,0.472125,0.47375,42047
42047,-0.40547305038284387,42053,-0.39599619332901803,0.8404659821066829,0.895,0.4047,0.396875,0.395125,42053
42051,-0.4853435128000347,42129,-0.40673731642560956,0.8404659821066829,0.895,0.4165,0.425875,0.4205,42129
42051,-0.4853435128000347,54061,-0.1838718450659089,0.8404659821066829,0.895,0.5872,0.603375,0.596625,54061
42051,-0.4853435128000347,54077,-0.7462895838730458,0.8404659821066829,0.895,0.5504,0.54,0.551875,42051
42067,-0.6896472749166813,42099,0.04957299152053368,0.8404659821066829,0.895,0.9206,0.926875,0.92425,42099
42067,-0.6896472749166813,42097,-0.5042820168287498,0.8404659821066829,0.895,0.4791,0.4915,0.480625,42097
42067,-0.6896472749166813,42087,-0.4929744691740122,0.8404659821066829,0.895,0.4762,0.483375,0.477875,42087
42067,-0.6896472749166813,42109,-0.6060380487450344,0.8404659821066829,0.895,0.4145,0.42275,0.416,42109
42089,-0.14574651627289603,42095,-0.3359408954302582,0.8404659821066829,0.895,0.4851,0.486,0.479,42089
42089,-0.14574651627289603,34037,-0.032508042529244593,0.8404659821066829,0.895,0.4294,0.444375,0.441375,34037
42089,-0.14574651627289603,42069,-0.14562927668967354,0.8404659821066829,0.895,0.3993,0.403,0.4035,42069
42089,-0.14574651627289603,42025,-0.18892251339200142,0.8404659821066829,0.895,0.4024,0.402375,0.407625,42089
42089,-0.14574651627289603,42079,-0.17381624642674093,0.8404659821066829,0.895,0.4031,0.402875,0.406125,42089
42095,-0.3359408954302582,42025,-0.18892251339200142,0.8404659821066829,0.895,0.435,0.44225,0.446375,42025
42095,-0.3359408954302582,42077,-0.35634609936928135,0.8404659821066829,0.895,0.4006,0.401875,0.40575,42095
42129,-0.40673731642560956,42003,-0.2937815161120827,0.8404659821066829,0.895,0.429,0.428625,0.444125,42003
42129,-0.40673731642560956,42021,-0.6206023304523726,0.8404659821066829,0.895,0.4983,0.517375,0.523125,42129
45005,-0.09884974834823695,45011,-0.0969524141263196,0.8404659821066829,0.895,0.4033,0.399125,0.400625,45011
45005,-0.09884974834823695,45049,0.07491354248441807,0.8404659821066829,0.895,0.4686,0.496375,0.495625,45049
45017,-0.4521055707066551,45075,-0.25038443013873474,0.8404659821066829,0.895,0.4895,0.498,0.5025,45075
45017,-0.4521055707066551,45085,0.0005232054754187022,0.8404659821066829,0.895,0.7145,0.72875,0.73875,45085
45017,-0.4521055707066551,45079,0.01710044487898749,0.8404659821066829,0.895,0.7364,0.756375,0.75825,45079
45017,-0.4521055707066551,45027,0.016826237119367475,0.8404659821066829,0.895,0.7319,0.75775,0.755125,45027
45041,0.4208446490742617,45085,0.0005232054754187022,0.8404659821066829,0.895,0.7179,0.72575,0.7295,45041
45041,0.4208446490742617,45067,0.3148635529593182,0.8404659821066829,0.895,0.4254,0.4335,0.42925,45041
45041,0.4208446490742617,45069,1.4239431028289629,0.8404659821066829,0.895,0.9906,0.99425,0.994375,45069
45041,0.4208446490742617,45027,0.016826237119367475,0.8404659821066829,0.895,0.6994,0.694375,0.6955,45041
45041,0.4208446490742617,45033,0.744429608581542,0.8404659821066829,0.895,0.5996,0.615125,0.619375,45033
45057,0.10135212993432627,45023,0.33908563007826525,0.8404659821066829,0.895,0.5164,0.513125,0.522875,45023
45057,0.10135212993432627,45039,0.17833919392953393,0.8404659821066829,0.895,0.4178,0.4105,0.412625,45039
45071,-0.11021464408466763,45087,0.21244213237633153,0.8404659821066829,0.895,0.6156,0.629125,0.6205,45087
45071,-0.11021464408466763,45047,-0.34576263899067755,0.8404659821066829,0.895,0.5223,0.5215,0.52275,45071
45071,-0.11021464408466763,45079,0.01710044487898749,0.8404659821066829,0.895,0.4316,0.44075,0.435875,45079
45071,-0.11021464408466763,45081,-0.4191276782965743,0.8404659821066829,0.895,0.5901,0.586625,0.58075,45071
45071,-0.11021464408466763,45059,0.03366601218179193,0.8404659821066829,0.895,0.4488,0.448625,0.44925,45059
45071,-0.11021464408466763,45039,0.17833919392953393,0.8404659821066829,0.895,0.5725,0.588375,0.578125,45039
45075,-0.25038443013873474,45003,-0.1184195175436868,0.8404659821066829,0.895,0.4478,0.44675,0.44525,45003
45075,-0.25038443013873474,45035,-0.07306368741080432,0.8404659821066829,0.895,0.474,0.47475,0.484625,45035
45075,-0.25038443013873474,45027,0.016826237119367475,0.8404659821066829,0.895,0.5579,0.5575,0.571875,45027
45075,-0.25038443013873474,45011,-0.0969524141263196,0.8404659821066829,0.895,0.4588,0.44225,0.439,45011
36059,-0.4676910639845467,36081,-0.9089506762180596,0.8404659821066829,0.895,0.6563,0.692,0.680625,36059
36063,0.2510758836928857,36037,0.19208433638956351,0.8404659821066829,0.895,0.4083,0.411,0.407625,36063
36063,0.2510758836928857,36073,0.12302207397051008,0.8404659821066829,0.895,0.4296,0.4315,0.4355,36063
36075,0.2905977097221454,36045,0.14100225671933608,0.8404659821066829,0.895,0.4408,0.434375,0.444375,36075
36075,0.2905977097221454,36011,-0.0742737671215513,0.8404659821066829,0.895,0.6371,0.643875,0.64325,36075
36075,0.2905977097221454,36049,-0.19174691687310566,0.8404659821066829,0.895,0.7531,0.76325,0.753,36075
36081,-0.9089506762180596,36005,-1.1339034706138464,0.8404659821066829,0.895,0.4913,0.50425,0.505375,36081
36091,0.1811477345473741,36113,0.10385985896222565,0.8404659821066829,0.895,0.4096,0.41775,0.412,36091
36091,0.1811477345473741,36001,0.1983866183162495,0.8404659821066829,0.895,0.3991,0.40375,0.4025,36001
36091,0.1811477345473741,36057,-0.3169478319711621,0.8404659821066829,0.895,0.792,0.8,0.812125,36091
36091,0.1811477345473741,36035,-0.18437842659097664,0.8404659821066829,0.895,0.6389,0.652875,0.667,36091
36091,0.1811477345473741,36083,0.36856982398872706,0.8404659821066829,0.895,0.4753,0.4915,0.493375,36083
36091,0.1811477345473741,36093,-0.011444095374010652,0.8404659821066829,0.895,0.4761,0.495125,0.49,36091
36091,0.1811477345473741,36041,0.3753035128273372,0.8404659821066829,0.895,0.4914,0.49,0.4935,36041
36113,0.10385985896222565,36031,0.08201020686967386,0.8404659821066829,0.895,0.3992,0.401375,0.405125,36113
36113,0.10385985896222565,36041,0.3753035128273372,0.8404659821066829,0.895,0.5471,0.541125,0.541875,36041
37013,0.18589164039602424,37137,-0.04402156722171677,0.8404659821066829,0.895,0.4889,0.503,0.504,37013
37013,0.18589164039602424,37187,-0.2460864447195898,0.8404659821066829,0.895,0.6993,0.726375,0.721875,37013
37021,0.0213276545047834,37115,0.1027565042381901,0.8404659821066829,0.895,0.4073,0.410125,0.420875,37115
37021,0.0213276545047834,37199,-0.07134532081522017,0.8404659821066829,0.895,0.4208,0.41575,0.418375,37021
37021,0.0213276545047834,37111,0.0814280111030607,0.8404659821066829,0.895,0.4127,0.41,0.405625,37111
37027,0.39437564797980773,37193,0.10698683710939019,0.8404659821066829,0.895,0.5814,0.579125,0.5835,37027
37027,0.39437564797980773,37023,0.2715396127090262,0.8404659821066829,0.895,0.435,0.435375,0.437,37027
37027,0.39437564797980773,37003,0.030141666100956324,0.8404659821066829,0.895,0.6289,0.627875,0.628375,37027
37027,0.39437564797980773,37035,0.26440763534375017,0.8404659821066829,0.895,0.4378,0.438375,0.439875,37027
37027,0.39437564797980773,37189,-0.07784957359499758,0.8404659821066829,0.895,0.7441,0.74025,0.747875,37027
37027,0.39437564797980773,37011,0.26099163943435433,0.8404659821066829,0.895,0.4397,0.43775,0.440375,37027
37051,0.30807258300908713,37125,0.2668299615830769,0.8404659821066829,0.895,0.4075,0.399,0.399375,37051
37053,0.5855542468097666,51550,0.23162037398689073,0.8404659821066829,0.895,0.6176,0.640625,0.621875,37053
37053,0.5855542468097666,51810,0.13992804815364512,0.8404659821066829,0.895,0.6861,0.6885,0.691875,37053
37061,-0.07202871264776177,37107,0.020956856069224542,0.8404659821066829,0.895,0.4189,0.41575,0.416375,37107
37083,-0.2383109279344554,37185,-0.39519340079878984,0.8404659821066829,0.895,0.4559,0.4525,0.4615,37083
37091,-0.2883037578263449,51175,-0.04270792096454994,0.8404659821066829,0.895,0.5334,0.530125,0.543875,51175
37091,-0.2883037578263449,37041,-0.21222081283260044,0.8404659821066829,0.895,0.4121,0.41,0.4145,37041
37091,-0.2883037578263449,37073,-0.1140407133310722,0.8404659821066829,0.895,0.4696,0.474375,0.46975,37073
37101,0.24338446697007662,37195,-0.03058535708941103,0.8404659821066829,0.895,0.5517,0.560625,0.5485,37101
37107,0.020956856069224542,37079,0.06897124026401755,0.8404659821066829,0.895,0.4079,0.411625,0.40775,37079
37115,0.1027565042381901,37199,-0.07134532081522017,0.8404659821066829,0.895,0.4673,0.46275,0.471125,37115
37115,0.1027565042381901,47029,0.658417614316895,0.8404659821066829,0.895,0.8318,0.825,0.830625,47029
37115,0.1027565042381901,47171,0.283268199424863,0.8404659821066829,0.895,0.4735,0.4645,0.4715,47171
37123,-0.04000021858065428,37125,0.2668299615830769,0.8404659821066829,0.895,0.5888,0.606375,0.6165,37125
37123,-0.04000021858065428,37153,0.4767149528027565,0.8404659821066829,0.895,0.7813,0.7905,0.79725,37153
37123,-0.04000021858065428,37151,0.12483862463364448,0.8404659821066829,0.895,0.4656,0.46125,0.45825,37151
37125,0.2668299615830769,37153,0.4767149528027565,0.8404659821066829,0.895,0.4986,0.50025,0.501625,37153
37125,0.2668299615830769,37105,0.23772434583007138,0.8404659821066829,0.895,0.3956,0.396625,0.402375,37125
37125,0.2668299615830769,37151,0.12483862463364448,0.8404659821066829,0.895,0.4506,0.457,0.468375,37125
37125,0.2668299615830769,37037,0.04309174466714433,0.8404659821066829,0.895,0.5198,0.53775,0.525875,37125
37193,0.10698683710939019,37003,0.030141666100956324,0.8404659821066829,0.895,0.41,0.4215,0.412875,37193
37193,0.10698683710939019,37005,-0.0008056067562281273,0.8404659821066829,0.895,0.4246,0.41575,0.417125,37193
37193,0.10698683710939019,37189,-0.07784957359499758,0.8404659821066829,0.895,0.4803,0.48,0.471625,37193
37193,0.10698683710939019,37097,0.2612468330706624,0.8404659821066829,0.895,0.4676,0.468,0.467125,37097
37193,0.10698683710939019,37171,0.3643060664287033,0.8404659821066829,0.895,0.5612,0.56,0.564125,37171
37193,0.10698683710939019,37197,0.2850050232586276,0.8404659821066829,0.895,0.4719,0.47675,0.476375,37197
37199,-0.07134532081522017,37111,0.0814280111030607,0.8404659821066829,0.895,0.4574,0.44725,0.456125,37111
37199,-0.07134532081522017,47171,0.283268199424863,0.8404659821066829,0.895,0.6352,0.624875,0.631375,47171
38037,-0.7892490143013496,38085,-0.9649810411277516,0.8404659821066829,0.895,0.4571,0.481125,0.489125,38037
38037,-0.7892490143013496,38089,-1.0344820477677792,0.8404659821066829,0.895,0.5171,0.52925,0.541125,38037
38037,-0.7892490143013496,38041,-0.8727694927475015,0.8404659821066829,0.895,0.4135,0.40825,0.420625,38037
38037,-0.7892490143013496,38001,-0.6154388511670384,0.8404659821066829,0.895,0.4681,0.459625,0.449,38001
21101,0.5563255713875387,18163,0.1450846131535942,0.8404659821066829,0.895,0.691,0.67275,0.6785,21101
21101,0.5563255713875387,18173,0.2449864328696481,0.8404659821066829,0.895,0.6016,0.593875,0.588125,21101
21101,0.5563255713875387,18129,0.24453031049370935,0.8404659821066829,0.895,0.6026,0.600125,0.6015,21101
21101,0.5563255713875387,21149,1.1565216576357147,0.8404659821066829,0.895,0.8614,0.85625,0.872625,21149
21101,0.5563255713875387,21233,0.8453662052156371,0.8404659821066829,0.895,0.5764,0.58075,0.586125,21233
21101,0.5563255713875387,21225,1.041809592311481,0.8404659821066829,0.895,0.7816,0.788375,0.775875,21225
21115,1.8439484199012586,21127,1.3040442993229588,0.8404659821066829,0.895,0.8038,0.828875,0.830125,21115
21115,1.8439484199012586,21159,1.7387866810871078,0.8404659821066829,0.895,0.4189,0.4235,0.42975,21115
21115,1.8439484199012586,21175,0.8096806786298646,0.8404659821066829,0.895,0.9895,0.99125,0.99275,21115
21125,0.9796171189288984,21235,1.67951117635044,0.8404659821066829,0.895,0.9156,0.9255,0.931875,21235
21125,0.9796171189288984,21199,1.059944309834641,0.8404659821066829,0.895,0.4133,0.417125,0.42125,21199
21127,1.3040442993229588,21159,1.7387866810871078,0.8404659821066829,0.895,0.7257,0.747,0.749625,21159
21127,1.3040442993229588,21043,0.6134810456426322,0.8404659821066829,0.895,0.91,0.920375,0.915875,21127
21127,1.3040442993229588,21175,0.8096806786298646,0.8404659821066829,0.895,0.7876,0.77875,0.773,21127
21127,1.3040442993229588,21019,0.30291306136140733,0.8404659821066829,0.895,0.9882,0.992125,0.989375,21127
21135,0.6891980676858668,21043,0.6134810456426322,0.8404659821066829,0.895,0.4083,0.412625,0.4185,21135
21135,0.6891980676858668,21161,1.0136173117003477,0.8404659821066829,0.895,0.6099,0.618625,0.618125,21161
21135,0.6891980676858668,39001,0.7189911555439867,0.8404659821066829,0.895,0.3977,0.405,0.4065,39001
21135,0.6891980676858668,39145,0.46492466584054365,0.8404659821066829,0.895,0.5163,0.510125,0.52025,21135
21159,1.7387866810871078,54059,1.2342858935992298,0.8404659821066829,0.895,0.7941,0.812125,0.8135,21159
21179,0.14043174225576122,21005,0.47561926234659224,0.8404659821066829,0.895,0.6272,0.64225,0.62875,21005
21179,0.14043174225576122,21155,0.7303346926484597,0.8404659821066829,0.895,0.8587,0.868875,0.866375,21155
21179,0.14043174225576122,21215,0.07435911381872974,0.8404659821066829,0.895,0.4175,0.409875,0.40625,21179
21181,1.0329603991677625,21017,0.4004885275335525,0.8404659821066829,0.895,0.8602,0.865125,0.87725,21181
21181,1.0329603991677625,21201,0.745596901676924,0.8404659821066829,0.895,0.5549,0.569875,0.565875,21181
21189,2.629115619899305,21129,2.2616031390640963,0.8404659821066829,0.895,0.6398,0.665875,0.668625,21189
21197,2.4286223146112644,21049,0.7976024785871566,0.8404659821066829,0.895,1.0,1.0,1.0,21197
21197,2.4286223146112644,21129,2.2616031390640963,0.8404659821066829,0.895,0.4624,0.474625,0.48375,21197
21197,2.4286223146112644,21173,0.7374468675170927,0.8404659821066829,0.895,1.0,1.0,1.0,21197
22009,0.08875232746680589,22025,0.47417190955259064,0.8404659821066829,0.895,0.6815,0.700625,0.683125,22025
22009,0.08875232746680589,22097,0.04769900317789133,0.8404659821066829,0.895,0.4007,0.401875,0.407125,22009
22009,0.08875232746680589,22125,0.2039824891758152,0.8404659821066829,0.895,0.4294,0.435,0.430625,22125
22009,0.08875232746680589,22077,-0.020270118723591357,0.8404659821066829,0.895,0.4305,0.433125,0.433625,22009
22025,0.47417190955259064,22041,-0.14491020897316556,0.8404659821066829,0.895,0.8546,0.87375,0.863875,22025
22025,0.47417190955259064,22107,-0.09592448821284953,0.8404659821066829,0.895,0.8402,0.857,0.854,22025
22025,0.47417190955259064,22021,1.1447497623087246,0.8404659821066829,0.895,0.9022,0.914125,0.915,22021
22031,0.0193463524896838,22085,0.18145852815432195,0.8404659821066829,0.895,0.462,0.460125,0.4745,22085
22031,0.0193463524896838,48365,0.5197470374394348,0.8404659821066829,0.895,0.77,0.782125,0.78925,48365
22041,-0.14491020897316556,22107,-0.09592448821284953,0.8404659821066829,0.895,0.4072,0.406,0.4075,22107
22041,-0.14491020897316556,22065,0.13642390320016312,0.8404659821066829,0.895,0.5499,0.5445,0.54175,22065
22041,-0.14491020897316556,22083,0.34375618211335374,0.8404659821066829,0.895,0.759,0.77375,0.76675,22083
22041,-0.14491020897316556,22021,1.1447497623087246,0.8404659821066829,0.895,0.9977,0.9995,0.999,22021
22057,-0.19407982985867162,22007,-0.14993518658754507,0.8404659821066829,0.895,0.4027,0.398625,0.398625,22007
22057,-0.19407982985867162,22089,-0.024788648008320008,0.8404659821066829,0.895,0.4588,0.453125,0.446375,22089
22057,-0.19407982985867162,22095,-0.032990639559527024,0.8404659821066829,0.895,0.4703,0.452,0.4575,22095
22057,-0.19407982985867162,22093,-0.3316763427084857,0.8404659821066829,0.895,0.4393,0.4555,0.454,22057
22071,-0.10833297617505296,22075,-0.15197956997948703,0.8404659821066829,0.895,0.4078,0.4065,0.40575,22071
22071,-0.10833297617505296,22087,0.5953797466527578,0.8404659821066829,0.895,0.8704,0.86625,0.865125,22087
22075,-0.15197956997948703,22087,0.5953797466527578,0.8404659821066829,0.895,0.8793,0.8735,0.877625,22087
22085,0.18145852815432195,22115,0.5655776506113681,0.8404659821066829,0.895,0.6612,0.65275,0.635375,22115
22085,0.18145852815432195,48403,0.1735372869191661,0.8404659821066829,0.895,0.4027,0.400625,0.3965,22085
22097,0.04769900317789133,22001,0.17664596660294246,0.8404659821066829,0.895,0.4349,0.4365,0.427125,22001
22097,0.04769900317789133,22077,-0.020270118723591357,0.8404659821066829,0.895,0.4154,0.415625,0.41725,22097
22105,0.15725581558790358,22091,0.08311315373373736,0.8404659821066829,0.895,0.4074,0.41475,0.4185,22105
22105,0.15725581558790358,28005,-0.1865821633872379,0.8404659821066829,0.895,0.6382,0.637375,0.651625,22105
22105,0.15725581558790358,22095,-0.032990639559527024,0.8404659821066829,0.895,0.4853,0.49675,0.489375,22105
22105,0.15725581558790358,28113,0.10563616621978021,0.8404659821066829,0.895,0.406,0.409,0.403875,22105
22107,-0.09592448821284953,22065,0.13642390320016312,0.8404659821066829,0.895,0.5205,0.520375,0.522875,22065
22107,-0.09592448821284953,28149,0.03203393465213164,0.8404659821066829,0.895,0.4403,0.43675,0.435625,28149
22107,-0.09592448821284953,28063,0.030788894675998733,0.8404659821066829,0.895,0.4463,0.439625,0.448375,28063
22107,-0.09592448821284953,28001,-0.031951520162066205,0.8404659821066829,0.895,0.4159,0.41775,0.409875,28001
22115,0.5655776506113681,22003,-0.4635751582094879,0.8404659821066829,0.895,0.9888,0.990875,0.988125,22115
22123,0.3756145687019323,22083,0.34375618211335374,0.8404659821066829,0.895,0.4,0.40475,0.399,22123
23003,0.26584713212997485,23029,0.5394526363995183,0.8404659821066829,0.895,0.5272,0.5285,0.540375,23029
23003,0.26584713212997485,23019,0.4771655739903696,0.8404659821066829,0.895,0.4921,0.500375,0.4915,23019
23023,0.42054941798716317,23015,0.336843661255202,0.8404659821066829,0.895,0.4107,0.414375,0.40825,23023
23023,0.42054941798716317,23005,0.4593525216927339,0.8404659821066829,0.895,0.3951,0.401375,0.404,23005
23023,0.42054941798716317,23001,0.3471104427210539,0.8404659821066829,0.895,0.4091,0.415,0.42175,23023
23023,0.42054941798716317,23011,0.32876714954477365,0.8404659821066829,0.895,0.4174,0.41525,0.412,23023
24001,-0.5785042148577059,24043,-0.029230709267519445,0.8404659821066829,0.895,0.8466,0.85625,0.868625,24043
24001,-0.5785042148577059,54027,-0.5570481749093229,0.8404659821066829,0.895,0.3971,0.40475,0.401,54027
24001,-0.5785042148577059,54057,-0.6684826835304317,0.8404659821066829,0.895,0.418,0.42675,0.4275,24001
24001,-0.5785042148577059,42009,-0.7287135118443869,0.8404659821066829,0.895,0.4587,0.44975,0.464,24001
24001,-0.5785042148577059,42057,-0.3736460463155551,0.8404659821066829,0.895,0.4906,0.505875,0.51275,42057
24003,0.10751889037051153,24033,-0.4505568286686889,0.8404659821066829,0.895,0.8196,0.82625,0.8215,24003
24003,0.10751889037051153,24009,0.0955522221443355,0.8404659821066829,0.895,0.4037,0.394125,0.401125,24003
24003,0.10751889037051153,24027,-0.18131887481868084,0.8404659821066829,0.895,0.5643,0.541625,0.543125,24003
24003,0.10751889037051153,24510,0.1460150293136478,0.8404659821066829,0.895,0.3993,0.396375,0.39675,24510
24013,0.07355727552533257,24027,-0.18131887481868084,0.8404659821066829,0.895,0.5266,0.5175,0.524375,24013
24013,0.07355727552533257,42133,-0.13385874419088065,0.8404659821066829,0.895,0.4996,0.5,0.498,24013
24013,0.07355727552533257,42001,-0.22691035071456772,0.8404659821066829,0.895,0.5709,0.57675,0.583125,24013
24019,0.016575651436777753,24045,0.37593764115824907,0.8404659821066829,0.895,0.6027,0.631,0.6365,24045
24019,0.016575651436777753,10005,-0.07790683113122684,0.8404659821066829,0.895,0.4168,0.415375,0.413625,24019
24019,0.016575651436777753,24041,-0.21160263661169457,0.8404659821066829,0.895,0.4913,0.471625,0.477875,24019
24033,-0.4505568286686889,24009,0.0955522221443355,0.8404659821066829,0.895,0.8026,0.810875,0.799375,24009
24033,-0.4505568286686889,24027,-0.18131887481868084,0.8404659821066829,0.895,0.5531,0.576875,0.57375,24027
24033,-0.4505568286686889,51059,-0.14599587603688402,0.8404659821066829,0.895,0.6026,0.627,0.630625,51059
24033,-0.4505568286686889,24017,0.1397805795083404,0.8404659821066829,0.895,0.8366,0.841,0.84975,24017
24033,-0.4505568286686889,51510,-0.1174556360973228,0.8404659821066829,0.895,0.5932,0.620125,0.611,51510
24043,-0.029230709267519445,54003,0.3163293401830942,0.8404659821066829,0.895,0.6138,0.6355,0.6245,54003
24043,-0.029230709267519445,54037,0.39869552958054966,0.8404659821066829,0.895,0.7134,0.747,0.738875,54037
24043,-0.029230709267519445,42057,-0.3736460463155551,0.8404659821066829,0.895,0.6325,0.6185,0.63825,24043
24045,0.37593764115824907,10005,-0.07790683113122684,0.8404659821066829,0.895,0.7143,0.727375,0.72075,24045
25009,-0.013135619506517997,25025,-0.10024434656940817,0.8404659821066829,0.895,0.4086,0.41475,0.418,25009
25009,-0.013135619506517997,33011,0.17101012431657378,0.8404659821066829,0.895,0.4621,0.481375,0.4815,33011
26007,-0.43898229533913047,26001,-0.36206233447814673,0.8404659821066829,0.895,0.4114,0.407375,0.413625,26001
26055,-0.30649185337867785,26165,0.010568541318092432,0.8404659821066829,0.895,0.5816,0.595625,0.60225,26165
26055,-0.30649185337867785,26009,-0.3812715585005492,0.8404659821066829,0.895,0.4107,0.412625,0.413,26055
26055,-0.30649185337867785,26019,-0.11434548343748213,0.8404659821066829,0.895,0.4602,0.47675,0.474625,26019
26055,-0.30649185337867785,26079,-0.008326080879015096,0.8404659821066829,0.895,0.563,0.56275,0.556125,26079
26095,-0.36575074656448947,26003,-0.4696531903298348,0.8404659821066829,0.895,0.4293,0.42,0.4095,26095
26115,-0.1211671178227245,26161,-0.15126787389773338,0.8404659821066829,0.895,0.4,0.399375,0.404375,26115
26115,-0.1211671178227245,26091,-0.28959632406026803,0.8404659821066829,0.895,0.4598,0.459375,0.467625,26115
26165,0.010568541318092432,26101,-0.13065093421190804,0.8404659821066829,0.895,0.4412,0.436625,0.441125,26165
26165,0.010568541318092432,26113,0.018101285347551926,0.8404659821066829,0.895,0.4018,0.399625,0.405125,26113
26165,0.010568541318092432,26133,0.013045348040744757,0.8404659821066829,0.895,0.4027,0.396125,0.40125,26133
26165,0.010568541318092432,26085,0.01440644257950795,0.8404659821066829,0.895,0.4024,0.3985,0.3955,26085
27011,-0.2822728686746741,27155,-0.6056140322599198,0.8404659821066829,0.895,0.5965,0.623,0.613375,27011
27011,-0.2822728686746741,27151,-0.4546964513230671,0.8404659821066829,0.895,0.4625,0.475,0.466875,27011
27011,-0.2822728686746741,27149,-0.5396832216010536,0.8404659821066829,0.895,0.5309,0.539,0.531625,27011
27011,-0.2822728686746741,46051,-0.6217048534433545,0.8404659821066829,0.895,0.6147,0.622375,0.6205,27011
27011,-0.2822728686746741,46109,-0.519102336217359,0.8404659821066829,0.895,0.5237,0.521375,0.51175,27011
27021,-0.13037404399713126,27061,-0.29362497301458773,0.8404659821066829,0.895,0.4651,0.45725,0.458125,27021
27021,-0.13037404399713126,27001,-0.3505001671772853,0.8404659821066829,0.895,0.5215,0.544875,0.533375,27021
27021,-0.13037404399713126,27035,-0.1343650461164537,0.8404659821066829,0.895,0.3981,0.388625,0.401,27021
27021,-0.13037404399713126,27159,-0.40740591891172906,0.8404659821066829,0.895,0.5577,0.5685,0.56525,27021
27021,-0.13037404399713126,27007,-0.31242464290476935,0.8404659821066829,0.895,0.4881,0.495125,0.498375,27021
27021,-0.13037404399713126,27057,-0.2990282566226032,0.8404659821066829,0.895,0.4709,0.482,0.471125,27021
27021,-0.13037404399713126,27153,-0.3743862083884078,0.8404659821066829,0.895,0.5419,0.524125,0.527625,27021
27061,-0.29362497301458773,27001,-0.3505001671772853,0.8404659821066829,0.895,0.4051,0.4205,0.41375,27061
27061,-0.29362497301458773,27007,-0.31242464290476935,0.8404659821066829,0.895,0.4019,0.400625,0.402125,27061
27061,-0.29362497301458773,27071,-0.3132728157846796,0.8404659821066829,0.895,0.3967,0.408875,0.405,27061
27119,-0.3271934362841517,27125,-0.354042753011856,0.8404659821066829,0.895,0.4036,0.405125,0.402125,27119
27119,-0.3271934362841517,27087,-0.26101854088443066,0.8404659821066829,0.895,0.4078,0.414875,0.41025,27087
27119,-0.3271934362841517,27029,-0.37754218712857357,0.8404659821066829,0.895,0.4063,0.405625,0.402625,27119
27119,-0.3271934362841517,27113,-0.6193398610809737,0.8404659821066829,0.895,0.5751,0.591125,0.592875,27119
27147,-0.6561008911546374,27131,-0.3385618379868583,0.8404659821066829,0.895,0.5968,0.615875,0.5975,27131
27147,-0.6561008911546374,27039,-0.5599110441028874,0.8404659821066829,0.895,0.4218,0.417125,0.41275,27039
27147,-0.6561008911546374,27099,-0.6953803228590524,0.8404659821066829,0.895,0.3976,0.41025,0.407625,27147
27147,-0.6561008911546374,27161,-0.6072862735617973,0.8404659821066829,0.895,0.4012,0.40225,0.409375,27161
27147,-0.6561008911546374,27047,-0.7629644798746904,0.8404659821066829,0.895,0.4258,0.43375,0.421125,27147
27167,-0.5269724150587488,27155,-0.6056140322599198,0.8404659821066829,0.895,0.4138,0.412375,0.418625,27167
27167,-0.5269724150587488,27051,-0.46177736593734653,0.8404659821066829,0.895,0.4035,0.409125,0.408,27051
27167,-0.5269724150587488,27111,-0.42725948197309316,0.8404659821066829,0.895,0.4163,0.427625,0.4255,27111
28055,-0.38365654636377194,28163,0.32093059280790204,0.8404659821066829,0.895,0.924,0.931875,0.93425,28163
28055,-0.38365654636377194,28125,0.48909081275995886,0.8404659821066829,0.895,0.9637,0.96575,0.971375,28125
28055,-0.38365654636377194,28149,0.03203393465213164,0.8404659821066829,0.895,0.7007,0.706625,0.708,28149
28057,0.909655756745318,1059,1.2054665745450746,0.8404659821066829,0.895,0.5767,0.578625,0.5745,1059
28057,0.909655756745318,28081,1.1905636795968677,0.8404659821066829,0.895,0.5662,0.569625,0.55,28081
28057,0.909655756745318,1093,0.5665759304926915,0.8404659821066829,0.895,0.6293,0.64275,0.659,28057
28057,0.909655756745318,28095,0.3299163851300294,0.8404659821066829,0.895,0.85,0.8515,0.86375,28057
28057,0.909655756745318,28117,0.3083072999294195,0.8404659821066829,0.895,0.8557,0.864125,0.867375,28057
28057,0.909655756745318,28141,0.7781116698355326,0.8404659821066829,0.895,0.4479,0.4425,0.450125,28057
28087,0.31641512852454323,28105,0.09002583331327725,0.8404659821066829,0.895,0.5083,0.51175,0.50125,28087
28087,0.31641512852454323,28025,0.07573981507015885,0.8404659821066829,0.895,0.5185,0.505625,0.515625,28087
28087,0.31641512852454323,1075,0.6432406936246384,0.8404659821066829,0.895,0.5992,0.61225,0.60325,1075
28087,0.31641512852454323,28095,0.3299163851300294,0.8404659821066829,0.895,0.3986,0.401375,0.396125,28095
28087,0.31641512852454323,28103,-0.09682098176595168,0.8404659821066829,0.895,0.6865,0.699875,0.7045,28087
28105,0.09002583331327725,28025,0.07573981507015885,0.8404659821066829,0.895,0.3998,0.39825,0.4015,28105
28105,0.09002583331327725,28155,0.7413051289431709,0.8404659821066829,0.895,0.8955,0.902875,0.889375,28155
28105,0.09002583331327725,28159,0.017799879912089533,0.8404659821066829,0.895,0.4119,0.405625,0.41425,28105
28105,0.09002583331327725,28019,-0.27847652676826434,0.8404659821066829,0.895,0.6493,0.648625,0.658125,28105
28105,0.09002583331327725,28103,-0.09682098176595168,0.8404659821066829,0.895,0.479,0.48275,0.481875,28105
28163,0.32093059280790204,28125,0.48909081275995886,0.8404659821066829,0.895,0.4587,0.4575,0.46,28125
28163,0.32093059280790204,28149,0.03203393465213164,0.8404659821066829,0.895,0.5806,0.596,0.5905,28163
29027,0.009688963012408618,29019,0.04033895929203027,0.8404659821066829,0.895,0.4016,0.40525,0.40025,29019
29027,0.009688963012408618,29007,0.026089294454516868,0.8404659821066829,0.895,0.3974,0.401125,0.40375,29007
29027,0.009688963012408618,29051,0.08666819187626637,0.8404659821066829,0.895,0.416,0.4145,0.409875,29051
29027,0.009688963012408618,29139,-0.09402722943580939,0.8404659821066829,0.895,0.4204,0.426875,0.428375,29027
29027,0.009688963012408618,29151,-0.3256432629801487,0.8404659821066829,0.895,0.6154,0.62725,0.61925,29027
29033,-0.06257949405776313,29041,-0.2462264669514977,0.8404659821066829,0.895,0.4799,0.4845,0.491375,29033
29033,-0.06257949405776313,29025,0.17873890929750444,0.8404659821066829,0.895,0.5233,0.522875,0.51925,29025
29033,-0.06257949405776313,29107,0.07028942152271117,0.8404659821066829,0.895,0.4376,0.424125,0.431875,29107
29033,-0.06257949405776313,29177,0.5118756420935553,0.8404659821066829,0.895,0.843,0.843875,0.83675,29177
29033,-0.06257949405776313,29117,0.07395070445565756,0.8404659821066829,0.895,0.4405,0.442875,0.44575,29117
29057,-0.045758372793813736,29077,-0.10317876587469066,0.8404659821066829,0.895,0.4071,0.407375,0.402,29057
29057,-0.045758372793813736,29097,0.13941626984236558,0.8404659821066829,0.895,0.4779,0.48825,0.4755,29097
29057,-0.045758372793813736,29039,0.10811019644287383,0.8404659821066829,0.895,0.4484,0.45475,0.45375,29039
29057,-0.045758372793813736,29167,-0.10465061107493152,0.8404659821066829,0.895,0.4065,0.4115,0.405,29057
29057,-0.045758372793813736,29011,-0.1717472145591778,0.8404659821066829,0.895,0.4358,0.44,0.434375,29057
29057,-0.045758372793813736,29109,-0.07705514034394846,0.8404659821066829,0.895,0.4051,0.399125,0.399375,29057
29069,0.9691914115044706,29143,1.1569643975114476,0.8404659821066829,0.895,0.484,0.4945,0.513,29143
29069,0.9691914115044706,5055,0.14957006364330427,0.8404659821066829,0.895,0.9619,0.967625,0.968625,29069
29069,0.9691914115044706,29155,1.038843063977328,0.8404659821066829,0.895,0.4046,0.409,0.408,29155
29069,0.9691914115044706,5031,0.17589891278960057,0.8404659821066829,0.895,0.9518,0.959125,0.9645,29069
29087,-0.34583713861950016,29003,-0.23795895246140372,0.8404659821066829,0.895,0.4264,0.42925,0.42925,29003
29087,-0.34583713861950016,29147,-0.42125185447476887,0.8404659821066829,0.895,0.4143,0.4225,0.417,29087
29087,-0.34583713861950016,20043,-0.26384051471134834,0.8404659821066829,0.895,0.4178,0.41925,0.41625,20043
29087,-0.34583713861950016,31127,-0.30469033991559663,0.8404659821066829,0.895,0.4008,0.402375,0.403,31127
29087,-0.34583713861950016,31147,-0.28119880932918245,0.8404659821066829,0.895,0.408,0.415375,0.410375,31147
29087,-0.34583713861950016,29005,-0.1327863066734651,0.8404659821066829,0.895,0.4976,0.517875,0.494625,29005
29099,0.33495740090689696,29189,-0.08825108313504461,0.8404659821066829,0.895,0.7109,0.703,0.721375,29099
29099,0.33495740090689696,17133,-0.34240253192666525,0.8404659821066829,0.895,0.8983,0.899875,0.909375,29099
29099,0.33495740090689696,29187,0.6544171674792921,0.8404659821066829,0.895,0.6061,0.609125,0.603375,29187
29099,0.33495740090689696,29221,0.6498529653360157,0.8404659821066829,0.895,0.5922,0.596375,0.595,29221
29099,0.33495740090689696,29071,0.05644013342068695,0.8404659821066829,0.895,0.5637,0.568375,0.570625,29099
29099,0.33495740090689696,29186,-0.32974104905380897,0.8404659821066829,0.895,0.8804,0.89425,0.886125,29099
29143,1.1569643975114476,29201,0.8980229758303645,0.8404659821066829,0.895,0.533,0.55075,0.5445,29143
29143,1.1569643975114476,21075,1.165163961153319,0.8404659821066829,0.895,0.3997,0.403875,0.404625,21075
29143,1.1569643975114476,29155,1.038843063977328,0.8404659821066829,0.895,0.4317,0.4355,0.441375,29143
29143,1.1569643975114476,47095,1.5076611907789557,0.8404659821066829,0.895,0.6274,0.634625,0.628625,47095
29143,1.1569643975114476,29133,0.932619220661142,0.8404659821066829,0.895,0.5143,0.527125,0.543875,29143
29157,-0.00347334100286425,17077,0.24320909654697326,0.8404659821066829,0.895,0.5365,0.5445,0.543875,17077
29157,-0.00347334100286425,29187,0.6544171674792921,0.8404659821066829,0.895,0.8996,0.906375,0.8985,29187
29157,-0.00347334100286425,17181,0.700984140082696,0.8404659821066829,0.895,0.9317,0.94125,0.936875,17181
29157,-0.00347334100286425,29186,-0.32974104905380897,0.8404659821066829,0.895,0.6104,0.627625,0.62325,29157
29157,-0.00347334100286425,17157,-0.31093769812293115,0.8404659821066829,0.895,0.6002,0.62725,0.61875,29157
29157,-0.00347334100286425,29017,0.5079034092708669,0.8404659821066829,0.895,0.792,0.793625,0.796875,29017
29171,-0.0009279521415069499,19185,-0.36686802398178997,0.8404659821066829,0.895,0.6394,0.659875,0.647875,29171
29171,-0.0009279521415069499,29211,0.013057350980667237,0.8404659821066829,0.895,0.3944,0.401375,0.40925,29211
29171,-0.0009279521415069499,29001,0.28727048625574825,0.8404659821066829,0.895,0.5749,0.592125,0.580625,29001
29171,-0.0009279521415069499,29129,0.005784084615174318,0.8404659821066829,0.895,0.3981,0.403875,0.398375,29129
29181,0.6162027771796315,29035,1.0563625482105365,0.8404659821066829,0.895,0.7157,0.72325,0.733375,29035
29189,-0.08825108313504461,17163,-0.01568276438951038,0.8404659821066829,0.895,0.4157,0.413375,0.408125,17163
29189,-0.08825108313504461,17133,-0.34240253192666525,0.8404659821066829,0.895,0.5401,0.546,0.549625,29189
29189,-0.08825108313504461,17119,0.10745514176173152,0.8404659821066829,0.895,0.4971,0.491375,0.493375,17119
29189,-0.08825108313504461,29071,0.05644013342068695,0.8404659821066829,0.895,0.4475,0.443875,0.44575,29071
29189,-0.08825108313504461,29510,-0.01541945668961643,0.8404659821066829,0.895,0.4115,0.40825,0.404875,29510
29201,0.8980229758303645,29133,0.932619220661142,0.8404659821066829,0.895,0.4052,0.403,0.405875,29133
30009,-0.45306542868960475,56003,-0.20845232636125557,0.8404659821066829,0.895,0.5234,0.532,0.535375,56003
30009,-0.45306542868960475,30111,-0.13729579146006496,0.8404659821066829,0.895,0.6003,0.59425,0.59525,30111
30009,-0.45306542868960475,30095,-0.44575768507899793,0.8404659821066829,0.895,0.397,0.40175,0.39225,30095
30009,-0.45306542868960475,30067,-0.3168478759977057,0.8404659821066829,0.895,0.4456,0.446625,0.441875,30067
30039,-0.4109993579970571,30063,-0.2254474801063001,0.8404659821066829,0.895,0.4714,0.479625,0.471625,30063
30039,-0.4109993579970571,30081,-0.46048671126013024,0.8404659821066829,0.895,0.4034,0.40725,0.408125,30039
30039,-0.4109993579970571,30023,-0.19141141703335793,0.8404659821066829,0.895,0.4952,0.486125,0.486,30023
30049,0.11368800093417117,30043,0.17379546128747372,0.8404659821066829,0.895,0.4128,0.402625,0.418625,30043
30049,0.11368800093417117,30099,-0.27166421376512695,0.8404659821066829,0.895,0.6723,0.66725,0.651625,30049
30061,-0.2326066198145194,30063,-0.2254474801063001,0.8404659821066829,0.895,0.4022,0.403125,0.404125,30063
30063,-0.2254474801063001,30081,-0.46048671126013024,0.8404659821066829,0.895,0.5236,0.530375,0.525375,30063
30063,-0.2254474801063001,30047,-0.764437106942786,0.8404659821066829,0.895,0.796,0.805625,0.813625,30063
30071,-0.2961134802351271,30033,-0.42402052010839486,0.8404659821066829,0.895,0.4341,0.44275,0.4335,30071
30081,-0.46048671126013024,30023,-0.19141141703335793,0.8404659821066829,0.895,0.546,0.537375,0.539125,30023
30093,-0.28570169881777857,30043,0.17379546128747372,0.8404659821066829,0.895,0.7255,0.73475,0.751,30043
30093,-0.28570169881777857,30023,-0.19141141703335793,0.8404659821066829,0.895,0.4243,0.416875,0.412,30023
31045,-0.32690430753760913,46047,0.11648637374433769,0.8404659821066829,0.895,0.6842,0.685875,0.690375,46047
31045,-0.32690430753760913,31165,-0.5513447675531284,0.8404659821066829,0.895,0.4995,0.495,0.504625,31045
31045,-0.32690430753760913,31013,-0.5422008912609897,0.8404659821066829,0.895,0.4948,0.49925,0.491375,31045
31045,-0.32690430753760913,31161,-0.5849565766879998,0.8404659821066829,0.895,0.5282,0.534375,0.53625,31045
1051,0.5020487740231655,1021,0.45280337700734874,0.8404659821066829,0.895,0.4049,0.409,0.405625,1051
1051,0.5020487740231655,1037,0.08557808123311363,0.8404659821066829,0.895,0.7004,0.701625,0.709625,1051
1051,0.5020487740231655,1123,0.15850749670970107,0.8404659821066829,0.895,0.64,0.640375,0.642875,1051
4005,-1.233839563596778,49025,-0.8395903754507186,0.8404659821066829,0.895,0.6752,0.692625,0.68025,49025
4005,-1.233839563596778,4017,-1.5334742610235073,0.8404659821066829,0.895,0.5709,0.602125,0.6055,4005
5109,0.4628289554414821,5097,-0.08301841990205744,0.8404659821066829,0.895,0.8182,0.823375,0.824625,5109
6005,-0.5474439784971126,6003,-0.4374519828455079,0.8404659821066829,0.895,0.4206,0.430125,0.42475,6003
6005,-0.5474439784971126,6077,-0.44788999510147603,0.8404659821066829,0.895,0.4189,0.430875,0.420125,6077
6033,-0.08777556025342984,6097,-0.2902395026310515,0.8404659821066829,0.895,0.4936,0.47825,0.49,6033
6103,-0.3690334978955437,6007,-0.3443405100613874,0.8404659821066829,0.895,0.3987,0.40175,0.400125,6007
6103,-0.3690334978955437,6063,-0.3187045426204608,0.8404659821066829,0.895,0.406,0.4175,0.40975,6063
8055,-1.0279492164836905,8071,-0.9916567647904007,0.8404659821066829,0.895,0.3964,0.40325,0.4005,8071
8055,-1.0279492164836905,8003,-1.1833147420360983,0.8404659821066829,0.895,0.4555,0.46075,0.457625,8055
8055,-1.0279492164836905,8101,-1.0269722214081873,0.8404659821066829,0.895,0.3997,0.395625,0.399125,8101
8113,-0.8099352404224793,8033,-1.1727467589996172,0.8404659821066829,0.895,0.6229,0.6515,0.640375,8113
8113,-0.8099352404224793,8085,-0.6935820212073308,0.8404659821066829,0.895,0.4331,0.422625,0.42275,8085
12041,0.5090681893614828,12029,0.8024609235998549,0.8404659821066829,0.895,0.5592,0.538375,0.550875,12029
12041,0.5090681893614828,12067,0.46777163770769703,0.8404659821066829,0.895,0.4041,0.40075,0.405875,12041
12105,-0.23758958242014297,12055,-0.5027750950750227,0.8404659821066829,0.895,0.5409,0.52925,0.53625,12105
12105,-0.23758958242014297,12101,0.18235551558537627,0.8404659821066829,0.895,0.6996,0.7165,0.708625,12101
12105,-0.23758958242014297,12049,-0.5896643721094833,0.8404659821066829,0.895,0.617,0.611125,0.613875,12105
13195,0.7885177036414037,13119,0.48878076298103895,0.8404659821066829,0.895,0.5753,0.57725,0.58925,13195
13195,0.7885177036414037,13059,0.42013337327760936,0.8404659821066829,0.895,0.637,0.64575,0.6355,13195
13195,0.7885177036414037,13147,0.18422709077958174,0.8404659821066829,0.895,0.8647,0.86525,0.865,13195
13195,0.7885177036414037,13011,0.28362996639136717,0.8404659821066829,0.895,0.7844,0.795125,0.791,13195
13269,0.10774641339797258,13263,0.3637250588151182,0.8404659821066829,0.895,0.5435,0.545,0.54875,13263
13269,0.10774641339797258,13079,0.2863366534684434,0.8404659821066829,0.895,0.4769,0.472875,0.477,13079
13269,0.10774641339797258,13249,0.21891013278963173,0.8404659821066829,0.895,0.4249,0.4285,0.42475,13249
13269,0.10774641339797258,13293,0.1262442458397602,0.8404659821066829,0.895,0.3949,0.401375,0.39575,13293
13269,0.10774641339797258,13193,0.09626778044217536,0.8404659821066829,0.895,0.398,0.40125,0.40175,13269
13269,0.10774641339797258,13197,-0.1955424171163471,0.8404659821066829,0.895,0.5945,0.592,0.5965,13269
13269,0.10774641339797258,13225,0.9369608103803001,0.8404659821066829,0.895,0.9546,0.96025,0.957625,13225
20027,-0.28467741839007504,20201,-0.5133235463721925,0.8404659821066829,0.895,0.5126,0.513625,0.506,20027
20027,-0.28467741839007504,20041,0.01740452371549695,0.8404659821066829,0.895,0.5833,0.6005,0.60175,20041
20027,-0.28467741839007504,20061,0.3734109092208954,0.8404659821066829,0.895,0.88,0.898125,0.899375,20061
20027,-0.28467741839007504,20029,-0.40675170723899984,0.8404659821066829,0.895,0.4366,0.429625,0.4395,20027
20027,-0.28467741839007504,20143,-0.14134910834400843,0.8404659821066829,0.895,0.4466,0.4455,0.447125,20143
21107,0.7201257073881949,21177,0.9485835998402267,0.8404659821066829,0.895,0.5084,0.516375,0.523875,21177
21107,0.7201257073881949,21047,0.43760481663406836,0.8404659821066829,0.895,0.5741,0.544,0.565125,21107
21107,0.7201257073881949,21149,1.1565216576357147,0.8404659821066829,0.895,0.7117,0.713375,0.7155,21149
21107,0.7201257073881949,21233,0.8453662052156371,0.8404659821066829,0.895,0.4364,0.44175,0.435625,21233
21177,0.9485835998402267,21047,0.43760481663406836,0.8404659821066829,0.895,0.8012,0.799875,0.818,21177
21177,0.9485835998402267,21149,1.1565216576357147,0.8404659821066829,0.895,0.5007,0.488875,0.493,21149
21177,0.9485835998402267,21141,0.8460281192689703,0.8404659821066829,0.895,0.4246,0.423375,0.419875,21177
21177,0.9485835998402267,21219,0.48525818659507114,0.8404659821066829,0.895,0.7389,0.7485,0.750875,21177
22001,0.17664596660294246,22053,0.1242967443812412,0.8404659821066829,0.895,0.4064,0.406375,0.405375,22001
24009,0.0955522221443355,24037,0.3042233873813877,0.8404659821066829,0.895,0.4745,0.4805,0.476875,24037
24009,0.0955522221443355,24017,0.1397805795083404,0.8404659821066829,0.895,0.4033,0.402125,0.405625,24017
26071,-0.3243693129858525,26131,-0.16695237092171633,0.8404659821066829,0.895,0.4461,0.461875,0.473,26131
26071,-0.3243693129858525,26043,-0.582585989262291,0.8404659821066829,0.895,0.5442,0.555125,0.544,26071
26071,-0.3243693129858525,26061,-0.36639053740870803,0.8404659821066829,0.895,0.4071,0.409,0.404625,26071
26071,-0.3243693129858525,55125,-0.34903115882217034,0.8404659821066829,0.895,0.4032,0.398375,0.3975,26071
26071,-0.3243693129858525,55041,-0.4068353632132603,0.8404659821066829,0.895,0.4087,0.4165,0.410125,26071
28061,0.04074226558699188,28067,0.2713835622944667,0.8404659821066829,0.895,0.5166,0.53325,0.531125,28067
28061,0.04074226558699188,28153,0.08359879172664116,0.8404659821066829,0.895,0.4017,0.39925,0.409125,28153
28061,0.04074226558699188,28101,0.43691489960426844,0.8404659821066829,0.895,0.6645,0.669375,0.65675,28101
28061,0.04074226558699188,28129,0.5534739235416671,0.8404659821066829,0.895,0.7789,0.792625,0.7925,28129
29205,-0.12026119918253902,29137,-0.15043023587090762,0.8404659821066829,0.895,0.3998,0.4045,0.40125,29205
29205,-0.12026119918253902,29111,0.22149466931840806,0.8404659821066829,0.895,0.6208,0.62725,0.628,29111
29205,-0.12026119918253902,29121,-0.09969167766383019,0.8404659821066829,0.895,0.4037,0.406875,0.401625,29121
29205,-0.12026119918253902,29127,0.06973025790626407,0.8404659821066829,0.895,0.4786,0.476875,0.472875,29127
29205,-0.12026119918253902,29103,0.3063694697713677,0.8404659821066829,0.895,0.705,0.719875,0.713,29103
30043,0.17379546128747372,30023,-0.19141141703335793,0.8404659821066829,0.895,0.6546,0.66775,0.686125,30043
36045,0.14100225671933608,36049,-0.19174691687310566,0.8404659821066829,0.895,0.584,0.6005,0.5915,36045
36045,0.14100225671933608,36089,0.255192899692451,0.8404659821066829,0.895,0.428,0.43125,0.426375,36089
37007,-0.06591630577004877,37153,0.4767149528027565,0.8404659821066829,0.895,0.7837,0.81025,0.807375,37153
37143,-0.22347176452480053,37041,-0.21222081283260044,0.8404659821066829,0.895,0.3942,0.39625,0.398875,37041
37143,-0.22347176452480053,37073,-0.1140407133310722,0.8404659821066829,0.895,0.4222,0.428,0.424125,37073
45085,0.0005232054754187022,45079,0.01710044487898749,0.8404659821066829,0.895,0.3994,0.39975,0.399875,45079
45085,0.0005232054754187022,45027,0.016826237119367475,0.8404659821066829,0.895,0.3963,0.40025,0.39825,45027
45087,0.21244213237633153,45023,0.33908563007826525,0.8404659821066829,0.895,0.4357,0.43125,0.4305,45023
45087,0.21244213237633153,45059,0.03366601218179193,0.8404659821066829,0.895,0.4702,0.47975,0.48375,45087
45087,0.21244213237633153,45039,0.17833919392953393,0.8404659821066829,0.895,0.3989,0.4025,0.401,45087
46035,-0.12179492492261529,46061,-0.3321925244660033,0.8404659821066829,0.895,0.492,0.492875,0.4975,46035
46035,-0.12179492492261529,46111,-0.3417682182811358,0.8404659821066829,0.895,0.5028,0.518,0.525,46035
46035,-0.12179492492261529,46003,-0.5088616800613925,0.8404659821066829,0.895,0.6585,0.6805,0.67775,46035
46035,-0.12179492492261529,46043,-0.5626055606783686,0.8404659821066829,0.895,0.6946,0.71275,0.712625,46035
46035,-0.12179492492261529,46067,-0.5207512921359186,0.8404659821066829,0.895,0.6782,0.70025,0.70275,46035
46079,-0.22875115717931693,46011,-0.30899645127448155,0.8404659821066829,0.895,0.4106,0.414125,0.409,46079
46079,-0.22875115717931693,46097,-0.1442901979645727,0.8404659821066829,0.895,0.4166,0.418625,0.41125,46097
46079,-0.22875115717931693,46101,-0.5333376285206745,0.8404659821066829,0.895,0.5783,0.592,0.58475,46079
46079,-0.22875115717931693,46077,-0.1965985130318486,0.8404659821066829,0.895,0.4046,0.403,0.398125,46077
46079,-0.22875115717931693,46087,-0.10894017936287793,0.8404659821066829,0.895,0.4362,0.428125,0.432625,46087
46079,-0.22875115717931693,46099,-0.1490079313487806,0.8404659821066829,0.895,0.419,0.41425,0.416625,46099
46093,-0.13254306052349552,46081,-0.3332854035539792,0.8404659821066829,0.895,0.4842,0.48,0.473625,46093
46093,-0.13254306052349552,46019,-0.04132944668607432,0.8404659821066829,0.895,0.4255,0.43025,0.4215,46019
46093,-0.13254306052349552,46105,-0.42996212179135945,0.8404659821066829,0.895,0.5699,0.5765,0.581125,46093
47001,0.8249287290337437,47129,0.9057667547151684,0.8404659821066829,0.895,0.4161,0.414625,0.42,47129
47001,0.8249287290337437,47173,1.1280014805250338,0.8404659821066829,0.895,0.5841,0.57675,0.581875,47173
47025,1.6287693339741534,51105,1.3373675078750058,0.8404659821066829,0.895,0.5762,0.562875,0.5805,47025
47025,1.6287693339741534,21235,1.67951117635044,0.8404659821066829,0.895,0.4083,0.40775,0.403625,21235
47025,1.6287693339741534,47057,1.069700062066605,0.8404659821066829,0.895,0.8371,0.834375,0.844375,47025
47025,1.6287693339741534,47173,1.1280014805250338,0.8404659821066829,0.895,0.7774,0.7805,0.7765,47025
47025,1.6287693339741534,47067,1.0180244178913371,0.8404659821066829,0.895,0.8606,0.87075,0.873875,47025
47041,0.6457741385746973,47141,0.8425636896601869,0.8404659821066829,0.895,0.487,0.497375,0.491375,47141
47041,0.6457741385746973,47185,0.5151266072418937,0.8404659821066829,0.895,0.4418,0.43625,0.43925,47041
47041,0.6457741385746973,47015,0.2430901484077065,0.8404659821066829,0.895,0.6803,0.682875,0.69375,47041
47041,0.6457741385746973,47177,0.5450188883013527,0.8404659821066829,0.895,0.4242,0.43225,0.422375,47041
47055,0.43282877738574516,1083,0.45994005996227716,0.8404659821066829,0.895,0.401,0.40425,0.40125,1083
47055,0.43282877738574516,47099,0.7625216803844314,0.8404659821066829,0.895,0.5946,0.617875,0.607,47099
47055,0.43282877738574516,47103,0.32301256031860986,0.8404659821066829,0.895,0.4273,0.43625,0.437875,47055
47055,0.43282877738574516,1077,0.6636032329982172,0.8404659821066829,0.895,0.5249,0.524375,0.52025,1077
47081,1.2275131521020155,47187,0.38776989392375155,0.8404659821066829,0.895,0.9659,0.963875,0.9655,47081
47081,1.2275131521020155,47101,0.9589231998335145,0.8404659821066829,0.895,0.5429,0.54375,0.55275,47081
47081,1.2275131521020155,47043,0.7670355302210923,0.8404659821066829,0.895,0.7423,0.74,0.733375,47081
47127,-0.5938594391148341,47051,0.1612630946667908,0.8404659821066829,0.895,0.9301,0.94,0.936875,47051
47127,-0.5938594391148341,47103,0.32301256031860986,0.8404659821066829,0.895,0.9729,0.977875,0.979625,47103
47141,0.8425636896601869,47185,0.5151266072418937,0.8404659821066829,0.895,0.6126,0.620125,0.63125,47141
47141,0.8425636896601869,47049,1.347721552908234,0.8404659821066829,0.895,0.7939,0.791375,0.789,47049
47141,0.8425636896601869,47133,1.3226285060986092,0.8404659821066829,0.895,0.7588,0.759875,0.7735,47133
47141,0.8425636896601869,47087,0.8365600982958611,0.8404659821066829,0.895,0.4043,0.405375,0.40525,47141
47147,0.6663731971021664,47165,0.39330850864588596,0.8404659821066829,0.895,0.5542,0.572375,0.56225,47147
47147,0.6663731971021664,21213,0.5989359094355882,0.8404659821066829,0.895,0.4092,0.420375,0.41325,47147
47147,0.6663731971021664,21141,0.8460281192689703,0.8404659821066829,0.895,0.474,0.476125,0.47025,21141
47147,0.6663731971021664,21219,0.48525818659507114,0.8404659821066829,0.895,0.4688,0.487875,0.497375,47147
47147,0.6663731971021664,47125,0.7789448751792721,0.8404659821066829,0.895,0.4292,0.429875,0.43725,47125
47155,0.40066109877073686,47029,0.658417614316895,0.8404659821066829,0.895,0.5405,0.527625,0.5225,47029
47155,0.40066109877073686,47009,0.3722393211633581,0.8404659821066829,0.895,0.3976,0.4025,0.3995,47155
47155,0.40066109877073686,47089,0.307385242076179,0.8404659821066829,0.895,0.4178,0.43075,0.422625,47155
47157,0.1761793300233566,47167,0.6111542956445523,0.8404659821066829,0.895,0.7228,0.7195,0.706875,47167
47157,0.1761793300233566,5035,0.6311072870518885,0.8404659821066829,0.895,0.7499,0.74825,0.750625,5035
47157,0.1761793300233566,28093,0.3268123837076583,0.8404659821066829,0.895,0.4597,0.45725,0.450125,28093
47157,0.1761793300233566,47047,0.08439927303947412,0.8404659821066829,0.895,0.4195,0.42325,0.42975,47157
47165,0.39330850864588596,21213,0.5989359094355882,0.8404659821066829,0.895,0.4921,0.477,0.484625,21213
47165,0.39330850864588596,47169,1.2967085174418012,0.8404659821066829,0.895,0.97,0.97425,0.975,47169
47165,0.39330850864588596,47111,1.074223358983512,0.8404659821066829,0.895,0.9159,0.919375,0.92025,47111
47167,0.6111542956445523,47097,0.4622999097222706,0.8404659821066829,0.895,0.4542,0.44925,0.4535,47167
47167,0.6111542956445523,47075,0.1891286548741309,0.8404659821066829,0.895,0.7006,0.708875,0.696,47167
47167,0.6111542956445523,5035,0.6311072870518885,0.8404659821066829,0.895,0.4002,0.4035,0.395625,5035
47167,0.6111542956445523,47047,0.08439927303947412,0.8404659821066829,0.895,0.7991,0.808625,0.814125,47167
47187,0.38776989392375155,47043,0.7670355302210923,0.8404659821066829,0.895,0.6633,0.6645,0.661,47043
48005,0.21841315938307285,48225,0.43145083482005686,0.8404659821066829,0.895,0.5086,0.504,0.4975,48225
48005,0.21841315938307285,48373,0.951493315922044,0.8404659821066829,0.895,0.9336,0.941125,0.934625,48373
48007,0.737642394897245,48391,0.4265716224942761,0.8404659821066829,0.895,0.5786,0.58425,0.585375,48007
48007,0.737642394897245,48355,-0.13811011155804553,0.8404659821066829,0.895,0.9546,0.95675,0.959375,48007
48029,-0.35576547944555487,48091,-0.08465613842143607,0.8404659821066829,0.895,0.5492,0.55775,0.56975,48091
48029,-0.35576547944555487,48259,-0.014927359980468007,0.8404659821066829,0.895,0.6306,0.656,0.650125,48259
48029,-0.35576547944555487,48325,-0.4128358669035648,0.8404659821066829,0.895,0.4124,0.405625,0.408,48029
48029,-0.35576547944555487,48013,-0.4876861318510004,0.8404659821066829,0.895,0.4356,0.4485,0.437875,48029
48029,-0.35576547944555487,48019,-0.12218286419055172,0.8404659821066829,0.895,0.5216,0.531875,0.527,48019
48029,-0.35576547944555487,48493,-0.1790061840443532,0.8404659821066829,0.895,0.4683,0.4775,0.48,48493
48035,0.7391934197873251,48309,0.5820159900568121,0.8404659821066829,0.895,0.4613,0.46525,0.46425,48035
48035,0.7391934197873251,48099,0.7312811781500799,0.8404659821066829,0.895,0.3888,0.40075,0.39925,48035
48035,0.7391934197873251,48193,0.5102704920005615,0.8404659821066829,0.895,0.5167,0.522125,0.52775,48035
48035,0.7391934197873251,48217,0.7021257335616021,0.8404659821066829,0.895,0.4079,0.400375,0.399375,48035
48035,0.7391934197873251,48251,0.5264168146554665,0.8404659821066829,0.895,0.5089,0.513125,0.50975,48035
48035,0.7391934197873251,48425,0.6153688338559649,0.8404659821066829,0.895,0.4273,0.4255,0.4355,48035
48035,0.7391934197873251,48143,0.3181330890156861,0.8404659821066829,0.895,0.7225,0.719375,0.709875,48035
48039,0.4198685383521295,48481,0.07594046788239521,0.8404659821066829,0.895,0.6141,0.607125,0.61675,48039
48039,0.4198685383521295,48321,0.3158619201156728,0.8404659821066829,0.895,0.4254,0.419875,0.42025,48039
48039,0.4198685383521295,48201,0.24450014005256526,0.8404659821066829,0.895,0.4641,0.47025,0.460125,48039
48039,0.4198685383521295,48157,-0.10799288221763181,0.8404659821066829,0.895,0.7765,0.7945,0.794125,48039
48061,-0.5313121219091045,48489,-0.5876451506744689,0.8404659821066829,0.895,0.4026,0.410375,0.405625,48061
48075,0.5942643500198103,48191,0.5518814924039095,0.8404659821066829,0.895,0.4054,0.39325,0.40175,48075
48075,0.5942643500198103,48101,0.5982324795834214,0.8404659821066829,0.895,0.4016,0.403375,0.40075,48101
48075,0.5942643500198103,48087,0.8044684618581558,0.8404659821066829,0.895,0.4935,0.5185,0.50075,48087
48075,0.5942643500198103,48197,0.3758094973713278,0.8404659821066829,0.895,0.5001,0.505125,0.5075,48075
48105,-0.16159040687762927,48235,-0.33441039608888457,0.8404659821066829,0.895,0.4596,0.4815,0.475875,48105
48105,-0.16159040687762927,48443,-0.3082935194469279,0.8404659821066829,0.895,0.4489,0.454875,0.460125,48105
48105,-0.16159040687762927,48461,0.3335072427019456,0.8404659821066829,0.895,0.7828,0.787,0.785,48461
48105,-0.16159040687762927,48103,0.16272676822618118,0.8404659821066829,0.895,0.6129,0.615875,0.612125,48103
48105,-0.16159040687762927,48413,0.1950504116395497,0.8404659821066829,0.895,0.6395,0.656125,0.6525,48413
48155,0.25601699813619433,48023,0.6406229678498803,0.8404659821066829,0.895,0.6556,0.665125,0.660375,48023
48155,0.25601699813619433,48101,0.5982324795834214,0.8404659821066829,0.895,0.6299,0.636375,0.63675,48101
48155,0.25601699813619433,48269,0.3132216844134791,0.8404659821066829,0.895,0.4039,0.408625,0.396875,48269
48155,0.25601699813619433,48275,0.21496741168971525,0.8404659821066829,0.895,0.4113,0.39975,0.401125,48155
48155,0.25601699813619433,48487,0.3770553888257899,0.8404659821066829,0.895,0.4354,0.42375,0.434625,48487
48155,0.25601699813619433,48197,0.3758094973713278,0.8404659821066829,0.895,0.4306,0.429875,0.436625,48197
48191,0.5518814924039095,48101,0.5982324795834214,0.8404659821066829,0.895,0.4097,0.407375,0.407875,48101
48191,0.5518814924039095,48129,0.8964438221998487,0.8404659821066829,0.895,0.6217,0.6135,0.62525,48129
48191,0.5518814924039095,48087,0.8044684618581558,0.8404659821066829,0.895,0.5365,0.525875,0.535125,48087
48191,0.5518814924039095,48345,0.4877217789571805,0.8404659821066829,0.895,0.4046,0.41025,0.406,48191
48191,0.5518814924039095,48045,0.3074224551853419,0.8404659821066829,0.895,0.5206,0.530125,0.525625,48191
48195,0.2525343032331669,48421,0.36597979566907846,0.8404659821066829,0.895,0.4223,0.43475,0.432125,48421
48195,0.2525343032331669,48393,0.5091108547914599,0.8404659821066829,0.895,0.5399,0.51925,0.511,48393
48195,0.2525343032331669,48233,0.15251145389304274,0.8404659821066829,0.895,0.4179,0.42375,0.437125,48195
48195,0.2525343032331669,40139,-0.056436227066780774,0.8404659821066829,0.895,0.5838,0.606625,0.625375,48195
48195,0.2525343032331669,48357,0.18446396496117395,0.8404659821066829,0.895,0.4056,0.40975,0.413625,48195
48225,0.43145083482005686,48313,0.29548493010261484,0.8404659821066829,0.895,0.4377,0.438625,0.439125,48225
48225,0.43145083482005686,48289,0.9663981553795252,0.8404659821066829,0.895,0.8149,0.827,0.827625,48289
48225,0.43145083482005686,48471,0.22492518894426838,0.8404659821066829,0.895,0.4908,0.497375,0.49175,48225
48235,-0.33441039608888457,48413,0.1950504116395497,0.8404659821066829,0.895,0.7739,0.80525,0.794,48413
48235,-0.33441039608888457,48451,0.25240006284567074,0.8404659821066829,0.895,0.8402,0.85475,0.837875,48451
48263,0.5349595276676633,48151,0.3589878955730578,0.8404659821066829,0.895,0.4627,0.46275,0.466875,48263
48263,0.5349595276676633,48433,0.7003673889079016,0.8404659821066829,0.895,0.4585,0.455875,0.45275,48433
48263,0.5349595276676633,48125,0.09011743914311104,0.8404659821066829,0.895,0.7004,0.694,0.6935,48263
48273,-0.04339292073009406,48355,-0.13811011155804553,0.8404659821066829,0.895,0.4149,0.420125,0.42125,48273
48273,-0.04339292073009406,48249,-0.2134815234270165,0.8404659821066829,0.895,0.4599,0.455875,0.466875,48273
48313,0.29548493010261484,48289,0.9663981553795252,0.8404659821066829,0.895,0.8872,0.905125,0.89875,48289
48313,0.29548493010261484,48471,0.22492518894426838,0.8404659821066829,0.895,0.4084,0.415625,0.407375,48313
48319,0.29124139076849703,48411,0.13581159285176758,0.8404659821066829,0.895,0.4538,0.459875,0.4635,48319
48319,0.29124139076849703,48299,-0.09148437202465513,0.8404659821066829,0.895,0.6554,0.680625,0.689375,48319
48319,0.29124139076849703,48171,-0.10577680895586561,0.8404659821066829,0.895,0.6864,0.698875,0.7035,48319
48319,0.29124139076849703,48307,0.3807781407602375,0.8404659821066829,0.895,0.4143,0.4175,0.41475,48307
48333,0.2563019019049358,48411,0.13581159285176758,0.8404659821066829,0.895,0.4279,0.438,0.43,48333
48333,0.2563019019049358,48093,0.4565579522561606,0.8404659821066829,0.895,0.4795,0.491875,0.482625,48093
48333,0.2563019019049358,48193,0.5102704920005615,0.8404659821066829,0.895,0.5334,0.54125,0.526375,48193
48333,0.2563019019049358,48281,1.071601573647536,0.8404659821066829,0.895,0.9438,0.9555,0.950125,48281
48333,0.2563019019049358,48049,0.5656724974765651,0.8404659821066829,0.895,0.591,0.580125,0.57275,48049
48349,0.7962656723549393,48161,0.5566473241243972,0.8404659821066829,0.895,0.5138,0.53075,0.526875,48349
48349,0.7962656723549393,48217,0.7021257335616021,0.8404659821066829,0.895,0.4226,0.4225,0.42225,48349
48349,0.7962656723549393,48293,0.8036045811247442,0.8404659821066829,0.895,0.4031,0.402375,0.405375,48293
48373,0.951493315922044,48407,0.6138186379659678,0.8404659821066829,0.895,0.6084,0.60825,0.604375,48373
48373,0.951493315922044,48291,0.8623010881590067,0.8404659821066829,0.895,0.4222,0.4185,0.417625,48373
48389,-0.4029131241503841,48243,-0.5289566393859041,0.8404659821066829,0.895,0.4396,0.441625,0.42425,48389
48411,0.13581159285176758,48299,-0.09148437202465513,0.8404659821066829,0.895,0.5084,0.52625,0.534375,48411
48411,0.13581159285176758,48281,1.071601573647536,0.8404659821066829,0.895,0.9785,0.98275,0.98275,48281
48411,0.13581159285176758,48307,0.3807781407602375,0.8404659821066829,0.895,0.5326,0.53975,0.53625,48307
48411,0.13581159285176758,48049,0.5656724974765651,0.8404659821066829,0.895,0.7233,0.72375,0.708,48049
48459,0.6401042002769083,48499,0.5249713308349796,0.8404659821066829,0.895,0.427,0.439375,0.42975,48459
48459,0.6401042002769083,48423,0.30650658039780354,0.8404659821066829,0.895,0.6198,0.62725,0.627625,48459
48459,0.6401042002769083,48183,0.4979724671156557,0.8404659821066829,0.895,0.4443,0.44775,0.437,48459
48459,0.6401042002769083,48063,0.6130261510976387,0.8404659821066829,0.895,0.4011,0.399625,0.400375,48459
48461,0.3335072427019456,48103,0.16272676822618118,0.8404659821066829,0.895,0.4607,0.4605,0.464625,48461
48469,0.026051113164846963,48391,0.4265716224942761,0.8404659821066829,0.895,0.6848,0.693125,0.684125,48391
48469,0.026051113164846963,48175,-0.06585467485992916,0.8404659821066829,0.895,0.416,0.41625,0.423,48469
48469,0.026051113164846963,48285,-0.2633776000922962,0.8404659821066829,0.895,0.5681,0.566875,0.56675,48469
48469,0.026051113164846963,48123,-0.1279669877124474,0.8404659821066829,0.895,0.4534,0.457875,0.458375,48469
48481,0.07594046788239521,48321,0.3158619201156728,0.8404659821066829,0.895,0.5122,0.509,0.533375,48321
48481,0.07594046788239521,48157,-0.10799288221763181,0.8404659821066829,0.895,0.4682,0.487625,0.487,48481
48491,0.10300690478814178,48331,0.4129074726935047,0.8404659821066829,0.895,0.5862,0.591375,0.5985,48331
48491,0.10300690478814178,48027,0.553399904203199,0.8404659821066829,0.895,0.7431,0.7565,0.7335,48027
48491,0.10300690478814178,48021,0.40595682063258637,0.8404659821066829,0.895,0.5728,0.591125,0.582375,48021
48499,0.5249713308349796,48423,0.30650658039780354,0.8404659821066829,0.895,0.5063,0.504125,0.521,48499
48499,0.5249713308349796,48223,0.553704827239018,0.8404659821066829,0.895,0.3967,0.399625,0.404625,48223
48499,0.5249713308349796,48467,0.5932482000749868,0.8404659821066829,0.895,0.4092,0.405125,0.414125,48467
48499,0.5249713308349796,48063,0.6130261510976387,0.8404659821066829,0.895,0.4152,0.408875,0.413625,48063
48499,0.5249713308349796,48159,0.478541015258259,0.8404659821066829,0.895,0.4089,0.403875,0.40575,48499
49003,-0.9509089973937127,16071,-1.3261465979831748,0.8404659821066829,0.895,0.656,0.673625,0.6655,49003
49003,-0.9509089973937127,32007,-0.235798344487947,0.8404659821066829,0.895,0.9308,0.948,0.9405,32007
49015,-0.9989741656794006,49019,-0.35211392554645055,0.8404659821066829,0.895,0.8759,0.885625,0.891125,49019
49015,-0.9989741656794006,49041,-1.1155678760417187,0.8404659821066829,0.895,0.4329,0.4285,0.43075,49015
49015,-0.9989741656794006,49055,-1.0301304572318295,0.8404659821066829,0.895,0.3974,0.400875,0.401625,49015
49015,-0.9989741656794006,49039,-0.9673814090579552,0.8404659821066829,0.895,0.3995,0.40425,0.402625,49039
49019,-0.35211392554645055,8045,-0.5865589373295909,0.8404659821066829,0.895,0.5208,0.517,0.518375,49019
49025,-0.8395903754507186,49017,-1.0888502439702816,0.8404659821066829,0.895,0.5269,0.5315,0.52025,49025
49025,-0.8395903754507186,49021,-0.8583466324649186,0.8404659821066829,0.895,0.3952,0.40425,0.3995,49025
49025,-0.8395903754507186,49053,-0.917147648279788,0.8404659821066829,0.895,0.4101,0.41675,0.415875,49025
49043,-0.634942146782059,49013,-0.5558925833130988,0.8404659821066829,0.895,0.4109,0.41725,0.414375,49013
49043,-0.634942146782059,56037,-0.7231776108494663,0.8404659821066829,0.895,0.4192,0.413,0.4225,49043
49043,-0.634942146782059,56041,-0.7237483588173594,0.8404659821066829,0.895,0.4193,0.422625,0.421125,49043
49043,-0.634942146782059,49009,-0.9952878996856874,0.8404659821066829,0.895,0.6457,0.666125,0.664875,49043
49043,-0.634942146782059,49033,-1.0042760227720793,0.8404659821066829,0.895,0.6726,0.686125,0.682375,49043
51009,0.09138916971032462,51125,0.2458031358733284,0.8404659821066829,0.895,0.4539,0.461375,0.464125,51125
51009,0.09138916971032462,51011,-0.04365758535995569,0.8404659821066829,0.895,0.4328,0.444125,0.44225,51009
51009,0.09138916971032462,51163,-0.1998385329414436,0.8404659821066829,0.895,0.5852,0.593625,0.576625,51009
51009,0.09138916971032462,51680,0.29719848728936127,0.8404659821066829,0.895,0.4885,0.488375,0.486125,51680
51023,-0.33578352720627275,51163,-0.1998385329414436,0.8404659821066829,0.895,0.4432,0.4505,0.4525,51163
51023,-0.33578352720627275,51045,-0.089906539794749,0.8404659821066829,0.895,0.5232,0.533125,0.524375,51045
51033,0.40317418282320233,51179,0.42343573528971673,0.8404659821066829,0.895,0.4058,0.402875,0.404,51179
51033,0.40317418282320233,51097,0.4288669311470311,0.8404659821066829,0.895,0.3998,0.409,0.400125,51097
51063,-0.31781195721523864,51141,-0.17359005819071313,0.8404659821066829,0.895,0.4426,0.444875,0.44175,51141
51073,0.7659295207546447,51119,0.7324571372129816,0.8404659821066829,0.895,0.4005,0.401875,0.399625,51073
51073,0.7659295207546447,51199,0.38202178444922646,0.8404659821066829,0.895,0.6486,0.67675,0.6695,51073
51073,0.7659295207546447,51095,0.04059602119898653,0.8404659821066829,0.895,0.9231,0.9305,0.928625,51073
51073,0.7659295207546447,51097,0.4288669311470311,0.8404659821066829,0.895,0.6146,0.63075,0.6295,51073
51073,0.7659295207546447,51115,0.1604689840528476,0.8404659821066829,0.895,0.8047,0.823125,0.8155,51073
51083,-0.009753999842351951,37033,0.005825803004990404,0.8404659821066829,0.895,0.3989,0.401625,0.396125,37033
51083,-0.009753999842351951,37077,0.18362064475238526,0.8404659821066829,0.895,0.4848,0.502125,0.50075,37077
51083,-0.009753999842351951,37145,0.23899838625525063,0.8404659821066829,0.895,0.5242,0.533625,0.537125,37145
51093,0.07869536252168687,51181,-0.05764869209587574,0.8404659821066829,0.895,0.4363,0.437875,0.4355,51093
51093,0.07869536252168687,51175,-0.04270792096454994,0.8404659821066829,0.895,0.4224,0.442375,0.43475,51093
51093,0.07869536252168687,51620,-0.14598917965244163,0.8404659821066829,0.895,0.4839,0.49125,0.485125,51093
51093,0.07869536252168687,51800,0.0767322305949178,0.8404659821066829,0.895,0.3948,0.395,0.398,51093
51103,0.027098659917239507,51133,-0.166738246771713,0.8404659821066829,0.895,0.4556,0.466625,0.481,51103
51103,0.027098659917239507,51159,-0.3254710346383652,0.8404659821066829,0.895,0.5931,0.6105,0.61525,51103
51105,1.3373675078750058,47067,1.0180244178913371,0.8404659821066829,0.895,0.5901,0.60575,0.6005,51105
51105,1.3373675078750058,51169,0.6885143723599374,0.8404659821066829,0.895,0.895,0.90425,0.903875,51105
51113,-0.24614759650561172,51137,0.0749232795042451,0.8404659821066829,0.895,0.5967,0.60875,0.607,51137
51113,-0.24614759650561172,51139,-0.24056847391025157,0.8404659821066829,0.895,0.3987,0.404,0.3995,51139
51113,-0.24614759650561172,51047,0.2705850418331291,0.8404659821066829,0.895,0.7875,0.80025,0.799375,51047
51113,-0.24614759650561172,51079,-0.23368985735046066,0.8404659821066829,0.895,0.3992,0.4035,0.4035,51079
51119,0.7324571372129816,51097,0.4288669311470311,0.8404659821066829,0.895,0.5717,0.578,0.57675,51119
51119,0.7324571372129816,51115,0.1604689840528476,0.8404659821066829,0.895,0.7767,0.7745,0.77425,51119
51125,0.2458031358733284,51015,-0.1771468782228278,0.8404659821066829,0.895,0.7213,0.731,0.74375,51125
51125,0.2458031358733284,51011,-0.04365758535995569,0.8404659821066829,0.895,0.573,0.58225,0.59775,51125
51125,0.2458031358733284,51163,-0.1998385329414436,0.8404659821066829,0.895,0.7406,0.75575,0.7665,51125
51125,0.2458031358733284,51003,0.0648142861109723,0.8404659821066829,0.895,0.475,0.464375,0.481125,51125
51133,-0.166738246771713,51159,-0.3254710346383652,0.8404659821066829,0.895,0.4512,0.459625,0.448875,51133
51133,-0.166738246771713,51193,0.2630932758663504,0.8404659821066829,0.895,0.6711,0.673625,0.678125,51193
51137,0.0749232795042451,51047,0.2705850418331291,0.8404659821066829,0.895,0.4926,0.4905,0.488375,51047
51137,0.0749232795042451,51079,-0.23368985735046066,0.8404659821066829,0.895,0.5842,0.59125,0.583625,51137
51137,0.0749232795042451,51003,0.0648142861109723,0.8404659821066829,0.895,0.3985,0.4015,0.394375,51137
51149,0.04385672351062501,51181,-0.05764869209587574,0.8404659821066829,0.895,0.4283,0.421,0.422625,51149
51149,0.04385672351062501,51670,0.9723079423161689,0.8404659821066829,0.895,0.9666,0.969125,0.9675,51670
51149,0.04385672351062501,51183,0.21664902488383492,0.8404659821066829,0.895,0.4637,0.46875,0.465375,51183
51149,0.04385672351062501,51730,0.479996718735049,0.8404659821066829,0.895,0.7064,0.709125,0.714125,51730
51159,-0.3254710346383652,51193,0.2630932758663504,0.8404659821066829,0.895,0.8166,0.8315,0.836125,51193
51179,0.42343573528971673,51153,-0.019040042665412354,0.8404659821066829,0.895,0.7357,0.743375,0.73325,51179
51179,0.42343573528971673,51047,0.2705850418331291,0.8404659821066829,0.895,0.4486,0.459,0.454375,51179
51179,0.42343573528971673,51630,0.38447551183439216,0.8404659821066829,0.895,0.3994,0.4,0.4055,51179
51181,-0.05764869209587574,51175,-0.04270792096454994,0.8404659821066829,0.895,0.4031,0.40175,0.397375,51175
51181,-0.05764869209587574,51183,0.21664902488383492,0.8404659821066829,0.895,0.5419,0.54925,0.54025,51183
51191,0.4937783977663365,51173,0.7574006881261202,0.8404659821066829,0.895,0.5428,0.552,0.560625,51173
51191,0.4937783977663365,51169,0.6885143723599374,0.8404659821066829,0.895,0.4891,0.490875,0.49025,51169
51191,0.4937783977663365,51520,1.0097453008513486,0.8404659821066829,0.895,0.7519,0.757375,0.76425,51520
53007,-0.3569826977187027,53017,-0.520027354246782,0.8404659821066829,0.895,0.4562,0.465125,0.459875,53007
53007,-0.3569826977187027,53033,-0.1423722066922937,0.8404659821066829,0.895,0.4951,0.48675,0.4925,53033
53019,-0.5876322559718815,53065,-0.46469805987707896,0.8404659821066829,0.895,0.4209,0.4325,0.424625,53065
53035,-0.14721769347879418,53053,-0.04375682644999376,0.8404659821066829,0.895,0.4217,0.42325,0.418375,53053
53041,-0.13326633698616921,53053,-0.04375682644999376,0.8404659821066829,0.895,0.4186,0.4255,0.424125,53053
53041,-0.13326633698616921,53067,0.004568793642174722,0.8404659821066829,0.895,0.4425,0.450625,0.442125,53067
53041,-0.13326633698616921,53027,0.12908944288052257,0.8404659821066829,0.895,0.5432,0.556,0.54825,53027
53041,-0.13326633698616921,53059,-0.03602004246594854,0.8404659821066829,0.895,0.4254,0.435125,0.425,53059
53041,-0.13326633698616921,53069,-0.5301638473149434,0.8404659821066829,0.895,0.6877,0.704,0.702125,53041
53053,-0.04375682644999376,53067,0.004568793642174722,0.8404659821066829,0.895,0.4025,0.4,0.404,53067
53053,-0.04375682644999376,53033,-0.1423722066922937,0.8404659821066829,0.895,0.424,0.42125,0.420375,53053
53065,-0.46469805987707896,53051,-0.1281110527497905,0.8404659821066829,0.895,0.5776,0.58625,0.592,53051
53065,-0.46469805987707896,53063,-0.1952342096827739,0.8404659821066829,0.895,0.5475,0.551875,0.5475,53063
54003,0.3163293401830942,54037,0.39869552958054966,0.8404659821066829,0.895,0.4118,0.415875,0.422,54037
54005,1.2758461258268403,54039,0.3871652992128631,0.8404659821066829,0.895,0.978,0.982,0.982125,54005
54005,1.2758461258268403,54043,0.971139466371964,0.8404659821066829,0.895,0.5839,0.57875,0.58725,54005
54005,1.2758461258268403,54081,0.1316439115118164,0.8404659821066829,0.895,0.9937,0.997875,0.9975,54005
54019,0.29797675132832313,54039,0.3871652992128631,0.8404659821066829,0.895,0.4219,0.417,0.421625,54039
54019,0.29797675132832313,54067,0.13869225273348668,0.8404659821066829,0.895,0.4538,0.446875,0.450125,54019
54019,0.29797675132832313,54081,0.1316439115118164,0.8404659821066829,0.895,0.4573,0.460125,0.4615,54019
54019,0.29797675132832313,54089,-0.20746143409278084,0.8404659821066829,0.895,0.7692,0.778375,0.771375,54019
54027,-0.5570481749093229,54057,-0.6684826835304317,0.8404659821066829,0.895,0.4231,0.42525,0.428625,54027
54039,0.3871652992128631,54043,0.971139466371964,0.8404659821066829,0.895,0.8735,0.87975,0.878625,54043
54039,0.3871652992128631,54067,0.13869225273348668,0.8404659821066829,0.895,0.5408,0.54,0.5485,54039
54039,0.3871652992128631,54081,0.1316439115118164,0.8404659821066829,0.895,0.5519,0.55875,0.557125,54039
54039,0.3871652992128631,54015,0.46849982007531343,0.8404659821066829,0.895,0.4173,0.4165,0.40975,54015
54039,0.3871652992128631,54079,0.2654376516302309,0.8404659821066829,0.895,0.4319,0.429125,0.426625,54039
54039,0.3871652992128631,54035,0.052267090463046645,0.8404659821066829,0.895,0.6377,0.65025,0.65375,54039
54043,0.971139466371964,54059,1.2342858935992298,0.8404659821066829,0.895,0.5561,0.557625,0.57125,54059
54043,0.971139466371964,54011,0.33155575098090595,0.8404659821066829,0.895,0.8892,0.893625,0.894375,54043
54043,0.971139466371964,54079,0.2654376516302309,0.8404659821066829,0.895,0.9199,0.916375,0.9195,54043
54057,-0.6684826835304317,54023,-1.2861390299749085,0.8404659821066829,0.895,0.8501,0.856625,0.851125,54057
54059,1.2342858935992298,54047,0.8606798468570079,0.8404659821066829,0.895,0.6566,0.66275,0.670625,54059
54067,0.13869225273348668,54015,0.46849982007531343,0.8404659821066829,0.895,0.6045,0.604375,0.600625,54015
54067,0.13869225273348668,54101,0.09955417896719063,0.8404659821066829,0.895,0.4036,0.404375,0.409625,54067
54071,-1.0492488174548715,54083,-0.6432065215198334,0.8404659821066829,0.895,0.6987,0.7075,0.700625,54083
54071,-1.0492488174548715,51015,-0.1771468782228278,0.8404659821066829,0.895,0.9809,0.98625,0.988125,51015
54071,-1.0492488174548715,54023,-1.2861390299749085,0.8404659821066829,0.895,0.5337,0.539875,0.54275,54071
54071,-1.0492488174548715,51165,-0.38777107805936073,0.8404659821066829,0.895,0.9092,0.930125,0.933625,51165
54081,0.1316439115118164,54055,0.24742830313204517,0.8404659821066829,0.895,0.4331,0.44025,0.437875,54055
54081,0.1316439115118164,54089,-0.20746143409278084,0.8404659821066829,0.895,0.6188,0.61675,0.62025,54081
54083,-0.6432065215198334,54023,-1.2861390299749085,0.8404659821066829,0.895,0.9033,0.90275,0.9005,54083
54083,-0.6432065215198334,54097,-0.08518017293614867,0.8404659821066829,0.895,0.8246,0.84425,0.836875,54097
54083,-0.6432065215198334,54101,0.09955417896719063,0.8404659821066829,0.895,0.9479,0.951,0.954125,54101
55001,0.15069726717682513,55057,-0.1193323859988388,0.8404659821066829,0.895,0.5532,0.566,0.56575,55001
55001,0.15069726717682513,55021,-0.07955688660642823,0.8404659821066829,0.895,0.518,0.5175,0.528875,55001
55001,0.15069726717682513,55097,-0.4445669815270146,0.8404659821066829,0.895,0.8408,0.84625,0.849,55001
55001,0.15069726717682513,55141,-0.5451741360478651,0.8404659821066829,0.895,0.9119,0.91825,0.91625,55001
55001,0.15069726717682513,55137,-0.23958437620382012,0.8404659821066829,0.895,0.674,0.69,0.6735,55001
55001,0.15069726717682513,55077,0.13601238256432824,0.8404659821066829,0.895,0.4011,0.402625,0.398875,55001
55003,-0.01425627255240359,55007,-0.0891983750402115,0.8404659821066829,0.895,0.4148,0.4045,0.41,55003
55003,-0.01425627255240359,55099,-0.39396434601338387,0.8404659821066829,0.895,0.6644,0.667125,0.64825,55003
55003,-0.01425627255240359,55113,0.040519996401158456,0.8404659821066829,0.895,0.4072,0.412125,0.403,55113
55043,-0.3819532053426331,19043,-0.5837347638825069,0.8404659821066829,0.895,0.4942,0.50025,0.490375,55043
55043,-0.3819532053426331,17085,-0.13699442919162522,0.8404659821066829,0.895,0.5229,0.523875,0.53,17085
55043,-0.3819532053426331,19061,-0.12958102323683396,0.8404659821066829,0.895,0.538,0.533125,0.522625,19061
55043,-0.3819532053426331,55049,-0.49530233396643314,0.8404659821066829,0.895,0.4365,0.434375,0.432125,55043
55043,-0.3819532053426331,55065,-0.43051890407849985,0.8404659821066829,0.895,0.4048,0.414375,0.40725,55043
55043,-0.3819532053426331,55103,-0.6692280903068296,0.8404659821066829,0.895,0.5644,0.581625,0.579375,55043
55057,-0.1193323859988388,55053,-0.4492500201904561,0.8404659821066829,0.895,0.6142,0.6045,0.6275,55057
55057,-0.1193323859988388,55021,-0.07955688660642823,0.8404659821066829,0.895,0.4069,0.4165,0.4075,55021
55057,-0.1193323859988388,55123,-0.569353508408699,0.8404659821066829,0.895,0.7563,0.75825,0.754125,55057
55057,-0.1193323859988388,55141,-0.5451741360478651,0.8404659821066829,0.895,0.7132,0.71275,0.7215,55057
55057,-0.1193323859988388,55081,-0.28242617375806817,0.8404659821066829,0.895,0.4556,0.445875,0.4595,55057
55135,-0.2949673469982112,55115,-0.4990511418995764,0.8404659821066829,0.895,0.4897,0.492375,0.48925,55135
55135,-0.2949673469982112,55139,-0.2826511470199391,0.8404659821066829,0.895,0.4015,0.39875,0.40375,55139
55135,-0.2949673469982112,55087,-0.42872240810710943,0.8404659821066829,0.895,0.4361,0.435625,0.438625,55135
55135,-0.2949673469982112,55097,-0.4445669815270146,0.8404659821066829,0.895,0.4474,0.453625,0.432875,55135
55135,-0.2949673469982112,55137,-0.23958437620382012,0.8404659821066829,0.895,0.4035,0.404125,0.403375,55137
56033,-0.10023698515556002,56003,-0.20845232636125557,0.8404659821066829,0.895,0.4254,0.4275,0.43,56033
56033,-0.10023698515556002,30075,-0.29771543150726604,0.8404659821066829,0.895,0.487,0.4825,0.47925,56033
56033,-0.10023698515556002,56019,-0.09656625529943402,0.8404659821066829,0.895,0.3933,0.398875,0.39875,56019
56033,-0.10023698515556002,56005,0.06859163310666272,0.8404659821066829,0.895,0.4626,0.46325,0.478125,56005
56035,-0.5065010637253327,56013,-0.3409067625013411,0.8404659821066829,0.895,0.454,0.455625,0.455625,56013
56035,-0.5065010637253327,56037,-0.7231776108494663,0.8404659821066829,0.895,0.5038,0.497375,0.51275,56035
56035,-0.5065010637253327,56023,-0.8198140368118904,0.8404659821066829,0.895,0.5936,0.60925,0.609,56035
1041,0.3405821382122353,1085,0.00394442062007909,0.8404659821066829,0.895,0.617,0.63525,0.642,1041
1041,0.3405821382122353,1039,0.6367378082207026,0.8404659821066829,0.895,0.5876,0.597,0.594625,1039
1041,0.3405821382122353,1013,0.06827129052685459,0.8404659821066829,0.895,0.553,0.574875,0.569,1041
1041,0.3405821382122353,1031,0.4489912329776404,0.8404659821066829,0.895,0.4208,0.423125,0.428625,1031
5039,0.381904147328674,5053,0.365566213206475,0.8404659821066829,0.895,0.4049,0.3935,0.395875,5039
5039,0.381904147328674,5059,0.1511303045606714,0.8404659821066829,0.895,0.5126,0.514375,0.5045,5039
6003,-0.4374519828455079,32005,-0.4827681024975699,0.8404659821066829,0.895,0.4102,0.400375,0.401875,6003
6053,-0.6224173750416845,6069,-0.7012324849777389,0.8404659821066829,0.895,0.4114,0.416375,0.41675,6053
6053,-0.6224173750416845,6031,-0.6421445659126604,0.8404659821066829,0.895,0.4075,0.410875,0.398125,6053
8029,-0.8480010597275001,8085,-0.6935820212073308,0.8404659821066829,0.895,0.4492,0.44575,0.445,8085
12131,0.5554590041041889,1061,0.5813796431193289,0.8404659821066829,0.895,0.4014,0.40525,0.398,1061
12131,0.5554590041041889,1039,0.6367378082207026,0.8404659821066829,0.895,0.4227,0.420375,0.40925,1039
12131,0.5554590041041889,12005,0.6225371003218253,0.8404659821066829,0.895,0.4071,0.4145,0.413625,12005
12131,0.5554590041041889,12059,0.48056150075045845,0.8404659821066829,0.895,0.4115,0.414625,0.41275,12131
12131,0.5554590041041889,12091,0.4909138519470849,0.8404659821066829,0.895,0.4063,0.410875,0.406875,12131
13263,0.3637250588151182,13293,0.1262442458397602,0.8404659821066829,0.895,0.5216,0.541875,0.525375,13263
13263,0.3637250588151182,13199,-0.1423205906241513,0.8404659821066829,0.895,0.7935,0.802125,0.801625,13263
13263,0.3637250588151182,13197,-0.1955424171163471,0.8404659821066829,0.895,0.8436,0.8495,0.839625,13263
13263,0.3637250588151182,13145,0.13408122563225197,0.8404659821066829,0.895,0.5111,0.526375,0.51,13263
13263,0.3637250588151182,13053,0.9252837086538765,0.8404659821066829,0.895,0.8276,0.8535,0.83225,13053
16015,-0.5644943619649732,16045,-0.35045575869638007,0.8404659821066829,0.895,0.491,0.501875,0.511875,16045
16015,-0.5644943619649732,16001,-0.2600753537433656,0.8404659821066829,0.895,0.5701,0.58125,0.578375,16001
18013,0.18667851100183835,18105,0.4136772499787283,0.8404659821066829,0.895,0.5029,0.512,0.51175,18105
18013,0.18667851100183835,18109,0.2928468287058739,0.8404659821066829,0.895,0.4237,0.417375,0.422875,18109
18013,0.18667851100183835,18081,0.14827796014288774,0.8404659821066829,0.895,0.4033,0.408625,0.404,18013
18013,0.18667851100183835,18005,0.5061673527569166,0.8404659821066829,0.895,0.5828,0.599,0.602375,18005
19135,0.25578216352212657,19123,-0.08581870809069658,0.8404659821066829,0.895,0.615,0.6305,0.61725,19135
19135,0.25578216352212657,19125,0.04858227573046496,0.8404659821066829,0.895,0.4869,0.49075,0.4875,19135
19135,0.25578216352212657,19179,-0.10831057786278825,0.8404659821066829,0.895,0.6251,0.649,0.642375,19135
20207,0.32938698043236425,20001,0.16763307078945863,0.8404659821066829,0.895,0.4494,0.45175,0.45225,20207
20207,0.32938698043236425,20205,-0.07139969505874962,0.8404659821066829,0.895,0.6647,0.683375,0.675375,20207
20207,0.32938698043236425,20073,0.4044562415190786,0.8404659821066829,0.895,0.4064,0.410125,0.40625,20073
20207,0.32938698043236425,20031,0.40339524376081337,0.8404659821066829,0.895,0.4126,0.409,0.40475,20031
21167,0.6687348401217611,21005,0.47561926234659224,0.8404659821066829,0.895,0.4832,0.509,0.497125,21167
21167,0.6687348401217611,21239,0.5484404361442797,0.8404659821066829,0.895,0.4385,0.431875,0.430375,21167
21167,0.6687348401217611,21021,0.6263155438947563,0.8404659821066829,0.895,0.4037,0.398875,0.40225,21167
21167,0.6687348401217611,21113,0.4813146830779088,0.8404659821066829,0.895,0.4721,0.466125,0.48025,21167
23015,0.336843661255202,23013,0.1206133650102991,0.8404659821066829,0.895,0.478,0.47525,0.48075,23015
23015,0.336843661255202,23011,0.32876714954477365,0.8404659821066829,0.895,0.3995,0.402875,0.40025,23015
26147,-0.3916215992237172,26151,-0.7473120371143794,0.8404659821066829,0.895,0.6105,0.602875,0.59075,26147
26147,-0.3916215992237172,26087,-0.4628007471133631,0.8404659821066829,0.895,0.4061,0.411625,0.41525,26147
27129,-0.6133316310339268,27085,-0.7593407005110177,0.8404659821066829,0.895,0.4477,0.458875,0.457875,27129
27129,-0.6133316310339268,27067,-0.526324807351384,0.8404659821066829,0.895,0.4222,0.42325,0.42725,27067
27129,-0.6133316310339268,27093,-0.6474555261977811,0.8404659821066829,0.895,0.4056,0.404375,0.407375,27129
27129,-0.6133316310339268,27103,-0.5910759145366815,0.8404659821066829,0.895,0.3988,0.402375,0.40175,27103
27129,-0.6133316310339268,27143,-0.6182875959080831,0.8404659821066829,0.895,0.4017,0.409125,0.404625,27129
1059,1.2054665745450746,1079,0.8200960902865587,0.8404659821066829,0.895,0.667,0.683875,0.68175,1059
1059,1.2054665745450746,1093,0.5665759304926915,0.8404659821066829,0.895,0.8918,0.8965,0.904625,1059
1059,1.2054665745450746,1133,0.8570395917123708,0.8404659821066829,0.895,0.6234,0.633875,0.633625,1059
1059,1.2054665745450746,28141,0.7781116698355326,0.8404659821066829,0.895,0.7141,0.721125,0.72575,1059
5007,-0.000902171311710174,5015,-0.19424538923389936,0.8404659821066829,0.895,0.4879,0.487375,0.487125,5007
5007,-0.000902171311710174,29009,-0.14843752860422565,0.8404659821066829,0.895,0.4504,0.451125,0.4465,5007
5007,-0.000902171311710174,5087,0.10421538718654351,0.8404659821066829,0.895,0.4256,0.4175,0.419625,5087
5007,-0.000902171311710174,5143,0.1446853825998167,0.8404659821066829,0.895,0.4438,0.456875,0.439625,5143
5007,-0.000902171311710174,29119,0.6761207246040646,0.8404659821066829,0.895,0.8967,0.91325,0.914,29119
5007,-0.000902171311710174,40001,0.35708908506255477,0.8404659821066829,0.895,0.6432,0.654125,0.656375,40001
5007,-0.000902171311710174,40041,0.1239023749494349,0.8404659821066829,0.895,0.4375,0.43725,0.437625,40041
6069,-0.7012324849777389,6085,-0.43782497584259034,0.8404659821066829,0.895,0.5337,0.53375,0.54475,6085
19041,-0.44264619139820915,19059,-0.5341004310155575,0.8404659821066829,0.895,0.4095,0.4175,0.425625,19041
19041,-0.44264619139820915,19141,-0.5824219881595147,0.8404659821066829,0.895,0.435,0.4355,0.438875,19041
19041,-0.44264619139820915,19147,-0.49373171469509836,0.8404659821066829,0.895,0.4062,0.405125,0.405,19041
21005,0.47561926234659224,21239,0.5484404361442797,0.8404659821066829,0.895,0.41,0.416875,0.41775,21239
21005,0.47561926234659224,21215,0.07435911381872974,0.8404659821066829,0.895,0.6842,0.69,0.692875,21005
21005,0.47561926234659224,21073,0.9336043843337062,0.8404659821066829,0.895,0.753,0.750875,0.760125,21073
21005,0.47561926234659224,21211,0.2186161895981994,0.8404659821066829,0.895,0.5359,0.547625,0.536,21005
21049,0.7976024785871566,21017,0.4004885275335525,0.8404659821066829,0.895,0.675,0.685875,0.6905,21049
21049,0.7976024785871566,21067,0.5212630576997511,0.8404659821066829,0.895,0.5597,0.55725,0.56275,21049
21049,0.7976024785871566,21173,0.7374468675170927,0.8404659821066829,0.895,0.405,0.4125,0.408,21049
21099,0.8047713387278421,21085,0.8632774820496681,0.8404659821066829,0.895,0.4058,0.403125,0.408,21085
21099,0.8047713387278421,21009,0.7169962404164509,0.8404659821066829,0.895,0.4142,0.422125,0.416125,21099
21099,0.8047713387278421,21087,0.1592552805536304,0.8404659821066829,0.895,0.8873,0.884125,0.88325,21099
21099,0.8047713387278421,21169,0.7798249597629224,0.8404659821066829,0.895,0.4051,0.399625,0.404625,21099
21155,0.7303346926484597,21021,0.6263155438947563,0.8404659821066829,0.895,0.4294,0.421,0.422375,21155
21155,0.7303346926484597,21045,1.0542944062022446,0.8404659821066829,0.895,0.612,0.619875,0.61075,21045
22065,0.13642390320016312,22083,0.34375618211335374,0.8404659821066829,0.895,0.4955,0.492,0.5,22083
22065,0.13642390320016312,28149,0.03203393465213164,0.8404659821066829,0.895,0.4238,0.431625,0.41675,22065
22125,0.2039824891758152,28157,0.14005304647404423,0.8404659821066829,0.895,0.4092,0.41675,0.40375,22125
22125,0.2039824891758152,22077,-0.020270118723591357,0.8404659821066829,0.895,0.5156,0.514375,0.505375,22125
22125,0.2039824891758152,22121,0.3476168462955315,0.8404659821066829,0.895,0.4474,0.4505,0.4325,22121
8071,-0.9916567647904007,35059,-0.6667254262037524,0.8404659821066829,0.895,0.6321,0.65125,0.643875,35059
8071,-0.9916567647904007,8009,-0.27862412738485604,0.8404659821066829,0.895,0.9388,0.948875,0.954375,8009
8071,-0.9916567647904007,8011,-0.977666279268136,0.8404659821066829,0.895,0.4034,0.401875,0.398875,8011
8071,-0.9916567647904007,8089,-1.1581293542293343,0.8404659821066829,0.895,0.4631,0.46075,0.456625,8071
8071,-0.9916567647904007,8101,-1.0269722214081873,0.8404659821066829,0.895,0.4024,0.406875,0.40475,8071
13271,0.25197116052266877,13017,0.7689916096126692,0.8404659821066829,0.895,0.7832,0.7965,0.786,13017
13271,0.25197116052266877,13069,0.44864520116054935,0.8404659821066829,0.895,0.4909,0.50625,0.507,13069
13271,0.25197116052266877,13091,0.31310032371638824,0.8404659821066829,0.895,0.4077,0.41125,0.40625,13091
13271,0.25197116052266877,13161,1.162965157353655,0.8404659821066829,0.895,0.9781,0.984125,0.98575,13161
17155,0.227713939584674,17011,-0.08852473261603133,0.8404659821066829,0.895,0.5784,0.579625,0.586625,17155
17155,0.227713939584674,17099,0.11466440491844697,0.8404659821066829,0.895,0.4233,0.4285,0.420125,17155
36025,-0.3189329054185464,36039,0.1256926432996771,0.8404659821066829,0.895,0.7324,0.747375,0.74375,36039
36025,-0.3189329054185464,36007,-0.25508677079441877,0.8404659821066829,0.895,0.4132,0.420875,0.414875,36007
36025,-0.3189329054185464,36095,-0.05226262680839932,0.8404659821066829,0.895,0.5525,0.567625,0.564875,36095
38085,-0.9649810411277516,46031,-0.9322812758734668,0.8404659821066829,0.895,0.3979,0.403,0.408125,46031
38085,-0.9649810411277516,38029,-0.9383571651981055,0.8404659821066829,0.895,0.396,0.4025,0.410125,38029
38085,-0.9649810411277516,38001,-0.6154388511670384,0.8404659821066829,0.895,0.6384,0.642,0.663625,38001
25027,0.03273157902051564,44007,-0.07902685611262539,0.8404659821066829,0.895,0.43,0.4375,0.42825,25027
25027,0.03273157902051564,9013,-0.0013095627101423328,0.8404659821066829,0.895,0.4048,0.400625,0.404875,25027
25027,0.03273157902051564,25013,-0.2563867280992684,0.8404659821066829,0.895,0.5888,0.6115,0.6045,25027
25027,0.03273157902051564,9015,0.020519590594881305,0.8404659821066829,0.895,0.3995,0.3985,0.400125,25027
25027,0.03273157902051564,25015,-0.002720597196757988,0.8404659821066829,0.895,0.4103,0.404375,0.405375,25027
25027,0.03273157902051564,33005,0.011451352475369376,0.8404659821066829,0.895,0.4004,0.399375,0.394625,25027
25027,0.03273157902051564,33011,0.17101012431657378,0.8404659821066829,0.895,0.4509,0.467125,0.462375,33011
26109,-0.6778448693265308,26043,-0.582585989262291,0.8404659821066829,0.895,0.4219,0.412,0.414375,26043
28043,0.9079049217258538,28097,0.16064308965837612,0.8404659821066829,0.895,0.9297,0.932875,0.9355,28043
28043,0.9079049217258538,28161,1.0887720442681468,0.8404659821066829,0.895,0.463,0.47125,0.474625,28161
28043,0.9079049217258538,28135,0.3440371708571517,0.8404659821066829,0.895,0.8431,0.853125,0.841375,28043
28043,0.9079049217258538,28155,0.7413051289431709,0.8404659821066829,0.895,0.4622,0.46975,0.457,28043
28043,0.9079049217258538,28013,0.5058244909632015,0.8404659821066829,0.895,0.6941,0.68125,0.683375,28043
28043,0.9079049217258538,28015,0.13208196327480465,0.8404659821066829,0.895,0.9425,0.947875,0.94875,28043
31163,-0.5713866685418478,31041,-0.46078681929506055,0.8404659821066829,0.895,0.4324,0.42675,0.42625,31041
31163,-0.5713866685418478,31019,-0.22363296300267574,0.8404659821066829,0.895,0.6374,0.626625,0.63325,31019
31163,-0.5713866685418478,31077,-0.6628016314467026,0.8404659821066829,0.895,0.4179,0.417,0.41825,31163
31163,-0.5713866685418478,31093,-0.4150840932631957,0.8404659821066829,0.895,0.4528,0.450125,0.452875,31093
31163,-0.5713866685418478,31175,-0.6710462747997561,0.8404659821066829,0.895,0.4196,0.439875,0.432375,31163
34027,-0.13802240311916086,34037,-0.032508042529244593,0.8404659821066829,0.895,0.4267,0.429375,0.421,34037
34027,-0.13802240311916086,34039,-0.36549968763295493,0.8404659821066829,0.895,0.5118,0.505625,0.513,34027
48107,-0.015874203712818388,48153,0.008352312459552914,0.8404659821066829,0.895,0.4007,0.4085,0.402,48153
48107,-0.015874203712818388,48303,-0.23128992132839002,0.8404659821066829,0.895,0.4904,0.48775,0.49175,48107
48107,-0.015874203712818388,48125,0.09011743914311104,0.8404659821066829,0.895,0.4192,0.42225,0.423625,48125
51021,0.17772131517951303,51173,0.7574006881261202,0.8404659821066829,0.895,0.8531,0.854625,0.857,51173
51021,0.17772131517951303,54055,0.24742830313204517,0.8404659821066829,0.895,0.4035,0.410625,0.412125,54055
51021,0.17772131517951303,51197,0.17724082335426497,0.8404659821066829,0.895,0.4033,0.404625,0.403375,51021
51021,0.17772131517951303,51071,0.4029691176025482,0.8404659821066829,0.895,0.514,0.52625,0.51725,51071
51199,0.38202178444922646,51095,0.04059602119898653,0.8404659821066829,0.895,0.6263,0.629875,0.62775,51199
51199,0.38202178444922646,51650,0.041697484485688004,0.8404659821066829,0.895,0.6041,0.614,0.627,51199
51199,0.38202178444922646,51700,-0.0866365216354788,0.8404659821066829,0.895,0.715,0.744125,0.753125,51199
51199,0.38202178444922646,51735,0.03661034148131987,0.8404659821066829,0.895,0.5957,0.604,0.612,51199
51199,0.38202178444922646,51830,-0.09407397571076795,0.8404659821066829,0.895,0.7048,0.702125,0.706125,51199
54011,0.33155575098090595,54053,0.22093163475320174,0.8404659821066829,0.895,0.4242,0.42325,0.430125,54011
54011,0.33155575098090595,39053,0.29429103439030674,0.8404659821066829,0.895,0.4022,0.40725,0.400625,54011
54011,0.33155575098090595,54079,0.2654376516302309,0.8404659821066829,0.895,0.4063,0.408875,0.406375,54011
54011,0.33155575098090595,39087,0.46195159649360323,0.8404659821066829,0.895,0.4427,0.439625,0.4345,39087
29019,0.04033895929203027,29175,-0.0038826859335084484,0.8404659821066829,0.895,0.4076,0.417625,0.41625,29019
29019,0.04033895929203027,29007,0.026089294454516868,0.8404659821066829,0.895,0.4049,0.399125,0.40025,29019
29019,0.04033895929203027,29053,-0.2525025500213627,0.8404659821066829,0.895,0.5786,0.580375,0.580875,29019
29019,0.04033895929203027,29051,0.08666819187626637,0.8404659821066829,0.895,0.4085,0.412625,0.408125,29051
29019,0.04033895929203027,29135,-0.1450573878093607,0.8404659821066829,0.895,0.4765,0.488625,0.477375,29019
29019,0.04033895929203027,29089,-0.20403830362506398,0.8404659821066829,0.895,0.5279,0.53125,0.532875,29019
30033,-0.42402052010839486,30017,0.013803294444940354,0.8404659821066829,0.895,0.7198,0.72475,0.725,30017
30033,-0.42402052010839486,30079,-0.357527717550569,0.8404659821066829,0.895,0.4113,0.4105,0.407125,30079
35029,-1.0883595808377755,35051,-0.8016013972699206,0.8404659821066829,0.895,0.5635,0.56325,0.567125,35051
35029,-1.0883595808377755,35013,-0.942573469939104,0.8404659821066829,0.895,0.4378,0.45225,0.451,35013
35029,-1.0883595808377755,35023,-1.0244931952180527,0.8404659821066829,0.895,0.4035,0.413625,0.41125,35023
36071,-0.13461122333537084,36027,-0.045291553669281254,0.8404659821066829,0.895,0.4165,0.424875,0.416625,36027
36071,-0.13461122333537084,36079,0.0010016545929707938,0.8404659821066829,0.895,0.4386,0.449125,0.458875,36079
36071,-0.13461122333537084,36087,-0.5464554382462833,0.8404659821066829,0.895,0.6937,0.699875,0.69975,36071
36071,-0.13461122333537084,34037,-0.032508042529244593,0.8404659821066829,0.895,0.4286,0.426375,0.431875,34037
37023,0.2715396127090262,37111,0.0814280111030607,0.8404659821066829,0.895,0.4865,0.493375,0.490125,37023
37023,0.2715396127090262,37035,0.26440763534375017,0.8404659821066829,0.895,0.3939,0.404625,0.400625,37023
37023,0.2715396127090262,37045,0.24939216682376947,0.8404659821066829,0.895,0.4002,0.40425,0.406125,37023
37023,0.2715396127090262,37109,0.20355249548331017,0.8404659821066829,0.895,0.4109,0.415875,0.407375,37023
37023,0.2715396127090262,37011,0.26099163943435433,0.8404659821066829,0.895,0.3988,0.40275,0.3975,37023
40003,-0.2810204542890438,20007,0.1914132409553301,0.8404659821066829,0.895,0.7574,0.78325,0.770125,20007
40003,-0.2810204542890438,40151,-0.2394966770617426,0.8404659821066829,0.895,0.406,0.402125,0.403375,40151
40003,-0.2810204542890438,20077,0.09056631445706465,0.8404659821066829,0.895,0.6454,0.659625,0.648125,20077
40003,-0.2810204542890438,40093,-0.269460172310701,0.8404659821066829,0.895,0.4073,0.4055,0.4035,40093
40003,-0.2810204542890438,40047,-0.02547080971178364,0.8404659821066829,0.895,0.5406,0.562375,0.55,40047
40089,0.6894557702722346,5113,0.21285064808898013,0.8404659821066829,0.895,0.7689,0.7955,0.79025,40089
40089,0.6894557702722346,40127,0.8442122498570575,0.8404659821066829,0.895,0.4546,0.4495,0.454125,40127
45047,-0.34576263899067755,45081,-0.4191276782965743,0.8404659821066829,0.895,0.4092,0.405,0.407875,45047
45047,-0.34576263899067755,45037,-0.4357954440469279,0.8404659821066829,0.895,0.4151,0.42575,0.41775,45047
45047,-0.34576263899067755,45059,0.03366601218179193,0.8404659821066829,0.895,0.6611,0.671125,0.664625,45059
45047,-0.34576263899067755,45001,-0.13857554622457183,0.8404659821066829,0.895,0.4909,0.484,0.495625,45001
47065,0.2878380880172133,47011,0.30467797552152753,0.8404659821066829,0.895,0.4054,0.399625,0.40175,47011
47065,0.2878380880172133,13295,0.9489295392712018,0.8404659821066829,0.895,0.9309,0.94075,0.936375,13295
47065,0.2878380880172133,13083,1.1321672073117806,0.8404659821066829,0.895,0.9718,0.976875,0.975875,13083
47065,0.2878380880172133,47007,-0.1493864303337035,0.8404659821066829,0.895,0.7364,0.74725,0.737125,47065
47065,0.2878380880172133,47115,0.859499740491843,0.8404659821066829,0.895,0.8575,0.866125,0.858375,47115
47065,0.2878380880172133,13047,0.32149790968235303,0.8404659821066829,0.895,0.4002,0.408875,0.402875,13047
47065,0.2878380880172133,47153,0.4600279526677927,0.8404659821066829,0.895,0.4724,0.475625,0.471,47153
48065,0.17528947812431464,48179,0.5618569232294396,0.8404659821066829,0.895,0.652,0.660125,0.655625,48179
48065,0.17528947812431464,48393,0.5091108547914599,0.8404659821066829,0.895,0.6217,0.6265,0.618375,48393
48065,0.17528947812431464,48233,0.15251145389304274,0.8404659821066829,0.895,0.4077,0.4015,0.40025,48065
48065,0.17528947812431464,48375,0.21595788346255085,0.8404659821066829,0.895,0.4028,0.408,0.404,48375
48245,0.07142109944994318,48361,0.2601237124720697,0.8404659821066829,0.895,0.4807,0.473375,0.47325,48361
48245,0.07142109944994318,22023,-0.08379178826697421,0.8404659821066829,0.895,0.4474,0.468375,0.465875,48245
48245,0.07142109944994318,48291,0.8623010881590067,0.8404659821066829,0.895,0.9493,0.949875,0.953,48291
48339,0.3808414403216675,48407,0.6138186379659678,0.8404659821066829,0.895,0.5081,0.5155,0.51225,48407
48339,0.3808414403216675,48291,0.8623010881590067,0.8404659821066829,0.895,0.7615,0.772125,0.775,48291
48339,0.3808414403216675,48201,0.24450014005256526,0.8404659821066829,0.895,0.4412,0.441,0.448125,48339
48339,0.3808414403216675,48471,0.22492518894426838,0.8404659821066829,0.895,0.4481,0.461375,0.46475,48339
49013,-0.5558925833130988,49009,-0.9952878996856874,0.8404659821066829,0.895,0.7128,0.7325,0.723,49013
51095,0.04059602119898653,51097,0.4288669311470311,0.8404659821066829,0.895,0.6837,0.684625,0.68325,51097
51095,0.04059602119898653,51700,-0.0866365216354788,0.8404659821066829,0.895,0.4347,0.443625,0.445,51095
51095,0.04059602119898653,51830,-0.09407397571076795,0.8404659821066829,0.895,0.4336,0.442,0.4225,51095
53021,-0.2468760735416561,53075,-0.2752541034228233,0.8404659821066829,0.895,0.407,0.40825,0.399875,53021
53021,-0.2468760735416561,53001,-0.458517006809693,0.8404659821066829,0.895,0.4827,0.502375,0.48625,53021
53021,-0.2468760735416561,53071,-0.27915904448822837,0.8404659821066829,0.895,0.4013,0.402375,0.4065,53021
53021,-0.2468760735416561,53013,-0.17388077073581973,0.8404659821066829,0.895,0.4076,0.406625,0.404375,53013
53075,-0.2752541034228233,53001,-0.458517006809693,0.8404659821066829,0.895,0.4671,0.47225,0.475375,53075
53075,-0.2752541034228233,16009,-0.13001635696944558,0.8404659821066829,0.895,0.4547,0.468125,0.448875,16009
53075,-0.2752541034228233,53003,-0.6017408610060316,0.8404659821066829,0.895,0.6111,0.622,0.640875,53075
53075,-0.2752541034228233,53013,-0.17388077073581973,0.8404659821066829,0.895,0.4285,0.4205,0.420625,53013
53075,-0.2752541034228233,53063,-0.1952342096827739,0.8404659821066829,0.895,0.4139,0.417875,0.409625,53063
53075,-0.2752541034228233,16057,-0.34765939455076744,0.8404659821066829,0.895,0.406,0.414125,0.408,53075
53075,-0.2752541034228233,53023,-0.36821875913152285,0.8404659821066829,0.895,0.4218,0.4235,0.422125,53075
56013,-0.3409067625013411,56025,-0.3267709535388978,0.8404659821066829,0.895,0.3987,0.403875,0.398375,56025
56013,-0.3409067625013411,56017,-0.19667170944456294,0.8404659821066829,0.895,0.4423,0.4265,0.4345,56017
56013,-0.3409067625013411,56037,-0.7231776108494663,0.8404659821066829,0.895,0.6937,0.697375,0.7085,56013
56013,-0.3409067625013411,56007,-0.4047153307112587,0.8404659821066829,0.895,0.4087,0.411375,0.410875,56013
56013,-0.3409067625013411,56043,-0.4223427934289818,0.8404659821066829,0.895,0.4107,0.416625,0.421,56013
39069,-0.5503317272762116,39051,-0.6802619257307327,0.8404659821066829,0.895,0.4363,0.4345,0.44425,39069
39069,-0.5503317272762116,39137,-0.42744440178586784,0.8404659821066829,0.895,0.4289,0.44025,0.4465,39137
39069,-0.5503317272762116,39173,-0.24526083087281103,0.8404659821066829,0.895,0.5785,0.5865,0.58575,39173
41015,-0.05123840369710879,6015,-0.055633637804765365,0.8404659821066829,0.895,0.3966,0.396875,0.39775,41015
41015,-0.05123840369710879,41011,0.1941664097989078,0.8404659821066829,0.895,0.4944,0.508125,0.501375,41011
41015,-0.05123840369710879,41033,-0.0666046078804641,0.8404659821066829,0.895,0.3994,0.399625,0.400875,41015
41035,-0.35773359630863194,41029,-0.35027146112306845,0.8404659821066829,0.895,0.3963,0.406375,0.398,41029
41035,-0.35773359630863194,6049,-0.5777968709232922,0.8404659821066829,0.895,0.5056,0.51425,0.509875,41035
41035,-0.35773359630863194,41037,-0.713059397945544,0.8404659821066829,0.895,0.6403,0.6535,0.64925,41035
42071,-0.28185701543332375,42133,-0.13385874419088065,0.8404659821066829,0.895,0.4476,0.452625,0.45325,42133
42071,-0.28185701543332375,42075,-0.25816407301069194,0.8404659821066829,0.895,0.4051,0.40625,0.401125,42075
42071,-0.28185701543332375,42011,-0.38541589269371546,0.8404659821066829,0.895,0.4276,0.434875,0.429875,42071
44007,-0.07902685611262539,44001,-0.23973731937213488,0.8404659821066829,0.895,0.4465,0.440625,0.445,44007
44007,-0.07902685611262539,44003,0.1477246288022044,0.8404659821066829,0.895,0.4979,0.5,0.50825,44003
44007,-0.07902685611262539,9015,0.020519590594881305,0.8404659821066829,0.895,0.4217,0.42175,0.425375,9015
45067,0.3148635529593182,45033,0.744429608581542,0.8404659821066829,0.895,0.6952,0.7165,0.691125,45033
46041,-0.24829064847214022,46117,0.1506846326254345,0.8404659821066829,0.895,0.6775,0.70075,0.706,46117
46041,-0.24829064847214022,46031,-0.9322812758734668,0.8404659821066829,0.895,0.9183,0.917125,0.917625,46041
46041,-0.24829064847214022,46107,-0.4203748227856182,0.8404659821066829,0.895,0.4709,0.463375,0.458125,46041
46041,-0.24829064847214022,46119,-0.2575071075703654,0.8404659821066829,0.895,0.3921,0.40525,0.402875,46041
46041,-0.24829064847214022,46129,-0.4521555027109298,0.8404659821066829,0.895,0.4915,0.478875,0.474375,46041
46117,0.1506846326254345,46075,0.06904463723130128,0.8404659821066829,0.895,0.4147,0.41175,0.4045,46117
46117,0.1506846326254345,46119,-0.2575071075703654,0.8404659821066829,0.895,0.6848,0.680625,0.698375,46117
46117,0.1506846326254345,46065,-0.23238540056133952,0.8404659821066829,0.895,0.6484,0.64775,0.6445,46117
47045,0.7043137391126268,47097,0.4622999097222706,0.8404659821066829,0.895,0.5218,0.532625,0.533875,47045
47045,0.7043137391126268,47131,0.747432447582451,0.8404659821066829,0.895,0.4039,0.40725,0.405625,47131
47045,0.7043137391126268,29155,1.038843063977328,0.8404659821066829,0.895,0.6163,0.62125,0.633,29155
47045,0.7043137391126268,47095,1.5076611907789557,0.8404659821066829,0.895,0.9513,0.9575,0.957375,47095
47185,0.5151266072418937,47175,-0.10401228386115856,0.8404659821066829,0.895,0.857,0.862125,0.854375,47185
47185,0.5151266072418937,47177,0.5450188883013527,0.8404659821066829,0.895,0.4044,0.4015,0.398,47177
48055,-0.003915014822288138,48177,-0.06969655875577972,0.8404659821066829,0.895,0.4079,0.415125,0.40125,48055
48055,-0.003915014822288138,48021,0.40595682063258637,0.8404659821066829,0.895,0.6837,0.706,0.69025,48021
48055,-0.003915014822288138,48149,-0.19157297127131354,0.8404659821066829,0.895,0.4898,0.476875,0.4855,48055
48055,-0.003915014822288138,48209,-0.12767534169444159,0.8404659821066829,0.895,0.4352,0.43325,0.430375,48055
48161,0.5566473241243972,48289,0.9663981553795252,0.8404659821066829,0.895,0.6816,0.68975,0.688,48289
48161,0.5566473241243972,48293,0.8036045811247442,0.8404659821066829,0.895,0.5325,0.53225,0.527125,48293
48289,0.9663981553795252,48293,0.8036045811247442,0.8404659821066829,0.895,0.4691,0.457375,0.465,48289
48423,0.30650658039780354,48467,0.5932482000749868,0.8404659821066829,0.895,0.5715,0.575625,0.58275,48467
48423,0.30650658039780354,48183,0.4979724671156557,0.8404659821066829,0.895,0.48,0.4905,0.484875,48183
48423,0.30650658039780354,48401,0.3924982495676536,0.8404659821066829,0.895,0.4214,0.419,0.423375,48401
49017,-1.0888502439702816,49001,-0.717465946662003,0.8404659821066829,0.895,0.6599,0.646,0.646875,49001
49017,-1.0888502439702816,49021,-0.8583466324649186,0.8404659821066829,0.895,0.512,0.520625,0.514125,49021
49017,-1.0888502439702816,49031,-1.0527845013558332,0.8404659821066829,0.895,0.4032,0.403,0.40125,49031
49017,-1.0888502439702816,49055,-1.0301304572318295,0.8404659821066829,0.895,0.4089,0.407125,0.404625,49055
50017,0.08330410882645524,50001,0.126132063891754,0.8404659821066829,0.895,0.4078,0.4075,0.408875,50001
50017,0.08330410882645524,50023,0.1941726293820623,0.8404659821066829,0.895,0.427,0.426125,0.426375,50023
50017,0.08330410882645524,50005,-0.01484674294758901,0.8404659821066829,0.895,0.4232,0.413875,0.4325,50017
51059,-0.14599587603688402,51153,-0.019040042665412354,0.8404659821066829,0.895,0.4442,0.435,0.4345,51153
51059,-0.14599587603688402,51013,0.018276413341068963,0.8404659821066829,0.895,0.4566,0.462875,0.459375,51013
51059,-0.14599587603688402,24017,0.1397805795083404,0.8404659821066829,0.895,0.5569,0.552625,0.550625,24017
51059,-0.14599587603688402,51600,-0.2563469055288656,0.8404659821066829,0.895,0.4246,0.42,0.413625,51059
51059,-0.14599587603688402,51610,0.06940218264019639,0.8404659821066829,0.895,0.4877,0.500375,0.487875,51610
51059,-0.14599587603688402,51510,-0.1174556360973228,0.8404659821066829,0.895,0.4035,0.3985,0.397375,51510
51139,-0.24056847391025157,51187,0.420177798546294,0.8404659821066829,0.895,0.8928,0.898,0.905125,51187
51139,-0.24056847391025157,51079,-0.23368985735046066,0.8404659821066829,0.895,0.4014,0.403625,0.4035,51079
51139,-0.24056847391025157,51165,-0.38777107805936073,0.8404659821066829,0.895,0.4548,0.453,0.455,51139
54047,0.8606798468570079,54055,0.24742830313204517,0.8404659821066829,0.895,0.8655,0.874375,0.873625,54047
55007,-0.0891983750402115,55031,0.15114134410603428,0.8404659821066829,0.895,0.5044,0.49725,0.500875,55031
55007,-0.0891983750402115,55113,0.040519996401158456,0.8404659821066829,0.895,0.4299,0.435,0.428875,55113
56003,-0.20845232636125557,56019,-0.09656625529943402,0.8404659821066829,0.895,0.4286,0.42375,0.426,56019
56003,-0.20845232636125557,56043,-0.4223427934289818,0.8404659821066829,0.895,0.4994,0.50275,0.503625,56003
1085,0.00394442062007909,1013,0.06827129052685459,0.8404659821066829,0.895,0.4124,0.40525,0.4125,1013
5015,-0.19424538923389936,5009,-0.015795010210518563,0.8404659821066829,0.895,0.4744,0.454875,0.455125,5009
5015,-0.19424538923389936,29009,-0.14843752860422565,0.8404659821066829,0.895,0.4028,0.40675,0.411,29009
5015,-0.19424538923389936,5087,0.10421538718654351,0.8404659821066829,0.895,0.5854,0.579625,0.58425,5087
5015,-0.19424538923389936,5101,0.3448581235447721,0.8404659821066829,0.895,0.8135,0.8225,0.808,5101
5015,-0.19424538923389936,29209,-0.3369723852623346,0.8404659821066829,0.895,0.4374,0.454375,0.452375,5015
5015,-0.19424538923389936,29213,-0.16453848105111224,0.8404659821066829,0.895,0.402,0.40575,0.400875,29213
6041,-0.3706794979584297,6075,-0.26472904993277263,0.8404659821066829,0.895,0.4192,0.418625,0.42025,6075
6041,-0.3706794979584297,6097,-0.2902395026310515,0.8404659821066829,0.895,0.4095,0.406875,0.400375,6097
18125,-0.11883659670170528,18173,0.2449864328696481,0.8404659821066829,0.895,0.6477,0.6475,0.662,18173
18125,-0.11883659670170528,18037,-0.0938297367262549,0.8404659821066829,0.895,0.3995,0.4025,0.3985,18037
19107,-0.5220457013605231,19183,-0.6511271175153756,0.8404659821066829,0.895,0.4425,0.4305,0.442625,19107
19107,-0.5220457013605231,19095,-0.558600486371563,0.8404659821066829,0.895,0.409,0.401375,0.4075,19107
19107,-0.5220457013605231,19101,-0.5034428619424924,0.8404659821066829,0.895,0.3988,0.39325,0.397375,19101
19107,-0.5220457013605231,19123,-0.08581870809069658,0.8404659821066829,0.895,0.7177,0.72875,0.726,19123
19107,-0.5220457013605231,19179,-0.10831057786278825,0.8404659821066829,0.895,0.6878,0.693875,0.691625,19179
19107,-0.5220457013605231,19157,-0.5562586149383043,0.8404659821066829,0.895,0.4053,0.40475,0.403,19107
21043,0.6134810456426322,21019,0.30291306136140733,0.8404659821066829,0.895,0.5878,0.61275,0.593375,21043
22053,0.1242967443812412,22023,-0.08379178826697421,0.8404659821066829,0.895,0.4916,0.479875,0.486375,22053
22053,0.1242967443812412,22003,-0.4635751582094879,0.8404659821066829,0.895,0.8442,0.85025,0.846875,22053
22053,0.1242967443812412,22019,0.028172470029131143,0.8404659821066829,0.895,0.4175,0.419625,0.423625,22053
22091,0.08311315373373736,28005,-0.1865821633872379,0.8404659821066829,0.895,0.5452,0.54525,0.548625,22091
24037,0.3042233873813877,24017,0.1397805795083404,0.8404659821066829,0.895,0.4408,0.443625,0.444875,24037
8097,-0.981221322828917,8045,-0.5865589373295909,0.8404659821066829,0.895,0.6918,0.710875,0.694625,8045
8097,-0.981221322828917,8037,-0.9364207807225241,0.8404659821066829,0.895,0.403,0.40275,0.401875,8037
8097,-0.981221322828917,8065,-1.006639650131146,0.8404659821066829,0.895,0.3983,0.399875,0.401875,8097
12089,0.3945362352266347,12003,0.9129016020965166,0.8404659821066829,0.895,0.7996,0.7975,0.8055,12003
13079,0.2863366534684434,13293,0.1262442458397602,0.8404659821066829,0.895,0.4604,0.463125,0.4585,13079
13079,0.2863366534684434,13207,0.008376773557630104,0.8404659821066829,0.895,0.5559,0.574375,0.573625,13079
13079,0.2863366534684434,13225,0.9369608103803001,0.8404659821066829,0.895,0.8731,0.887125,0.8885,13225
17185,0.3620492697927915,17193,0.6062246359201354,0.8404659821066829,0.895,0.5293,0.535,0.526,17193
17185,0.3620492697927915,17159,0.1467720553202094,0.8404659821066829,0.895,0.5026,0.5165,0.5075,17185
17185,0.3620492697927915,17101,-0.039224596052376534,0.8404659821066829,0.895,0.664,0.682,0.687375,17185
18031,0.19146173329989474,18145,-0.023688681842098207,0.8404659821066829,0.895,0.5039,0.508875,0.494,18031
18031,0.19146173329989474,18139,0.21740901078502697,0.8404659821066829,0.895,0.4032,0.40075,0.40075,18139
18031,0.19146173329989474,18005,0.5061673527569166,0.8404659821066829,0.895,0.5994,0.591875,0.619,18005
18031,0.19146173329989474,18047,-0.0345988376660177,0.8404659821066829,0.895,0.5098,0.520625,0.514,18031
18031,0.19146173329989474,18079,0.8149623924305477,0.8404659821066829,0.895,0.8708,0.873625,0.8865,18079
18031,0.19146173329989474,18137,0.5268356102957752,0.8404659821066829,0.895,0.6171,0.6285,0.644,18137
37069,0.06181536848567356,37077,0.18362064475238526,0.8404659821066829,0.895,0.432,0.43575,0.430875,37077
37069,0.06181536848567356,37181,-0.03596289770155771,0.8404659821066829,0.895,0.4204,0.421625,0.424375,37069
37069,0.06181536848567356,37185,-0.39519340079878984,0.8404659821066829,0.895,0.7332,0.73825,0.735,37069
37111,0.0814280111030607,37011,0.26099163943435433,0.8404659821066829,0.895,0.4764,0.484875,0.483125,37011
26073,-0.12247354352532236,26111,-0.3295299559762313,0.8404659821066829,0.895,0.4876,0.495375,0.487625,26073
26073,-0.12247354352532236,26057,-0.6812356614215578,0.8404659821066829,0.895,0.828,0.832875,0.834,26073
26073,-0.12247354352532236,26107,-0.22431474597148962,0.8404659821066829,0.895,0.4188,0.426125,0.415,26073
26073,-0.12247354352532236,26117,-0.28697784919192515,0.8404659821066829,0.895,0.4612,0.472625,0.46325,26073
26073,-0.12247354352532236,26035,0.21768745374861256,0.8404659821066829,0.895,0.6023,0.61225,0.596875,26035
29041,-0.2462264669514977,29175,-0.0038826859335084484,0.8404659821066829,0.895,0.5306,0.511125,0.52525,29175
29041,-0.2462264669514977,29115,0.08787547241377974,0.8404659821066829,0.895,0.6195,0.62175,0.6325,29115
29041,-0.2462264669514977,29117,0.07395070445565756,0.8404659821066829,0.895,0.6105,0.611375,0.62775,29117
29041,-0.2462264669514977,29121,-0.09969167766383019,0.8404659821066829,0.895,0.453,0.456375,0.4565,29121
29041,-0.2462264669514977,29089,-0.20403830362506398,0.8404659821066829,0.895,0.4034,0.395625,0.404,29089
29175,-0.0038826859335084484,29007,0.026089294454516868,0.8404659821066829,0.895,0.3946,0.40125,0.405625,29007
29175,-0.0038826859335084484,29137,-0.15043023587090762,0.8404659821066829,0.895,0.4523,0.446,0.4515,29175
29175,-0.0038826859335084484,29121,-0.09969167766383019,0.8404659821066829,0.895,0.4241,0.413,0.4155,29175
29175,-0.0038826859335084484,29089,-0.20403830362506398,0.8404659821066829,0.895,0.4791,0.479625,0.48025,29175
30015,-0.5260394880758764,30099,-0.27166421376512695,0.8404659821066829,0.895,0.5392,0.554125,0.548625,30099
30015,-0.5260394880758764,30041,-0.5371565762724254,0.8404659821066829,0.895,0.3999,0.39575,0.404625,30015
30015,-0.5260394880758764,30051,-1.042160889473046,0.8404659821066829,0.895,0.79,0.801625,0.815,30015
32003,-0.2610237277324813,32017,-0.6013742017576005,0.8404659821066829,0.895,0.6214,0.628,0.638,32003
32003,-0.2610237277324813,32023,-0.034152502036470515,0.8404659821066829,0.895,0.5144,0.500875,0.511625,32023
35051,-0.8016013972699206,35013,-0.942573469939104,0.8404659821066829,0.895,0.4453,0.4435,0.444875,35051
35051,-0.8016013972699206,35053,-1.1661975081910492,0.8404659821066829,0.895,0.6586,0.674125,0.6725,35051
35051,-0.8016013972699206,35003,-1.4394621658331619,0.8404659821066829,0.895,0.8875,0.901875,0.89575,35051
35051,-0.8016013972699206,35027,-1.1030169556562541,0.8404659821066829,0.895,0.5944,0.593375,0.582125,35051
35051,-0.8016013972699206,35035,-0.9264009438277871,0.8404659821066829,0.895,0.4363,0.43075,0.438,35051
48173,-0.06396253779429582,48227,0.13544096629766753,0.8404659821066829,0.895,0.4825,0.47525,0.478125,48227
48173,-0.06396253779429582,48317,0.04491036369103591,0.8404659821066829,0.895,0.4292,0.422375,0.421375,48317
48173,-0.06396253779429582,48431,0.26548585969356653,0.8404659821066829,0.895,0.6006,0.61225,0.59675,48431
48223,0.553704827239018,48159,0.478541015258259,0.8404659821066829,0.895,0.4113,0.417625,0.415125,48223
48223,0.553704827239018,48231,0.6477572854237927,0.8404659821066829,0.895,0.4169,0.4205,0.418125,48231
51015,-0.1771468782228278,51163,-0.1998385329414436,0.8404659821066829,0.895,0.4067,0.409125,0.40625,51015
51015,-0.1771468782228278,51165,-0.38777107805936073,0.8404659821066829,0.895,0.5069,0.505875,0.525125,51015
51015,-0.1771468782228278,51790,0.1271209925249659,0.8404659821066829,0.895,0.5488,0.56325,0.556875,51790
51015,-0.1771468782228278,51820,-0.19037404826105142,0.8404659821066829,0.895,0.4047,0.40225,0.404,51015
51015,-0.1771468782228278,51003,0.0648142861109723,0.8404659821066829,0.895,0.5435,0.557,0.561875,51003
51153,-0.019040042665412354,51685,-0.023661799651353926,0.8404659821066829,0.895,0.3962,0.399125,0.395,51153
51153,-0.019040042665412354,51683,-0.2918425747861426,0.8404659821066829,0.895,0.5251,0.524,0.534125,51153
53067,0.004568793642174722,53027,0.12908944288052257,0.8404659821066829,0.895,0.4317,0.4335,0.4305,53027
54085,-0.07154780103931209,54013,0.10931268063422551,0.8404659821066829,0.895,0.4754,0.482375,0.480625,54013
54085,-0.07154780103931209,54105,0.29902984758039364,0.8404659821066829,0.895,0.6497,0.651,0.657375,54105
48391,0.4265716224942761,48175,-0.06585467485992916,0.8404659821066829,0.895,0.7612,0.781875,0.78625,48391
48437,-0.28923558923362,48153,0.008352312459552914,0.8404659821066829,0.895,0.5684,0.589625,0.578875,48153
48437,-0.28923558923362,48189,-0.42751210074241647,0.8404659821066829,0.895,0.4446,0.450875,0.446125,48437
48437,-0.28923558923362,48069,-0.31957246347457674,0.8404659821066829,0.895,0.396,0.399125,0.399,48437
48437,-0.28923558923362,48381,-0.17880410905901953,0.8404659821066829,0.895,0.431,0.415875,0.423625,48381
48437,-0.28923558923362,48045,0.3074224551853419,0.8404659821066829,0.895,0.8555,0.87625,0.879625,48045
50009,-0.24154702026414335,50019,-0.27606350032797344,0.8404659821066829,0.895,0.4034,0.407375,0.39925,50009
50009,-0.24154702026414335,50005,-0.01484674294758901,0.8404659821066829,0.895,0.4997,0.507625,0.511,50005
39123,-0.3654866602782581,39143,-0.34450468069711926,0.8404659821066829,0.895,0.3987,0.402,0.401125,39143
39123,-0.3654866602782581,39173,-0.24526083087281103,0.8404659821066829,0.895,0.4346,0.4215,0.422875,39173
41001,-0.4633767117988236,41063,-0.6729333649471657,0.8404659821066829,0.895,0.5067,0.507375,0.504875,41001
42003,-0.2937815161120827,42007,-0.3901879769880112,0.8404659821066829,0.895,0.4273,0.421875,0.4135,42003
42003,-0.2937815161120827,42019,-0.346444615791472,0.8404659821066829,0.895,0.4032,0.4075,0.407875,42003
45003,-0.1184195175436868,45081,-0.4191276782965743,0.8404659821066829,0.895,0.5816,0.578,0.5795,45003
45003,-0.1184195175436868,45011,-0.0969524141263196,0.8404659821066829,0.895,0.4009,0.399,0.397375,45011
45003,-0.1184195175436868,45037,-0.4357954440469279,0.8404659821066829,0.895,0.6037,0.616875,0.605,45003
45069,1.4239431028289629,37153,0.4767149528027565,0.8404659821066829,0.895,0.9796,0.983625,0.982125,45069
45069,1.4239431028289629,45033,0.744429608581542,0.8404659821066829,0.895,0.9014,0.916,0.91725,45069
46075,0.06904463723130128,46071,-0.17375794185952878,0.8404659821066829,0.895,0.5155,0.5235,0.5325,46075
47029,0.658417614316895,47089,0.307385242076179,0.8404659821066829,0.895,0.6263,0.632,0.610375,47029
47057,1.069700062066605,47173,1.1280014805250338,0.8404659821066829,0.895,0.4078,0.40525,0.414,47173
47057,1.069700062066605,47067,1.0180244178913371,0.8404659821066829,0.895,0.4044,0.406375,0.412875,47057
47057,1.069700062066605,47089,0.307385242076179,0.8404659821066829,0.895,0.9363,0.948375,0.943,47057
47129,0.9057667547151684,47049,1.347721552908234,0.8404659821066829,0.895,0.7169,0.72725,0.721875,47049
1061,0.5813796431193289,1039,0.6367378082207026,0.8404659821066829,0.895,0.4074,0.406625,0.40375,1039
1061,0.5813796431193289,1045,0.748460061092002,0.8404659821066829,0.895,0.4591,0.460875,0.46075,1045
1061,0.5813796431193289,12059,0.48056150075045845,0.8404659821066829,0.895,0.4253,0.421625,0.423,1061
1061,0.5813796431193289,12063,0.24228441605523376,0.8404659821066829,0.895,0.6395,0.644875,0.64475,1061
1061,0.5813796431193289,1031,0.4489912329776404,0.8404659821066829,0.895,0.4404,0.44425,0.454625,1061
1067,0.3700769360847274,1045,0.748460061092002,0.8404659821066829,0.895,0.6585,0.677875,0.66325,1045
1067,0.3700769360847274,13099,0.29851968342403257,0.8404659821066829,0.895,0.4037,0.405375,0.4105,1067
1067,0.3700769360847274,13061,-0.0022060809722156895,0.8404659821066829,0.895,0.6492,0.6275,0.633375,1067
5009,-0.015795010210518563,5101,0.3448581235447721,0.8404659821066829,0.895,0.6398,0.63975,0.63875,5101
5009,-0.015795010210518563,29213,-0.16453848105111224,0.8404659821066829,0.895,0.4564,0.449,0.44675,5009
5009,-0.015795010210518563,5089,0.2962998602908356,0.8404659821066829,0.895,0.5741,0.597125,0.588875,5089
5009,-0.015795010210518563,5129,0.41908957924007273,0.8404659821066829,0.895,0.7234,0.718625,0.71475,5129
5023,0.01854210138800065,5137,-0.024924591576002905,0.8404659821066829,0.895,0.4013,0.404375,0.4075,5023
5023,0.01854210138800065,5141,-0.09859235286720432,0.8404659821066829,0.895,0.425,0.421125,0.432375,5023
5053,0.365566213206475,5125,-0.14751580865676048,0.8404659821066829,0.895,0.7832,0.809375,0.795875,5053
5053,0.365566213206475,5059,0.1511303045606714,0.8404659821066829,0.895,0.4997,0.511375,0.51075,5053
48361,0.2601237124720697,22023,-0.08379178826697421,0.8404659821066829,0.895,0.6142,0.63475,0.63175,48361
48361,0.2601237124720697,22019,0.028172470029131143,0.8404659821066829,0.895,0.5127,0.536875,0.526125,48361
48407,0.6138186379659678,48291,0.8623010881590067,0.8404659821066829,0.895,0.525,0.53,0.524625,48291
48407,0.6138186379659678,48471,0.22492518894426838,0.8404659821066829,0.895,0.6635,0.679375,0.678375,48407
48467,0.5932482000749868,48231,0.6477572854237927,0.8404659821066829,0.895,0.4111,0.406625,0.400625,48231
48467,0.5932482000749868,48257,0.6453708348749518,0.8404659821066829,0.895,0.3979,0.407625,0.400125,48257
40011,0.19270430003897537,40073,0.04978573908717482,0.8404659821066829,0.895,0.4494,0.4485,0.451125,40011
40011,0.19270430003897537,40015,0.3648429370908348,0.8404659821066829,0.895,0.4684,0.472875,0.462375,40015
40011,0.19270430003897537,40093,-0.269460172310701,0.8404659821066829,0.895,0.7535,0.7545,0.758625,40011
40011,0.19270430003897537,40017,0.10237561243930865,0.8404659821066829,0.895,0.4219,0.43075,0.425875,40011
40011,0.19270430003897537,40039,0.5319474150826023,0.8404659821066829,0.895,0.6225,0.631625,0.630125,40039
40067,0.6706039244733653,40019,0.7500455068615641,0.8404659821066829,0.895,0.414,0.416125,0.411375,40019
40067,0.6706039244733653,40033,0.4243748423630569,0.8404659821066829,0.895,0.5264,0.533375,0.53375,40067
40067,0.6706039244733653,48077,0.6324907791049648,0.8404659821066829,0.895,0.4035,0.39875,0.40275,40067
40067,0.6706039244733653,40085,0.48424066296856255,0.8404659821066829,0.895,0.4767,0.474375,0.486875,40067
40067,0.6706039244733653,48337,0.9222709981610364,0.8404659821066829,0.895,0.5346,0.549375,0.54575,48337
40067,0.6706039244733653,40137,0.395355052206655,0.8404659821066829,0.895,0.5508,0.567,0.5775,40067
41003,-0.173303885658402,41041,-0.07510693383025971,0.8404659821066829,0.895,0.4192,0.4205,0.413125,41041
41003,-0.173303885658402,41053,-0.3737225100549975,0.8404659821066829,0.895,0.4814,0.47975,0.481125,41003
42133,-0.13385874419088065,42001,-0.22691035071456772,0.8404659821066829,0.895,0.4127,0.42075,0.41825,42133
45079,0.01710044487898749,45039,0.17833919392953393,0.8404659821066829,0.895,0.4647,0.457,0.461,45039
47019,0.15248003220758302,47171,0.283268199424863,0.8404659821066829,0.895,0.4383,0.44875,0.445625,47171
47019,0.15248003220758302,47179,0.2800621672591508,0.8404659821066829,0.895,0.4357,0.431625,0.436125,47179
47019,0.15248003220758302,37011,0.26099163943435433,0.8404659821066829,0.895,0.4248,0.437375,0.44125,37011
47049,1.347721552908234,47133,1.3226285060986092,0.8404659821066829,0.895,0.4008,0.402,0.39825,47049
47049,1.347721552908234,47137,0.8273162710065848,0.8404659821066829,0.895,0.7961,0.80175,0.79425,47049
47097,0.4622999097222706,47075,0.1891286548741309,0.8404659821066829,0.895,0.5476,0.54675,0.546875,47097
48023,0.6406229678498803,48275,0.21496741168971525,0.8404659821066829,0.895,0.674,0.68425,0.69125,48023
48023,0.6406229678498803,48009,0.24706553065096568,0.8404659821066829,0.895,0.6516,0.67125,0.66575,48023
48023,0.6406229678498803,48447,0.5014996057891842,0.8404659821066829,0.895,0.436,0.44025,0.44525,48023
48023,0.6406229678498803,48487,0.3770553888257899,0.8404659821066829,0.895,0.544,0.550625,0.54325,48023
21017,0.4004885275335525,21067,0.5212630576997511,0.8404659821066829,0.895,0.4281,0.43525,0.4385,21067
21017,0.4004885275335525,21173,0.7374468675170927,0.8404659821066829,0.895,0.6113,0.593625,0.606625,21173
6007,-0.3443405100613874,6063,-0.3187045426204608,0.8404659821066829,0.895,0.401,0.404625,0.403375,6063
8035,-0.5525071296749219,8039,-0.5510884209298123,0.8404659821066829,0.895,0.4011,0.40375,0.397375,8039
8035,-0.5525071296749219,8041,-0.6742304569479136,0.8404659821066829,0.895,0.438,0.439375,0.438875,8035
8035,-0.5525071296749219,8119,-1.0990782865103865,0.8404659821066829,0.895,0.7955,0.814875,0.80925,8035
12053,0.16985928603755532,12101,0.18235551558537627,0.8404659821066829,0.895,0.4012,0.39825,0.400375,12101
13075,0.4423015754477712,13071,0.4484667022503827,0.8404659821066829,0.895,0.3993,0.39925,0.406125,13071
13075,0.4423015754477712,13277,0.2089726240656979,0.8404659821066829,0.895,0.5184,0.51975,0.5235,13075
13219,0.20964372216837068,13211,0.0717297531567166,0.8404659821066829,0.895,0.4414,0.438375,0.44925,13219
13219,0.20964372216837068,13059,0.42013337327760936,0.8404659821066829,0.895,0.4914,0.498625,0.49425,13059
13219,0.20964372216837068,13297,0.3139680472883748,0.8404659821066829,0.895,0.4215,0.435625,0.429625,13297
17125,0.3913557570855292,17107,0.1614257395274211,0.8404659821066829,0.895,0.5249,0.530625,0.530125,17125
17125,0.3913557570855292,17057,0.15712051120015436,0.8404659821066829,0.895,0.5235,0.523625,0.519375,17125
17125,0.3913557570855292,17169,0.12773162345409036,0.8404659821066829,0.895,0.5454,0.551875,0.564,17125
17125,0.3913557570855292,17179,0.26691781631470934,0.8404659821066829,0.895,0.4347,0.43575,0.43025,17125
17189,-0.1221364457930695,17163,-0.01568276438951038,0.8404659821066829,0.895,0.4317,0.428875,0.42925,17163
17189,-0.1221364457930695,17121,0.2585778506818727,0.8404659821066829,0.895,0.6664,0.670625,0.662125,17121
17189,-0.1221364457930695,17081,0.24862209825241785,0.8404659821066829,0.895,0.6513,0.65675,0.671875,17081
17189,-0.1221364457930695,17145,-0.022852790820351274,0.8404659821066829,0.895,0.4235,0.413375,0.41775,17145
17189,-0.1221364457930695,17157,-0.31093769812293115,0.8404659821066829,0.895,0.4828,0.481125,0.497375,17189
35011,-0.6716006681193185,35037,-0.6148724189176014,0.8404659821066829,0.895,0.4059,0.407,0.4075,35037
35011,-0.6716006681193185,35027,-1.1030169556562541,0.8404659821066829,0.895,0.7175,0.73275,0.723875,35011
35011,-0.6716006681193185,35005,-0.6571780486637464,0.8404659821066829,0.895,0.3992,0.39625,0.3985,35005
35011,-0.6716006681193185,35041,-0.7692448504247995,0.8404659821066829,0.895,0.4287,0.436875,0.41825,35011
36031,0.08201020686967386,50001,0.126132063891754,0.8404659821066829,0.895,0.4108,0.41125,0.405125,50001
36031,0.08201020686967386,36033,0.012958355559028582,0.8404659821066829,0.895,0.4099,0.409875,0.4085,36031
36031,0.08201020686967386,36041,0.3753035128273372,0.8404659821066829,0.895,0.5753,0.579875,0.581375,36041
36031,0.08201020686967386,50007,0.3075535192166133,0.8404659821066829,0.895,0.52,0.5195,0.524375,50007
40027,0.052277233475129165,40017,0.10237561243930865,0.8404659821066829,0.895,0.4099,0.40425,0.401,40017
40027,0.052277233475129165,40109,0.12332096587021206,0.8404659821066829,0.895,0.4076,0.408625,0.41825,40109
42097,-0.5042820168287498,42107,-0.2986245821766196,0.8404659821066829,0.895,0.5061,0.506125,0.50625,42107
42097,-0.5042820168287498,42093,-0.5323834017051527,0.8404659821066829,0.895,0.3994,0.400375,0.40325,42097
42097,-0.5042820168287498,42109,-0.6060380487450344,0.8404659821066829,0.895,0.4217,0.426875,0.42225,42097
42097,-0.5042820168287498,42119,-0.73689615383529,0.8404659821066829,0.895,0.5149,0.535875,0.534625,42097
42097,-0.5042820168287498,42081,-0.27557643245636976,0.8404659821066829,0.895,0.5298,0.53675,0.53325,42081
42097,-0.5042820168287498,42037,-0.3717210041471978,0.8404659821066829,0.895,0.4415,0.449625,0.435375,42037
21239,0.5484404361442797,21067,0.5212630576997511,0.8404659821066829,0.895,0.4065,0.403625,0.40175,21239
21239,0.5484404361442797,21113,0.4813146830779088,0.8404659821066829,0.895,0.4127,0.417875,0.400375,21239
21239,0.5484404361442797,21073,0.9336043843337062,0.8404659821066829,0.895,0.6763,0.6665,0.668,21073
22083,0.34375618211335374,22021,1.1447497623087246,0.8404659821066829,0.895,0.962,0.96825,0.968625,22021
27041,-0.39693996850463903,27121,-0.36830946166090445,0.8404659821066829,0.895,0.4008,0.4025,0.398875,27121
27041,-0.39693996850463903,27153,-0.3743862083884078,0.8404659821066829,0.895,0.4027,0.40175,0.399625,27153
27041,-0.39693996850463903,27051,-0.46177736593734653,0.8404659821066829,0.895,0.4066,0.409125,0.4085,27041
27041,-0.39693996850463903,27111,-0.42725948197309316,0.8404659821066829,0.895,0.3978,0.40225,0.410125,27041
28157,0.14005304647404423,28005,-0.1865821633872379,0.8404659821066829,0.895,0.6095,0.61625,0.609,28157
28157,0.14005304647404423,28037,-0.18779026881395047,0.8404659821066829,0.895,0.5987,0.609,0.60975,28157
28157,0.14005304647404423,28001,-0.031951520162066205,0.8404659821066829,0.895,0.4637,0.4475,0.45375,28157
48091,-0.08465613842143607,48031,-0.06920292370871052,0.8404659821066829,0.895,0.4043,0.397875,0.404875,48031
48091,-0.08465613842143607,48259,-0.014927359980468007,0.8404659821066829,0.895,0.4124,0.4075,0.409125,48259
48091,-0.08465613842143607,48209,-0.12767534169444159,0.8404659821066829,0.895,0.4035,0.40425,0.404375,48091
48179,0.5618569232294396,48483,0.7826468115527132,0.8404659821066829,0.895,0.4976,0.50375,0.50275,48483
48179,0.5618569232294396,48129,0.8964438221998487,0.8404659821066829,0.895,0.5885,0.609,0.615125,48129
48179,0.5618569232294396,48393,0.5091108547914599,0.8404659821066829,0.895,0.4025,0.4055,0.404625,48179
48421,0.36597979566907846,40025,0.14600512526208936,0.8404659821066829,0.895,0.5034,0.518125,0.52375,48421
48421,0.36597979566907846,40139,-0.056436227066780774,0.8404659821066829,0.895,0.7067,0.737125,0.733,48421
48483,0.7826468115527132,40009,0.42570766613116723,0.8404659821066829,0.895,0.6442,0.664125,0.66075,48483
48483,0.7826468115527132,40129,0.08880264607160568,0.8404659821066829,0.895,0.9064,0.92175,0.929375,48483
48483,0.7826468115527132,48087,0.8044684618581558,0.8404659821066829,0.895,0.3976,0.404875,0.398375,48087
48483,0.7826468115527132,48211,0.3226422665339701,0.8404659821066829,0.895,0.7215,0.744375,0.7335,48483
54013,0.10931268063422551,54015,0.46849982007531343,0.8404659821066829,0.895,0.6363,0.62425,0.626875,54015
54013,0.10931268063422551,54105,0.29902984758039364,0.8404659821066829,0.895,0.4809,0.4685,0.478,54105
56025,-0.3267709535388978,56009,-0.15062391487352894,0.8404659821066829,0.895,0.47,0.46575,0.468625,56009
56025,-0.3267709535388978,56019,-0.09656625529943402,0.8404659821066829,0.895,0.5149,0.508625,0.515,56019
56025,-0.3267709535388978,56007,-0.4047153307112587,0.8404659821066829,0.895,0.415,0.417125,0.420375,56025
56025,-0.3267709535388978,56043,-0.4223427934289818,0.8404659821066829,0.895,0.4158,0.421875,0.426625,56025
1007,0.2587775027502421,1021,0.45280337700734874,0.8404659821066829,0.895,0.4814,0.48375,0.496625,1021
1007,0.2587775027502421,1105,0.1321189548530092,0.8404659821066829,0.895,0.4382,0.45325,0.44125,1007
1007,0.2587775027502421,1125,0.41664367126345125,0.8404659821066829,0.895,0.4553,0.457,0.46575,1125
1021,0.45280337700734874,1037,0.08557808123311363,0.8404659821066829,0.895,0.651,0.661125,0.6635,1021
1021,0.45280337700734874,1105,0.1321189548530092,0.8404659821066829,0.895,0.5914,0.61775,0.63,1021
1027,0.14801109012207778,1029,0.7244369749165431,0.8404659821066829,0.895,0.847,0.862875,0.86225,1029
1027,0.14801109012207778,1037,0.08557808123311363,0.8404659821066829,0.895,0.4075,0.412375,0.411125,1027
1027,0.14801109012207778,1111,-0.0854080019713239,0.8404659821066829,0.895,0.5122,0.522875,0.523,1027
1027,0.14801109012207778,1123,0.15850749670970107,0.8404659821066829,0.895,0.3984,0.395625,0.398875,1123
1029,0.7244369749165431,13045,0.4685160642492034,0.8404659821066829,0.895,0.551,0.549375,0.551375,1029
1029,0.7244369749165431,1019,0.7192676107279325,0.8404659821066829,0.895,0.4034,0.39575,0.403375,1029
1029,0.7244369749165431,1111,-0.0854080019713239,0.8404659821066829,0.895,0.9645,0.972,0.970875,1029
1029,0.7244369749165431,1015,0.7895180628265788,0.8404659821066829,0.895,0.4105,0.39875,0.40225,1015
1037,0.08557808123311363,1123,0.15850749670970107,0.8404659821066829,0.895,0.4192,0.41375,0.413125,1123
1039,0.6367378082207026,12091,0.4909138519470849,0.8404659821066829,0.895,0.4481,0.451625,0.430375,1039
1039,0.6367378082207026,1013,0.06827129052685459,0.8404659821066829,0.895,0.8464,0.8705,0.86925,1039
1039,0.6367378082207026,1031,0.4489912329776404,0.8404659821066829,0.895,0.475,0.490625,0.49125,1039
1039,0.6367378082207026,1053,0.2933789511342414,0.8404659821066829,0.895,0.6429,0.659625,0.660375,1039
5079,-0.5076153646242445,5043,0.10520978085929153,0.8404659821066829,0.895,0.8552,0.8785,0.871,5043
5083,0.6191482939998614,5127,0.3111982798865806,0.8404659821066829,0.895,0.589,0.577,0.585125,5083
5083,0.6191482939998614,5047,0.40333941741650453,0.8404659821066829,0.895,0.4954,0.497375,0.499125,5083
5083,0.6191482939998614,5115,0.5049827193780939,0.8404659821066829,0.895,0.4237,0.42025,0.428375,5083
5083,0.6191482939998614,5071,0.42375361299171616,0.8404659821066829,0.895,0.4767,0.472375,0.47225,5083
6015,-0.055633637804765365,41033,-0.0666046078804641,0.8404659821066829,0.895,0.393,0.400125,0.3985,6015
6063,-0.3187045426204608,6035,-0.8683527875352298,0.8404659821066829,0.895,0.8141,0.8365,0.8255,6063
5125,-0.14751580865676048,5051,0.027425908089119252,0.8404659821066829,0.895,0.4672,0.462625,0.473875,5051
5125,-0.14751580865676048,5059,0.1511303045606714,0.8404659821066829,0.895,0.568,0.587125,0.581375,5059
5125,-0.14751580865676048,5105,0.16665730465412684,0.8404659821066829,0.895,0.5908,0.614,0.618375,5105
6031,-0.6421445659126604,6107,-0.5810119833403016,0.8404659821066829,0.895,0.4073,0.40425,0.40325,6107
6031,-0.6421445659126604,6029,-0.47691307144666345,0.8404659821066829,0.895,0.4607,0.461625,0.46425,6029
6107,-0.5810119833403016,6029,-0.47691307144666345,0.8404659821066829,0.895,0.4258,0.422125,0.42925,6029
8007,-1.240826645455704,8079,-0.9751227767331678,0.8404659821066829,0.895,0.5497,0.55075,0.546625,8079
8007,-1.240826645455704,8105,-1.1805268891810632,0.8404659821066829,0.895,0.4092,0.40375,0.40175,8105
8007,-1.240826645455704,8021,-1.3404604296159024,0.8404659821066829,0.895,0.4182,0.429875,0.428375,8007
8025,-1.4835140495382828,8061,-0.52118850829093,0.8404659821066829,0.895,0.983,0.9885,0.9845,8061
8025,-1.4835140495382828,8073,-0.9854994561197211,0.8404659821066829,0.895,0.766,0.797625,0.796,8073
8025,-1.4835140495382828,8089,-1.1581293542293343,0.8404659821066829,0.895,0.5944,0.61275,0.61225,8089
8025,-1.4835140495382828,8101,-1.0269722214081873,0.8404659821066829,0.895,0.7241,0.734625,0.7325,8101
8039,-0.5510884209298123,8041,-0.6742304569479136,0.8404659821066829,0.895,0.4274,0.442375,0.437,8039
8039,-0.5510884209298123,8073,-0.9854994561197211,0.8404659821066829,0.895,0.7124,0.724625,0.716625,8039
8045,-0.5865589373295909,8037,-0.9364207807225241,0.8404659821066829,0.895,0.6387,0.65225,0.6455,8045
8045,-0.5865589373295909,8103,-0.34708161407468713,0.8404659821066829,0.895,0.5215,0.5095,0.50575,8103
8079,-0.9751227767331678,8105,-1.1805268891810632,0.8404659821066829,0.895,0.4784,0.492125,0.4905,8079
8099,-0.14620517504800756,20187,-0.06320291838546879,0.8404659821066829,0.895,0.4196,0.418,0.424,20187
8099,-0.14620517504800756,20075,0.08987176346636351,0.8404659821066829,0.895,0.5184,0.545125,0.553875,20075
8099,-0.14620517504800756,8009,-0.27862412738485604,0.8404659821066829,0.895,0.4435,0.441875,0.44275,8099
8099,-0.14620517504800756,8061,-0.52118850829093,0.8404659821066829,0.895,0.6619,0.684875,0.679875,8099
8099,-0.14620517504800756,8011,-0.977666279268136,0.8404659821066829,0.895,0.9608,0.96625,0.963375,8099
9013,-0.0013095627101423328,25013,-0.2563867280992684,0.8404659821066829,0.895,0.534,0.55125,0.543375,9013
9013,-0.0013095627101423328,9003,-0.1623394463807303,0.8404659821066829,0.895,0.4575,0.45775,0.457375,9013
9013,-0.0013095627101423328,9015,0.020519590594881305,0.8404659821066829,0.895,0.4021,0.40725,0.402,9015
12003,0.9129016020965166,13299,0.6448918094056099,0.8404659821066829,0.895,0.5621,0.5635,0.5785,12003
12003,0.9129016020965166,12019,0.6294544692908765,0.8404659821066829,0.895,0.5672,0.581125,0.576125,12003
12003,0.9129016020965166,13065,1.2729146960558797,0.8404659821066829,0.895,0.653,0.681,0.669375,13065
12015,-0.45723801587222535,12071,-0.3429301527294655,0.8404659821066829,0.895,0.4199,0.421,0.440375,12071
12015,-0.45723801587222535,12115,-0.5493226743926851,0.8404659821066829,0.895,0.4098,0.418,0.419125,12015
12015,-0.45723801587222535,12043,-0.5932229950507042,0.8404659821066829,0.895,0.437,0.429,0.431,12015
12047,0.26950199980190775,12079,0.18378986911495396,0.8404659821066829,0.895,0.4183,0.41225,0.411875,12047
12047,0.26950199980190775,13101,0.5976205116878145,0.8404659821066829,0.895,0.6032,0.637375,0.651625,13101
12071,-0.3429301527294655,12021,-0.3662474011446034,0.8404659821066829,0.895,0.3973,0.407,0.405625,12071
12086,-0.42459065322335354,12087,0.33938132853272346,0.8404659821066829,0.895,0.8904,0.8905,0.9065,12087
12086,-0.42459065322335354,12011,-0.1943697286827901,0.8404659821066829,0.895,0.499,0.49075,0.49,12011
12086,-0.42459065322335354,12021,-0.3662474011446034,0.8404659821066829,0.895,0.4084,0.407625,0.4035,12021
12109,0.32526342833700417,12019,0.6294544692908765,0.8404659821066829,0.895,0.569,0.573125,0.569125,12019
12109,0.32526342833700417,12035,-0.020199860850290654,0.8404659821066829,0.895,0.5885,0.589875,0.593625,12109
12115,-0.5493226743926851,12081,-0.47718988762237097,0.8404659821066829,0.895,0.4062,0.407,0.411375,12081
13003,0.9796098473772333,13299,0.6448918094056099,0.8404659821066829,0.895,0.626,0.64625,0.637125,13003
13003,0.9796098473772333,13069,0.44864520116054935,0.8404659821066829,0.895,0.8116,0.825,0.818125,13003
13003,0.9796098473772333,13065,1.2729146960558797,0.8404659821066829,0.895,0.5728,0.560875,0.573,13065
13003,0.9796098473772333,13173,0.7506814829303452,0.8404659821066829,0.895,0.4988,0.5265,0.524,13003
13023,0.49433039749203855,13235,-0.32934405907454994,0.8404659821066829,0.895,0.9477,0.96075,0.95825,13023
13023,0.49433039749203855,13091,0.31310032371638824,0.8404659821066829,0.895,0.4684,0.477375,0.475625,13023
13023,0.49433039749203855,13175,0.00633149480021078,0.8404659821066829,0.895,0.7546,0.770625,0.75725,13023
13055,0.671455918069327,13295,0.9489295392712018,0.8404659821066829,0.895,0.5558,0.5615,0.56025,13295
13055,0.671455918069327,1019,0.7192676107279325,0.8404659821066829,0.895,0.4093,0.4035,0.404625,1019
13055,0.671455918069327,13115,0.6521599874991006,0.8404659821066829,0.895,0.3998,0.406625,0.40275,13055
13071,0.4484667022503827,13275,0.3939766518125241,0.8404659821066829,0.895,0.408,0.415625,0.40925,13071
13071,0.4484667022503827,13277,0.2089726240656979,0.8404659821066829,0.895,0.5251,0.5445,0.544,13071
13071,0.4484667022503827,13321,0.018138841506759876,0.8404659821066829,0.895,0.7151,0.749125,0.74975,13071
16017,-0.24005226824687143,53051,-0.1281110527497905,0.8404659821066829,0.895,0.4281,0.425375,0.425,53051
16017,-0.24005226824687143,53063,-0.1952342096827739,0.8404659821066829,0.895,0.4034,0.403125,0.396,53063
16017,-0.24005226824687143,16055,-0.3100599881691794,0.8404659821066829,0.895,0.4056,0.414,0.417125,16017
16045,-0.35045575869638007,16075,-0.4958471454577955,0.8404659821066829,0.895,0.4483,0.447125,0.439625,16045
16045,-0.35045575869638007,16001,-0.2600753537433656,0.8404659821066829,0.895,0.4174,0.4145,0.407125,16001
16065,-1.125385599978004,16043,-0.8811541572442413,0.8404659821066829,0.895,0.5211,0.530375,0.530375,16043
16065,-1.125385599978004,16019,-0.8419615550339428,0.8404659821066829,0.895,0.5608,0.561875,0.542625,16019
16065,-1.125385599978004,16051,-0.8945280191595337,0.8404659821066829,0.895,0.511,0.517125,0.514875,16051
13085,0.46780888651121894,13111,0.42675223212464497,0.8404659821066829,0.895,0.3991,0.407125,0.400375,13085
13085,0.46780888651121894,13227,0.6182189908068847,0.8404659821066829,0.895,0.4504,0.44825,0.45875,13227
13085,0.46780888651121894,13117,0.13809228638474866,0.8404659821066829,0.895,0.6106,0.629375,0.62,13085
13085,0.46780888651121894,13057,0.30199375767649167,0.8404659821066829,0.895,0.4577,0.466375,0.4535,13085
13085,0.46780888651121894,13187,0.669901876411752,0.8404659821066829,0.895,0.4916,0.494375,0.49525,13187
13095,0.16082945657582046,13037,0.38477175964379584,0.8404659821066829,0.895,0.5071,0.510625,0.5065,13037
13095,0.16082945657582046,13321,0.018138841506759876,0.8404659821066829,0.895,0.4508,0.45625,0.455125,13095
13095,0.16082945657582046,13177,0.41897276743801576,0.8404659821066829,0.895,0.5307,0.5445,0.53475,13177
13095,0.16082945657582046,13273,0.31290327519673367,0.8404659821066829,0.895,0.4541,0.45325,0.44725,13273
13111,0.42675223212464497,47139,1.093685095940025,0.8404659821066829,0.895,0.9002,0.904375,0.90375,47139
13111,0.42675223212464497,13187,0.669901876411752,0.8404659821066829,0.895,0.5242,0.54025,0.530375,13187
13155,0.2908966721082067,13277,0.2089726240656979,0.8404659821066829,0.895,0.4203,0.413375,0.41125,13155
13155,0.2908966721082067,13287,0.18626772486938922,0.8404659821066829,0.895,0.4281,0.420375,0.4265,13155
13155,0.2908966721082067,13017,0.7689916096126692,0.8404659821066829,0.895,0.7445,0.75725,0.753,13017
13155,0.2908966721082067,13069,0.44864520116054935,0.8404659821066829,0.895,0.4504,0.459,0.472625,13069
13171,0.5019996145403776,13293,0.1262442458397602,0.8404659821066829,0.895,0.6506,0.671,0.666,13171
13171,0.5019996145403776,13035,0.6154472011259252,0.8404659821066829,0.895,0.4272,0.430125,0.426375,13035
13171,0.5019996145403776,13255,0.24236388973465342,0.8404659821066829,0.895,0.5408,0.552,0.555375,13171
13171,0.5019996145403776,13207,0.008376773557630104,0.8404659821066829,0.895,0.7697,0.79375,0.775,13171
13171,0.5019996145403776,13231,0.7942921823812886,0.8404659821066829,0.895,0.5575,0.564875,0.5495,13231
13223,0.5632798248893227,13097,0.297218497059701,0.8404659821066829,0.895,0.5374,0.551625,0.545125,13223
13223,0.5632798248893227,13067,0.2674543043274538,0.8404659821066829,0.895,0.5668,0.578125,0.594625,13223
13223,0.5632798248893227,13015,0.7421284552676516,0.8404659821066829,0.895,0.4681,0.47325,0.47525,13015
13223,0.5632798248893227,13045,0.4685160642492034,0.8404659821066829,0.895,0.4164,0.42075,0.429625,13223
13227,0.6182189908068847,13057,0.30199375767649167,0.8404659821066829,0.895,0.5754,0.583875,0.584,13227
13227,0.6182189908068847,13129,0.9242374959401324,0.8404659821066829,0.895,0.5756,0.579375,0.586875,13129
13239,0.5949260169065769,13061,-0.0022060809722156895,0.8404659821066829,0.895,0.8309,0.842875,0.8455,13239
13239,0.5949260169065769,13243,0.008160820136117857,0.8404659821066829,0.895,0.8325,0.848625,0.8405,13239
13239,0.5949260169065769,13259,0.001991475534653399,0.8404659821066829,0.895,0.8356,0.856125,0.8535,13239
13249,0.21891013278963173,13193,0.09626778044217536,0.8404659821066829,0.895,0.4326,0.4325,0.434125,13249
13249,0.21891013278963173,13197,-0.1955424171163471,0.8404659821066829,0.895,0.6802,0.694875,0.692125,13249
13253,0.4327324233419229,13099,0.29851968342403257,0.8404659821066829,0.895,0.4471,0.4475,0.4565,13253
13253,0.4327324233419229,13087,0.6169796225061562,0.8404659821066829,0.895,0.4795,0.48375,0.4825,13087
13253,0.4327324233419229,12063,0.24228441605523376,0.8404659821066829,0.895,0.479,0.485,0.493,13253
13293,0.1262442458397602,13199,-0.1423205906241513,0.8404659821066829,0.895,0.559,0.565,0.566875,13293
13293,0.1262442458397602,13207,0.008376773557630104,0.8404659821066829,0.895,0.4393,0.432375,0.426125,13293
13293,0.1262442458397602,13231,0.7942921823812886,0.8404659821066829,0.895,0.8844,0.903,0.894375,13231
16043,-0.8811541572442413,16051,-0.8945280191595337,0.8404659821066829,0.895,0.4025,0.399125,0.39975,16043
13299,0.6448918094056099,13069,0.44864520116054935,0.8404659821066829,0.895,0.4974,0.493125,0.485375,13299
13299,0.6448918094056099,13005,1.2807687623789872,0.8404659821066829,0.895,0.8805,0.8855,0.895625,13005
13299,0.6448918094056099,13065,1.2729146960558797,0.8404659821066829,0.895,0.8801,0.8975,0.895375,13065
16011,-1.0133089892805023,16019,-0.8419615550339428,0.8404659821066829,0.895,0.4705,0.48325,0.472,16019
16011,-1.0133089892805023,16051,-0.8945280191595337,0.8404659821066829,0.895,0.4267,0.443875,0.439625,16051
17163,-0.01568276438951038,17133,-0.34240253192666525,0.8404659821066829,0.895,0.5976,0.60325,0.61625,17163
17163,-0.01568276438951038,17119,0.10745514176173152,0.8404659821066829,0.895,0.4356,0.438125,0.446875,17119
17163,-0.01568276438951038,17157,-0.31093769812293115,0.8404659821066829,0.895,0.5876,0.591,0.58875,17163
17163,-0.01568276438951038,29510,-0.01541945668961643,0.8404659821066829,0.895,0.3967,0.403125,0.40275,29510
17177,-0.3578485362099818,17201,-0.06458897871172876,0.8404659821066829,0.895,0.5645,0.566625,0.574125,17201
17177,-0.3578485362099818,17085,-0.13699442919162522,0.8404659821066829,0.895,0.5051,0.505625,0.50925,17085
17177,-0.3578485362099818,55045,-0.49072361013015825,0.8404659821066829,0.895,0.4355,0.452125,0.441625,17177
17177,-0.3578485362099818,55065,-0.43051890407849985,0.8404659821066829,0.895,0.4112,0.415625,0.40875,17177
17177,-0.3578485362099818,17141,-0.10111212111697135,0.8404659821066829,0.895,0.5357,0.530375,0.536375,17141
17177,-0.3578485362099818,17015,0.02316789104111233,0.8404659821066829,0.895,0.6672,0.659375,0.654875,17015
17187,-0.04634904931945676,17131,-0.08122767277090778,0.8404659821066829,0.895,0.4098,0.398125,0.406,17187
17187,-0.04634904931945676,17071,0.17000734124196865,0.8404659821066829,0.895,0.4954,0.502,0.501125,17071
17187,-0.04634904931945676,17095,-0.006684855879652173,0.8404659821066829,0.895,0.4037,0.4,0.402,17095
17187,-0.04634904931945676,17109,0.17436572994284602,0.8404659821066829,0.895,0.4966,0.50875,0.508375,17109
17187,-0.04634904931945676,17057,0.15712051120015436,0.8404659821066829,0.895,0.4872,0.48675,0.493625,17057
17193,0.6062246359201354,18129,0.24453031049370935,0.8404659821066829,0.895,0.6469,0.661,0.6675,17193
17193,0.6062246359201354,17191,0.3552854334906121,0.8404659821066829,0.895,0.5483,0.556375,0.5465,17193
17193,0.6062246359201354,17059,1.0299969962392816,0.8404659821066829,0.895,0.7186,0.725875,0.74,17059
17193,0.6062246359201354,17065,0.5572195858359522,0.8404659821066829,0.895,0.4098,0.408375,0.398875,17193
17203,-0.13546371742311752,17099,0.11466440491844697,0.8404659821066829,0.895,0.5426,0.540875,0.540125,17099
17203,-0.13546371742311752,17113,0.2154015040006392,0.8404659821066829,0.895,0.6457,0.651625,0.64475,17113
17203,-0.13546371742311752,17143,0.21635459910263985,0.8404659821066829,0.895,0.6266,0.6395,0.638625,17143
17203,-0.13546371742311752,17179,0.26691781631470934,0.8404659821066829,0.895,0.6808,0.695375,0.691875,17179
17203,-0.13546371742311752,17105,-0.0725428477415313,0.8404659821066829,0.895,0.4013,0.4035,0.41125,17105
18043,0.3339280696755608,18019,0.6916947294230192,0.8404659821066829,0.895,0.6269,0.632125,0.623,18019
18043,0.3339280696755608,21111,0.22182231930079496,0.8404659821066829,0.895,0.4263,0.433625,0.433,18043
18053,-0.07967263583129434,18069,-0.3685222487416202,0.8404659821066829,0.895,0.5715,0.578625,0.58075,18053
18053,-0.07967263583129434,18103,-0.18927821429724823,0.8404659821066829,0.895,0.4212,0.431125,0.426625,18053
18053,-0.07967263583129434,18169,-0.3332754635195294,0.8404659821066829,0.895,0.5435,0.547625,0.548625,18053
18053,-0.07967263583129434,18179,-0.604678860120155,0.8404659821066829,0.895,0.8106,0.8325,0.833375,18053
18053,-0.07967263583129434,18067,-0.10284865608567989,0.8404659821066829,0.895,0.4015,0.406625,0.405375,18053
18053,-0.07967263583129434,18159,-0.2511790766903907,0.8404659821066829,0.895,0.467,0.470875,0.466625,18053
18053,-0.07967263583129434,18095,0.028043911889942104,0.8404659821066829,0.895,0.4251,0.434125,0.42925,18095
18059,0.05210851131439813,18145,-0.023688681842098207,0.8404659821066829,0.895,0.4183,0.4095,0.418625,18059
18059,0.05210851131439813,18139,0.21740901078502697,0.8404659821066829,0.895,0.4575,0.459125,0.471625,18139
18059,0.05210851131439813,18065,-0.05072228346499042,0.8404659821066829,0.895,0.4174,0.428,0.4215,18059
18059,0.05210851131439813,18057,-0.011431912683402063,0.8404659821066829,0.895,0.4031,0.407,0.41275,18059
18059,0.05210851131439813,18097,0.17375770037428656,0.8404659821066829,0.895,0.4356,0.435625,0.438625,18097
18059,0.05210851131439813,18095,0.028043911889942104,0.8404659821066829,0.895,0.3941,0.407125,0.402625,18059
18069,-0.3685222487416202,18003,-0.3549716920488576,0.8404659821066829,0.895,0.3982,0.401625,0.403,18003
18069,-0.3685222487416202,18183,-0.2830817149463449,0.8404659821066829,0.895,0.4129,0.411375,0.42125,18183
18069,-0.3685222487416202,18169,-0.3332754635195294,0.8404659821066829,0.895,0.4007,0.3975,0.40125,18169
18069,-0.3685222487416202,18179,-0.604678860120155,0.8404659821066829,0.895,0.5108,0.524375,0.515625,18069
18073,0.4115482149480615,18111,0.28386168958074914,0.8404659821066829,0.895,0.4393,0.43425,0.431625,18073
18073,0.4115482149480615,18149,0.790460960543131,0.8404659821066829,0.895,0.6562,0.67175,0.66575,18149
18073,0.4115482149480615,18007,0.3989641314698143,0.8404659821066829,0.895,0.4039,0.398,0.399875,18073
18073,0.4115482149480615,18089,-0.17465178761017888,0.8404659821066829,0.895,0.8549,0.85325,0.856625,18073
18073,0.4115482149480615,18181,0.4041019147070431,0.8404659821066829,0.895,0.4019,0.39525,0.39675,18073
18073,0.4115482149480615,18127,-0.02500012054458884,0.8404659821066829,0.895,0.6986,0.6985,0.697,18073
18003,-0.3549716920488576,18183,-0.2830817149463449,0.8404659821066829,0.895,0.4158,0.40775,0.421625,18183
18003,-0.3549716920488576,39125,0.05935955830659509,0.8404659821066829,0.895,0.6983,0.700125,0.7065,39125
18003,-0.3549716920488576,18179,-0.604678860120155,0.8404659821066829,0.895,0.5468,0.555125,0.553625,18003
18003,-0.3549716920488576,18113,-0.0990657342232184,0.8404659821066829,0.895,0.548,0.551,0.556,18113
18003,-0.3549716920488576,39161,-0.4709593085617031,0.8404659821066829,0.895,0.4391,0.434875,0.447,18003
18019,0.6916947294230192,21185,0.34209882251902984,0.8404659821066829,0.895,0.6261,0.634625,0.64375,18019
18019,0.6916947294230192,21223,0.8938246377121912,0.8404659821066829,0.895,0.485,0.4895,0.494625,21223
18019,0.6916947294230192,21111,0.22182231930079496,0.8404659821066829,0.895,0.7741,0.796125,0.793625,18019
18019,0.6916947294230192,18143,1.5154682776650399,0.8404659821066829,0.895,0.9568,0.962625,0.961625,18143
18019,0.6916947294230192,18077,0.6650464020030559,0.8404659821066829,0.895,0.4025,0.402,0.405125,18019
17007,-0.1374436347487233,17037,-0.04811386174745282,0.8404659821066829,0.895,0.4161,0.424125,0.423875,17037
17007,-0.1374436347487233,55105,-0.0765862708323725,0.8404659821066829,0.895,0.4072,0.405375,0.4045,55105
17007,-0.1374436347487233,17201,-0.06458897871172876,0.8404659821066829,0.895,0.4102,0.41125,0.42075,17201
17007,-0.1374436347487233,17111,0.09371547741880093,0.8404659821066829,0.895,0.5118,0.511125,0.510125,17111
17007,-0.1374436347487233,55127,-0.07360632430789005,0.8404659821066829,0.895,0.4045,0.41625,0.407375,55127
17023,0.20111585948199448,17029,0.18866160524892764,0.8404659821066829,0.895,0.3954,0.402375,0.39925,17023
17023,0.20111585948199448,17079,0.08584964357339255,0.8404659821066829,0.895,0.4336,0.430625,0.436625,17023
17023,0.20111585948199448,18153,0.39211789898026694,0.8404659821066829,0.895,0.485,0.49,0.49325,18153
17023,0.20111585948199448,18167,0.35305330198367546,0.8404659821066829,0.895,0.4475,0.45975,0.457375,18167
17023,0.20111585948199448,17035,0.25549802070477945,0.8404659821066829,0.895,0.4028,0.41025,0.406,17035
17023,0.20111585948199448,17045,0.08777927763410968,0.8404659821066829,0.895,0.4303,0.425125,0.428875,17023
17023,0.20111585948199448,17033,0.1495592969421307,0.8404659821066829,0.895,0.4114,0.40275,0.404625,17023
17037,-0.04811386174745282,17093,0.005349524080997412,0.8404659821066829,0.895,0.4043,0.408,0.40875,17093
17037,-0.04811386174745282,17089,-0.058721566575762565,0.8404659821066829,0.895,0.393,0.4005,0.398625,17037
17037,-0.04811386174745282,17099,0.11466440491844697,0.8404659821066829,0.895,0.4632,0.45475,0.452875,17099
17037,-0.04811386174745282,17111,0.09371547741880093,0.8404659821066829,0.895,0.4454,0.449375,0.45225,17111
17037,-0.04811386174745282,17103,0.023375177845332763,0.8404659821066829,0.895,0.4105,0.404125,0.39975,17103
17037,-0.04811386174745282,17141,-0.10111212111697135,0.8404659821066829,0.895,0.4063,0.4015,0.40975,17037
17063,0.1763346965255303,17093,0.005349524080997412,0.8404659821066829,0.895,0.4637,0.45875,0.4515,17063
17063,0.1763346965255303,17099,0.11466440491844697,0.8404659821066829,0.895,0.4052,0.408375,0.41175,17063
17063,0.1763346965255303,17105,-0.0725428477415313,0.8404659821066829,0.895,0.5202,0.539375,0.529625,17063
17067,-0.0009791644921145956,17071,0.17000734124196865,0.8404659821066829,0.895,0.474,0.46175,0.47625,17071
17067,-0.0009791644921145956,17109,0.17436572994284602,0.8404659821066829,0.895,0.4662,0.465625,0.477875,17109
17067,-0.0009791644921145956,29045,0.22145949339964027,0.8404659821066829,0.895,0.516,0.520125,0.520125,29045
17067,-0.0009791644921145956,29111,0.22149466931840806,0.8404659821066829,0.895,0.5045,0.51075,0.5315,29111
17067,-0.0009791644921145956,17169,0.12773162345409036,0.8404659821066829,0.895,0.4354,0.439,0.443625,17169
17067,-0.0009791644921145956,17001,-0.12502767920940713,0.8404659821066829,0.895,0.4373,0.453375,0.4355,17067
17077,0.24320909654697326,17181,0.700984140082696,0.8404659821066829,0.895,0.7422,0.756125,0.74775,17181
17077,0.24320909654697326,17055,0.8356137805259474,0.8404659821066829,0.895,0.8529,0.866625,0.84925,17055
17077,0.24320909654697326,17145,-0.022852790820351274,0.8404659821066829,0.895,0.5462,0.556375,0.569375,17077
17077,0.24320909654697326,17157,-0.31093769812293115,0.8404659821066829,0.895,0.8327,0.853375,0.849625,17077
17077,0.24320909654697326,17199,0.8446717358981533,0.8404659821066829,0.895,0.8533,0.869,0.86275,17199
17083,-0.06412011327884164,17117,0.053063399063934286,0.8404659821066829,0.895,0.4308,0.4335,0.426125,17117
17083,-0.06412011327884164,17119,0.10745514176173152,0.8404659821066829,0.895,0.4684,0.47275,0.4735,17119
17083,-0.06412011327884164,17013,-0.028047135154471152,0.8404659821066829,0.895,0.4043,0.41125,0.401125,17013
17083,-0.06412011327884164,17061,-0.026528286672736705,0.8404659821066829,0.895,0.4071,0.40725,0.407,17061
17093,0.005349524080997412,17089,-0.058721566575762565,0.8404659821066829,0.895,0.4054,0.40575,0.409375,17093
17093,0.005349524080997412,17099,0.11466440491844697,0.8404659821066829,0.895,0.4317,0.425875,0.42975,17099
17107,0.1614257395274211,17115,0.40710064231838444,0.8404659821066829,0.895,0.5293,0.544875,0.544125,17115
17107,0.1614257395274211,17113,0.2154015040006392,0.8404659821066829,0.895,0.4145,0.405125,0.40975,17113
17107,0.1614257395274211,17167,0.2332409510429101,0.8404659821066829,0.895,0.4185,0.416125,0.4215,17167
17107,0.1614257395274211,17179,0.26691781631470934,0.8404659821066829,0.895,0.4209,0.442375,0.43375,17179
17117,0.053063399063934286,17119,0.10745514176173152,0.8404659821066829,0.895,0.4124,0.40925,0.407375,17119
17117,0.053063399063934286,17135,0.2420281943821326,0.8404659821066829,0.895,0.4805,0.48825,0.478375,17135
17117,0.053063399063934286,17167,0.2332409510429101,0.8404659821066829,0.895,0.4729,0.481375,0.47925,17167
17117,0.053063399063934286,17137,-0.004499328574134403,0.8404659821066829,0.895,0.4065,0.406125,0.411625,17117
17117,0.053063399063934286,17061,-0.026528286672736705,0.8404659821066829,0.895,0.4099,0.416,0.41025,17117
17133,-0.34240253192666525,29186,-0.32974104905380897,0.8404659821066829,0.895,0.3905,0.402125,0.39575,29186
17133,-0.34240253192666525,17157,-0.31093769812293115,0.8404659821066829,0.895,0.4031,0.404875,0.4035,17157
17147,0.19625597024579114,17139,-0.09801747657729777,0.8404659821066829,0.895,0.5627,0.582875,0.578875,17147
17147,0.19625597024579114,17041,-0.0271271251546921,0.8404659821066829,0.895,0.5014,0.526625,0.5105,17147
17147,0.19625597024579114,17115,0.40710064231838444,0.8404659821066829,0.895,0.494,0.48875,0.499125,17115
17147,0.19625597024579114,17113,0.2154015040006392,0.8404659821066829,0.895,0.3972,0.39725,0.4025,17113
17147,0.19625597024579114,17019,0.09749061031152753,0.8404659821066829,0.895,0.4197,0.423,0.420625,17147
19035,-0.6576755791449136,19141,-0.5824219881595147,0.8404659821066829,0.895,0.4109,0.41075,0.414,19141
19035,-0.6576755791449136,19093,-0.7775876381224638,0.8404659821066829,0.895,0.4327,0.438125,0.43575,19035
19035,-0.6576755791449136,19149,-0.5702873848895191,0.8404659821066829,0.895,0.4165,0.419875,0.41925,19149
19035,-0.6576755791449136,19193,-0.33415795707159374,0.8404659821066829,0.895,0.6035,0.59775,0.59525,19193
19059,-0.5341004310155575,19143,-0.9425959691990463,0.8404659821066829,0.895,0.6691,0.679875,0.68425,19059
19059,-0.5341004310155575,27063,-0.8672948464657401,0.8404659821066829,0.895,0.6019,0.622125,0.62025,19059
19069,-0.7901799531205667,19033,-0.4513004877878293,0.8404659821066829,0.895,0.59,0.611,0.601375,19033
19069,-0.7901799531205667,19083,-0.31836192540968933,0.8404659821066829,0.895,0.718,0.749875,0.744375,19083
19069,-0.7901799531205667,19197,-0.642715278809845,0.8404659821066829,0.895,0.4434,0.453625,0.440125,19197
19069,-0.7901799531205667,19023,-0.611197778330397,0.8404659821066829,0.895,0.4646,0.472,0.480125,19023
19075,-0.5098286648516897,19127,-0.002745045457530216,0.8404659821066829,0.895,0.7685,0.781,0.778625,19127
19075,-0.5098286648516897,19083,-0.31836192540968933,0.8404659821066829,0.895,0.4759,0.478,0.4865,19083
19075,-0.5098286648516897,19023,-0.611197778330397,0.8404659821066829,0.895,0.4278,0.4175,0.41275,19075
19075,-0.5098286648516897,19013,-0.22153264977096115,0.8404659821066829,0.895,0.5662,0.56975,0.579,19013
19089,-0.9784647274004252,19131,-0.9091040759104155,0.8404659821066829,0.895,0.4116,0.411375,0.410625,19131
19089,-0.9784647274004252,19191,-0.8164981916432238,0.8404659821066829,0.895,0.4546,0.463875,0.468125,19191
19089,-0.9784647274004252,19037,-0.7488030007250281,0.8404659821066829,0.895,0.5049,0.5105,0.517,19037
19089,-0.9784647274004252,27099,-0.6953803228590524,0.8404659821066829,0.895,0.5664,0.58,0.574125,27099
19089,-0.9784647274004252,27045,-0.754292088966921,0.8404659821066829,0.895,0.5062,0.518875,0.514,27045
19099,0.01311724182285841,19169,-0.12469643809964943,0.8404659821066829,0.895,0.4422,0.43825,0.432125,19099
19099,0.01311724182285841,19127,-0.002745045457530216,0.8404659821066829,0.895,0.4046,0.3985,0.398,19099
19099,0.01311724182285841,19153,0.2109819291016127,0.8404659821066829,0.895,0.4875,0.481875,0.476875,19153
19099,0.01311724182285841,19123,-0.08581870809069658,0.8404659821066829,0.895,0.422,0.4335,0.42625,19099
19099,0.01311724182285841,19125,0.04858227573046496,0.8404659821066829,0.895,0.4074,0.40225,0.401625,19125
19099,0.01311724182285841,19157,-0.5562586149383043,0.8404659821066829,0.895,0.8219,0.84625,0.851375,19099
19105,-0.5440461665594335,19031,-0.5190458986145347,0.8404659821066829,0.895,0.4005,0.40075,0.39775,19031
19105,-0.5440461665594335,19055,-0.67730445761509,0.8404659821066829,0.895,0.4385,0.43725,0.446,19105
19105,-0.5440461665594335,19061,-0.12958102323683396,0.8404659821066829,0.895,0.6944,0.699625,0.693,19061
19105,-0.5440461665594335,19097,-0.30893913730481026,0.8404659821066829,0.895,0.511,0.513375,0.522,19097
19115,-0.1831167364064685,19103,-0.2813759406491116,0.8404659821066829,0.895,0.4263,0.426875,0.419,19115
19115,-0.1831167364064685,19087,-0.28336140872453225,0.8404659821066829,0.895,0.4266,0.434,0.4335,19115
19115,-0.1831167364064685,17131,-0.08122767277090778,0.8404659821066829,0.895,0.4198,0.4225,0.421875,17131
19115,-0.1831167364064685,19183,-0.6511271175153756,0.8404659821066829,0.895,0.755,0.77375,0.7725,19115
19115,-0.1831167364064685,19139,-0.23815650612899336,0.8404659821066829,0.895,0.4093,0.40575,0.407625,19115
19115,-0.1831167364064685,19057,-0.02058467361950069,0.8404659821066829,0.895,0.4587,0.458875,0.443625,19057
19119,-0.8210911788134101,19143,-0.9425959691990463,0.8404659821066829,0.895,0.4316,0.433125,0.433,19119
19119,-0.8210911788134101,19167,-0.7851992675279748,0.8404659821066829,0.895,0.3954,0.4025,0.40675,19167
19119,-0.8210911788134101,27133,-0.7516588216860829,0.8404659821066829,0.895,0.4135,0.410875,0.410375,27133
19119,-0.8210911788134101,27105,-1.0438436006761658,0.8404659821066829,0.895,0.5034,0.4995,0.50525,19119
19119,-0.8210911788134101,46099,-0.1490079313487806,0.8404659821066829,0.895,0.9035,0.920875,0.923,46099
19119,-0.8210911788134101,46083,-0.38233154069838565,0.8404659821066829,0.895,0.7167,0.750625,0.750625,46083
18087,-0.5691044039567321,18151,-0.26294471206639164,0.8404659821066829,0.895,0.5728,0.578625,0.572,18151
18087,-0.5691044039567321,26023,-0.4224034275331776,0.8404659821066829,0.895,0.4523,0.435875,0.441875,26023
18087,-0.5691044039567321,18039,-0.21031269884941575,0.8404659821066829,0.895,0.6454,0.651,0.654125,18039
18087,-0.5691044039567321,18113,-0.0990657342232184,0.8404659821066829,0.895,0.7436,0.725875,0.73025,18113
18087,-0.5691044039567321,26149,-0.2012605279262524,0.8404659821066829,0.895,0.6345,0.63175,0.6395,26149
18091,-0.05542653653457153,18141,-0.07185786249430719,0.8404659821066829,0.895,0.397,0.403125,0.39625,18091
18091,-0.05542653653457153,18149,0.790460960543131,0.8404659821066829,0.895,0.9509,0.95325,0.950375,18149
18091,-0.05542653653457153,26021,-0.16426126592233303,0.8404659821066829,0.895,0.4224,0.42225,0.429625,18091
18091,-0.05542653653457153,18127,-0.02500012054458884,0.8404659821066829,0.895,0.3964,0.408125,0.399375,18127
18099,-0.11179528307825455,18141,-0.07185786249430719,0.8404659821066829,0.895,0.3988,0.402125,0.404,18141
18099,-0.11179528307825455,18149,0.790460960543131,0.8404659821066829,0.895,0.9702,0.97525,0.969875,18149
18099,-0.11179528307825455,18039,-0.21031269884941575,0.8404659821066829,0.895,0.4232,0.42525,0.42675,18099
18099,-0.11179528307825455,18049,0.2595396262144249,0.8404659821066829,0.895,0.6408,0.651375,0.6455,18049
18103,-0.18927821429724823,18169,-0.3332754635195294,0.8404659821066829,0.895,0.4449,0.448875,0.449625,18103
18103,-0.18927821429724823,18067,-0.10284865608567989,0.8404659821066829,0.895,0.4156,0.4195,0.413125,18067
18103,-0.18927821429724823,18017,0.171006141132654,0.8404659821066829,0.895,0.6418,0.65875,0.651625,18017
18103,-0.18927821429724823,18049,0.2595396262144249,0.8404659821066829,0.895,0.725,0.74,0.745,18049
18105,0.4136772499787283,18109,0.2928468287058739,0.8404659821066829,0.895,0.4335,0.44625,0.44375,18105
18105,0.4136772499787283,18055,0.1999107750216947,0.8404659821066829,0.895,0.5109,0.520875,0.52375,18105
18105,0.4136772499787283,18093,0.4263690282238833,0.8404659821066829,0.895,0.4052,0.39825,0.399625,18093
18109,0.2928468287058739,18133,0.340625182876674,0.8404659821066829,0.895,0.4096,0.40625,0.408375,18133
18109,0.2928468287058739,18081,0.14827796014288774,0.8404659821066829,0.895,0.4445,0.44575,0.445125,18109
18109,0.2928468287058739,18063,0.17165406303063463,0.8404659821066829,0.895,0.4284,0.427125,0.426375,18109
18109,0.2928468287058739,18097,0.17375770037428656,0.8404659821066829,0.895,0.4335,0.424875,0.433625,18109
18111,0.28386168958074914,18007,0.3989641314698143,0.8404659821066829,0.895,0.4305,0.42225,0.425875,18007
18111,0.28386168958074914,17075,0.0979442025916717,0.8404659821066829,0.895,0.4726,0.48325,0.472625,18111
18111,0.28386168958074914,18089,-0.17465178761017888,0.8404659821066829,0.895,0.7303,0.754375,0.733625,18111
18115,0.704843806431383,18155,0.8478030675723119,0.8404659821066829,0.895,0.4405,0.441,0.441,18155
18115,0.704843806431383,21015,0.6890362569570341,0.8404659821066829,0.895,0.4005,0.402875,0.399375,18115
18115,0.704843806431383,18137,0.5268356102957752,0.8404659821066829,0.895,0.4648,0.47,0.4795,18115
18115,0.704843806431383,18029,0.41127987305324487,0.8404659821066829,0.895,0.5569,0.56925,0.57925,18115
18121,0.18836813476909542,18133,0.340625182876674,0.8404659821066829,0.895,0.4473,0.4605,0.461375,18133
18121,0.18836813476909542,18021,0.40043583800392923,0.8404659821066829,0.895,0.4976,0.50625,0.506625,18021
18121,0.18836813476909542,18045,0.37839680613221166,0.8404659821066829,0.895,0.4743,0.477,0.477125,18045
18121,0.18836813476909542,18107,0.08085949849353528,0.8404659821066829,0.895,0.4231,0.426625,0.427125,18121
18121,0.18836813476909542,18167,0.35305330198367546,0.8404659821066829,0.895,0.4628,0.45925,0.47125,18167
18121,0.18836813476909542,18165,0.530258308676866,0.8404659821066829,0.895,0.6192,0.619125,0.620125,18165
18133,0.340625182876674,18021,0.40043583800392923,0.8404659821066829,0.895,0.4085,0.406375,0.416125,18021
18133,0.340625182876674,18063,0.17165406303063463,0.8404659821066829,0.895,0.4664,0.466375,0.451625,18133
18133,0.340625182876674,18107,0.08085949849353528,0.8404659821066829,0.895,0.5405,0.5555,0.543375,18133
18157,0.3323275776669599,18171,0.11183106944731529,0.8404659821066829,0.895,0.5105,0.520875,0.52875,18157
18157,0.3323275776669599,18007,0.3989641314698143,0.8404659821066829,0.895,0.4112,0.4095,0.41,18007
18157,0.3323275776669599,18015,-0.14953435646352672,0.8404659821066829,0.895,0.751,0.78575,0.789375,18157
18157,0.3323275776669599,18045,0.37839680613221166,0.8404659821066829,0.895,0.401,0.40375,0.395375,18045
18157,0.3323275776669599,18023,-0.13647581724060273,0.8404659821066829,0.895,0.7664,0.796,0.788625,18157
18157,0.3323275776669599,18107,0.08085949849353528,0.8404659821066829,0.895,0.5374,0.567,0.555625,18157
18157,0.3323275776669599,18181,0.4041019147070431,0.8404659821066829,0.895,0.4124,0.408,0.415375,18181
18163,0.1450846131535942,18173,0.2449864328696481,0.8404659821066829,0.895,0.418,0.427125,0.4285,18173
18163,0.1450846131535942,18129,0.24453031049370935,0.8404659821066829,0.895,0.4239,0.421125,0.41725,18129
18173,0.2449864328696481,18037,-0.0938297367262549,0.8404659821066829,0.895,0.6304,0.64375,0.653125,18173
18183,-0.2830817149463449,18169,-0.3332754635195294,0.8404659821066829,0.895,0.3953,0.40525,0.408875,18183
18183,-0.2830817149463449,18113,-0.0990657342232184,0.8404659821066829,0.895,0.4789,0.463875,0.46925,18113
19003,-0.3737226061154785,19175,-0.20396002737447771,0.8404659821066829,0.895,0.4587,0.450625,0.45225,19175
19003,-0.3737226061154785,19001,-0.36091977258846547,0.8404659821066829,0.895,0.404,0.39175,0.394125,19001
19003,-0.3737226061154785,19137,-0.5208511817370397,0.8404659821066829,0.895,0.4437,0.451875,0.45225,19003
19003,-0.3737226061154785,19173,-0.5134612031602048,0.8404659821066829,0.895,0.4326,0.44225,0.4495,19003
19019,-0.10347569348765089,19055,-0.67730445761509,0.8404659821066829,0.895,0.8214,0.82075,0.817625,19019
19019,-0.10347569348765089,19065,-0.5009935570836227,0.8404659821066829,0.895,0.6571,0.676125,0.66,19019
19019,-0.10347569348765089,19013,-0.22153264977096115,0.8404659821066829,0.895,0.4304,0.43525,0.434,19019
19019,-0.10347569348765089,19011,-0.4550330600367581,0.8404659821066829,0.895,0.6108,0.629625,0.634625,19019
20103,0.005248516916476095,20087,0.04668174333147268,0.8404659821066829,0.895,0.4081,0.402375,0.405625,20087
20103,0.005248516916476095,20091,0.033446631837241385,0.8404659821066829,0.895,0.4019,0.409,0.40625,20091
20103,0.005248516916476095,20209,0.42281412029699084,0.8404659821066829,0.895,0.6868,0.69825,0.713,20209
20103,0.005248516916476095,20005,-0.10553327224228788,0.8404659821066829,0.895,0.4254,0.426875,0.4205,20103
20103,0.005248516916476095,20045,0.027103278926782094,0.8404659821066829,0.895,0.4017,0.406375,0.40625,20045
20103,0.005248516916476095,29165,0.046325517531192247,0.8404659821066829,0.895,0.3998,0.40175,0.402875,29165
20107,0.16884211763734167,29217,0.2120681236936959,0.8404659821066829,0.895,0.4028,0.403875,0.406125,29217
20107,0.16884211763734167,20011,0.03741627253149603,0.8404659821066829,0.895,0.4365,0.446375,0.44725,20107
20107,0.16884211763734167,20121,-0.16367223304737893,0.8404659821066829,0.895,0.6034,0.60825,0.616,20107
20107,0.16884211763734167,20003,-0.10720379488864491,0.8404659821066829,0.895,0.5436,0.545,0.53625,20107
20115,-0.2736678714594723,20017,0.5689574034858345,0.8404659821066829,0.895,0.9588,0.963125,0.96175,20017
20115,-0.2736678714594723,20041,0.01740452371549695,0.8404659821066829,0.895,0.5757,0.565875,0.568625,20041
20115,-0.2736678714594723,20015,0.3484543935972281,0.8404659821066829,0.895,0.8779,0.880375,0.870875,20015
20115,-0.2736678714594723,20127,0.049536180373094735,0.8404659821066829,0.895,0.6027,0.604375,0.60625,20127
20115,-0.2736678714594723,20113,-0.3390541801279753,0.8404659821066829,0.895,0.4135,0.414875,0.413875,20115
20115,-0.2736678714594723,20079,-0.1598651835548462,0.8404659821066829,0.895,0.4292,0.42575,0.432875,20079
20131,-0.6634794405588555,20013,-0.4206989110397106,0.8404659821066829,0.895,0.5205,0.51925,0.511,20013
20131,-0.6634794405588555,20117,-0.5520892814731866,0.8404659821066829,0.895,0.4313,0.426375,0.431,20117
20131,-0.6634794405588555,31133,-0.5800788785280754,0.8404659821066829,0.895,0.4171,0.4285,0.41875,31133
20131,-0.6634794405588555,31147,-0.28119880932918245,0.8404659821066829,0.895,0.6654,0.675625,0.672875,31147
20131,-0.6634794405588555,20085,-0.07227540347694084,0.8404659821066829,0.895,0.8465,0.85975,0.853,20085
20201,-0.5133235463721925,31095,-0.6489868950047819,0.8404659821066829,0.895,0.4408,0.443,0.455125,20201
20201,-0.5133235463721925,20117,-0.5520892814731866,0.8404659821066829,0.895,0.4065,0.400625,0.39975,20201
20201,-0.5133235463721925,20157,-0.5253055168822435,0.8404659821066829,0.895,0.3977,0.403125,0.3975,20201
20201,-0.5133235463721925,31067,-0.4386420176045005,0.8404659821066829,0.895,0.4164,0.41325,0.410625,31067
20201,-0.5133235463721925,31169,-0.5604916397941886,0.8404659821066829,0.895,0.4092,0.412,0.4035,20201
20201,-0.5133235463721925,20029,-0.40675170723899984,0.8404659821066829,0.895,0.4246,0.428125,0.4255,20029
21021,0.6263155438947563,21137,1.1640922686921442,0.8404659821066829,0.895,0.8025,0.814375,0.801375,21137
21021,0.6263155438947563,21045,1.0542944062022446,0.8404659821066829,0.895,0.727,0.70925,0.720375,21045
21067,0.5212630576997511,21113,0.4813146830779088,0.8404659821066829,0.895,0.3976,0.40475,0.397375,21067
21047,0.43760481663406836,21221,0.7074373740266757,0.8404659821066829,0.895,0.5498,0.556625,0.56225,21221
21047,0.43760481663406836,21219,0.48525818659507114,0.8404659821066829,0.895,0.4125,0.402625,0.405625,21219
21047,0.43760481663406836,47161,1.0497560786264541,0.8404659821066829,0.895,0.8709,0.877625,0.887625,47161
21047,0.43760481663406836,47125,0.7789448751792721,0.8404659821066829,0.895,0.6346,0.6375,0.656625,47125
21077,2.05126658339841,18155,0.8478030675723119,0.8404659821066829,0.895,0.9974,0.998,0.998,21077
21077,2.05126658339841,21015,0.6890362569570341,0.8404659821066829,0.895,0.9996,0.99975,0.999875,21077
21077,2.05126658339841,21041,0.8216544875967611,0.8404659821066829,0.895,0.9979,0.998875,0.99775,21077
21077,2.05126658339841,21081,0.9839243065150891,0.8404659821066829,0.895,0.9911,0.99425,0.9945,21077
20145,-0.22557315107986342,20185,-0.032566279948017356,0.8404659821066829,0.895,0.4811,0.48625,0.48975,20185
20145,-0.22557315107986342,20083,-0.14521653502676335,0.8404659821066829,0.895,0.4133,0.411,0.420625,20083
20151,-0.14139664346949893,20007,0.1914132409553301,0.8404659821066829,0.895,0.6197,0.63575,0.630875,20007
20151,-0.14139664346949893,20097,0.040479551112032754,0.8404659821066829,0.895,0.477,0.48125,0.479875,20097
20151,-0.14139664346949893,20095,-0.41341990431181364,0.8404659821066829,0.895,0.5562,0.564375,0.55725,20151
20151,-0.14139664346949893,20155,-0.24825765348568563,0.8404659821066829,0.895,0.4288,0.431,0.429875,20151
20151,-0.14139664346949893,20185,-0.032566279948017356,0.8404659821066829,0.895,0.4254,0.43025,0.4355,20185
20167,-0.2943353676204745,20053,-0.3033553289792875,0.8404659821066829,0.895,0.4031,0.3975,0.4015,20167
20167,-0.2943353676204745,20105,-0.3970517942765492,0.8404659821066829,0.895,0.4241,0.424625,0.42625,20167
20167,-0.2943353676204745,20141,-0.18373153023708888,0.8404659821066829,0.895,0.4325,0.435125,0.426375,20141
20167,-0.2943353676204745,20051,-0.20419776219869862,0.8404659821066829,0.895,0.4176,0.421,0.412125,20051
20187,-0.06320291838546879,20075,0.08987176346636351,0.8404659821066829,0.895,0.4529,0.464125,0.460125,20075
20187,-0.06320291838546879,8009,-0.27862412738485604,0.8404659821066829,0.895,0.5083,0.5185,0.519375,20187
20187,-0.06320291838546879,20129,-0.25325995051809175,0.8404659821066829,0.895,0.47,0.47975,0.478875,20187
20187,-0.06320291838546879,20189,-0.22404289646251418,0.8404659821066829,0.895,0.461,0.454625,0.455125,20187
20191,-0.04294075769880717,20077,0.09056631445706465,0.8404659821066829,0.895,0.4411,0.447,0.4455,20077
20191,-0.04294075769880717,20095,-0.41341990431181364,0.8404659821066829,0.895,0.6544,0.662125,0.66375,20191
20191,-0.04294075769880717,20173,-0.0006787113453491988,0.8404659821066829,0.895,0.4095,0.40475,0.404875,20173
20191,-0.04294075769880717,40071,0.2296995136275017,0.8404659821066829,0.895,0.5588,0.566125,0.566625,40071
20191,-0.04294075769880717,20035,0.1127098113998356,0.8404659821066829,0.895,0.4567,0.45125,0.459,20035
19129,0.01904060836018823,31025,0.1458392721909915,0.8404659821066829,0.895,0.4382,0.4405,0.446375,31025
19129,0.01904060836018823,19137,-0.5208511817370397,0.8404659821066829,0.895,0.7924,0.80525,0.799875,19129
19129,0.01904060836018823,31153,0.10532595302277825,0.8404659821066829,0.895,0.4214,0.41925,0.422,31153
19129,0.01904060836018823,19071,-0.10926861249391163,0.8404659821066829,0.895,0.4361,0.43525,0.438125,19129
19129,0.01904060836018823,19155,0.028122800312115327,0.8404659821066829,0.895,0.3986,0.401375,0.39775,19155
19145,-0.27947602973615093,29147,-0.42125185447476887,0.8404659821066829,0.895,0.4402,0.446,0.440625,19145
19145,-0.27947602973615093,19137,-0.5208511817370397,0.8404659821066829,0.895,0.5074,0.51725,0.507875,19145
19145,-0.27947602973615093,19173,-0.5134612031602048,0.8404659821066829,0.895,0.5113,0.517625,0.5045,19145
19145,-0.27947602973615093,19071,-0.10926861249391163,0.8404659821066829,0.895,0.4537,0.4595,0.475875,19071
19145,-0.27947602973615093,29005,-0.1327863066734651,0.8404659821066829,0.895,0.4476,0.46725,0.46475,29005
19169,-0.12469643809964943,19127,-0.002745045457530216,0.8404659821066829,0.895,0.4285,0.4315,0.43125,19127
19169,-0.12469643809964943,19015,-0.2707056141222742,0.8404659821066829,0.895,0.4446,0.459125,0.465375,19169
19169,-0.12469643809964943,19083,-0.31836192540968933,0.8404659821066829,0.895,0.4764,0.484875,0.499875,19169
19169,-0.12469643809964943,19153,0.2109819291016127,0.8404659821066829,0.895,0.6157,0.604875,0.616125,19153
19169,-0.12469643809964943,19079,-0.5826747877127443,0.8404659821066829,0.895,0.7242,0.76175,0.767125,19169
19175,-0.20396002737447771,19121,-0.22699369567072672,0.8404659821066829,0.895,0.4036,0.401625,0.396,19175
19175,-0.20396002737447771,19001,-0.36091977258846547,0.8404659821066829,0.895,0.4528,0.45225,0.455625,19175
19175,-0.20396002737447771,19039,-0.3492204869258115,0.8404659821066829,0.895,0.449,0.43875,0.452875,19175
19185,-0.36686802398178997,19053,-0.2815322238546322,0.8404659821066829,0.895,0.4237,0.42025,0.417375,19053
19185,-0.36686802398178997,29129,0.005784084615174318,0.8404659821066829,0.895,0.6441,0.6705,0.669,29129
19189,-0.6019881689316553,19109,-0.7413680072194241,0.8404659821066829,0.895,0.4402,0.437125,0.4475,19189
19189,-0.6019881689316553,19195,-0.7401050326600171,0.8404659821066829,0.895,0.4385,0.44,0.44625,19189
19189,-0.6019881689316553,27043,-0.673924370962007,0.8404659821066829,0.895,0.4154,0.409375,0.411,19189
19189,-0.6019881689316553,27047,-0.7629644798746904,0.8404659821066829,0.895,0.4621,0.462875,0.45025,19189
20001,0.16763307078945863,20133,0.17749260345209028,0.8404659821066829,0.895,0.4006,0.402625,0.402625,20133
20001,0.16763307078945863,20011,0.03741627253149603,0.8404659821066829,0.895,0.4289,0.448,0.441125,20001
20001,0.16763307078945863,20003,-0.10720379488864491,0.8404659821066829,0.895,0.5321,0.535125,0.54175,20001
20007,0.1914132409553301,20097,0.040479551112032754,0.8404659821066829,0.895,0.4505,0.45475,0.461125,20007
20007,0.1914132409553301,40151,-0.2394966770617426,0.8404659821066829,0.895,0.7163,0.745125,0.737625,20007
20007,0.1914132409553301,20077,0.09056631445706465,0.8404659821066829,0.895,0.4165,0.42025,0.420375,20007
20007,0.1914132409553301,20095,-0.41341990431181364,0.8404659821066829,0.895,0.8697,0.88525,0.87675,20007
20017,0.5689574034858345,20015,0.3484543935972281,0.8404659821066829,0.895,0.5024,0.52225,0.514125,20017
20017,0.5689574034858345,20127,0.049536180373094735,0.8404659821066829,0.895,0.7862,0.79075,0.796625,20017
20017,0.5689574034858345,20073,0.4044562415190786,0.8404659821066829,0.895,0.4661,0.467875,0.474125,20017
20017,0.5689574034858345,20111,0.22234261356573,0.8404659821066829,0.895,0.6217,0.628375,0.628875,20017
20041,0.01740452371549695,20061,0.3734109092208954,0.8404659821066829,0.895,0.6307,0.640625,0.62775,20061
20041,0.01740452371549695,20127,0.049536180373094735,0.8404659821066829,0.895,0.4004,0.403375,0.405,20127
20041,0.01740452371549695,20169,-0.0979303071932069,0.8404659821066829,0.895,0.4259,0.427,0.438375,20041
20041,0.01740452371549695,20143,-0.14134910834400843,0.8404659821066829,0.895,0.464,0.468875,0.477625,20041
20057,-0.1164035019908139,20097,0.040479551112032754,0.8404659821066829,0.895,0.4546,0.4545,0.450125,20097
20057,-0.1164035019908139,20025,0.00389543073964127,0.8404659821066829,0.895,0.4358,0.421375,0.431375,20025
20057,-0.1164035019908139,20119,-0.17808641084166524,0.8404659821066829,0.895,0.4097,0.409875,0.399375,20057
20057,-0.1164035019908139,20083,-0.14521653502676335,0.8404659821066829,0.895,0.4063,0.40525,0.397625,20057
20061,0.3734109092208954,20127,0.049536180373094735,0.8404659821066829,0.895,0.5917,0.590625,0.596,20061
20061,0.3734109092208954,20197,0.0990436342899526,0.8404659821066829,0.895,0.5505,0.557875,0.558,20061
20081,-0.28097094803784234,20055,-0.27968113869238326,0.8404659821066829,0.895,0.4006,0.40025,0.40425,20055
20081,-0.28097094803784234,20175,-0.3142076230476196,0.8404659821066829,0.895,0.3988,0.397,0.396875,20081
20081,-0.28097094803784234,20189,-0.22404289646251418,0.8404659821066829,0.895,0.4078,0.41,0.411375,20189
20081,-0.28097094803784234,20119,-0.17808641084166524,0.8404659821066829,0.895,0.4292,0.42325,0.43075,20119
20087,0.04668174333147268,20005,-0.10553327224228788,0.8404659821066829,0.895,0.4503,0.44625,0.447125,20087
20087,0.04668174333147268,20045,0.027103278926782094,0.8404659821066829,0.895,0.4045,0.398625,0.398625,20087
20087,0.04668174333147268,20085,-0.07227540347694084,0.8404659821066829,0.895,0.4258,0.4295,0.433625,20087
20087,0.04668174333147268,20177,0.13107398409784504,0.8404659821066829,0.895,0.4198,0.419625,0.416,20177
20091,0.033446631837241385,20209,0.42281412029699084,0.8404659821066829,0.895,0.6646,0.6755,0.672875,20209
20091,0.033446631837241385,20045,0.027103278926782094,0.8404659821066829,0.895,0.3989,0.401625,0.395,20091
20091,0.033446631837241385,20121,-0.16367223304737893,0.8404659821066829,0.895,0.4849,0.487875,0.49025,20091
20097,0.040479551112032754,20025,0.00389543073964127,0.8404659821066829,0.895,0.3994,0.40525,0.402875,20097
20099,0.28107646783773466,20125,0.2743804563596578,0.8404659821066829,0.895,0.3982,0.401625,0.40075,20099
20099,0.28107646783773466,20133,0.17749260345209028,0.8404659821066829,0.895,0.4209,0.432375,0.429875,20099
20099,0.28107646783773466,40105,0.12283239714926228,0.8404659821066829,0.895,0.4525,0.451125,0.4635,20099
20099,0.28107646783773466,20021,0.5027048654916026,0.8404659821066829,0.895,0.5058,0.509875,0.525125,20021
20099,0.28107646783773466,20037,0.2739650424726745,0.8404659821066829,0.895,0.4035,0.40575,0.396625,20099
20099,0.28107646783773466,40035,0.3619714571248291,0.8404659821066829,0.895,0.4094,0.4065,0.419125,40035
29187,0.6544171674792921,29221,0.6498529653360157,0.8404659821066829,0.895,0.3974,0.39125,0.403875,29187
29187,0.6544171674792921,29093,0.9092453811031337,0.8404659821066829,0.895,0.545,0.549625,0.5515,29093
29187,0.6544171674792921,29186,-0.32974104905380897,0.8404659821066829,0.895,0.9857,0.98775,0.987375,29187
29211,0.013057350980667237,29001,0.28727048625574825,0.8404659821066829,0.895,0.5499,0.555,0.564125,29001
29211,0.013057350980667237,29115,0.08787547241377974,0.8404659821066829,0.895,0.4083,0.412625,0.415875,29115
29211,0.013057350980667237,29129,0.005784084615174318,0.8404659821066829,0.895,0.3986,0.40475,0.40625,29211
29211,0.013057350980667237,29079,0.13715940005970295,0.8404659821066829,0.895,0.4345,0.43375,0.439125,29079
29221,0.6498529653360157,29093,0.9092453811031337,0.8404659821066829,0.895,0.5413,0.549375,0.547375,29093
29221,0.6498529653360157,29055,0.2878420434689391,0.8404659821066829,0.895,0.6429,0.634,0.6315,29221
29221,0.6498529653360157,29071,0.05644013342068695,0.8404659821066829,0.895,0.8521,0.85775,0.861375,29221
29225,-0.21199180677654053,29043,-0.24985901494051882,0.8404659821066829,0.895,0.3981,0.4025,0.4065,29225
29225,-0.21199180677654053,29067,-0.20089851497873282,0.8404659821066829,0.895,0.395,0.405125,0.402375,29067
29225,-0.21199180677654053,29077,-0.10317876587469066,0.8404659821066829,0.895,0.4315,0.42875,0.422375,29077
29225,-0.21199180677654053,29059,-0.07968633066318251,0.8404659821066829,0.895,0.4443,0.439625,0.449625,29059
29225,-0.21199180677654053,29229,0.15410768847534165,0.8404659821066829,0.895,0.6366,0.6485,0.648875,29229
29225,-0.21199180677654053,29105,0.03457682243596823,0.8404659821066829,0.895,0.5328,0.522625,0.532,29105
31047,-0.5677976319760423,31041,-0.46078681929506055,0.8404659821066829,0.895,0.4275,0.425375,0.430125,31041
31047,-0.5677976319760423,31019,-0.22363296300267574,0.8404659821066829,0.895,0.6427,0.63375,0.633,31019
31047,-0.5677976319760423,31137,-0.6307021196216527,0.8404659821066829,0.895,0.4089,0.412125,0.411375,31047
31047,-0.5677976319760423,31063,-0.4295168925977321,0.8404659821066829,0.895,0.4479,0.44375,0.446125,31063
31047,-0.5677976319760423,31073,-0.6449497259474568,0.8404659821066829,0.895,0.4159,0.418,0.416125,31047
31047,-0.5677976319760423,31111,-0.18647766766306173,0.8404659821066829,0.895,0.6803,0.67025,0.676875,31111
31059,-0.2656253210580369,31151,-0.34264010576449755,0.8404659821066829,0.895,0.4154,0.408375,0.4125,31059
31059,-0.2656253210580369,31185,-0.5652524240494783,0.8404659821066829,0.895,0.5711,0.567375,0.5715,31059
31059,-0.2656253210580369,31035,-0.0983786841770657,0.8404659821066829,0.895,0.4635,0.4705,0.468875,31035
31059,-0.2656253210580369,31129,-0.36892254898260557,0.8404659821066829,0.895,0.4237,0.426,0.420125,31059
31059,-0.2656253210580369,31169,-0.5604916397941886,0.8404659821066829,0.895,0.561,0.57575,0.56575,31059
31065,-0.4604253052736958,20137,-0.6606260924402463,0.8404659821066829,0.895,0.488,0.496125,0.502,31065
31065,-0.4604253052736958,31137,-0.6307021196216527,0.8404659821066829,0.895,0.4638,0.466,0.461625,31065
31065,-0.4604253052736958,20039,-0.4318877219754395,0.8404659821066829,0.895,0.4027,0.397875,0.403625,20039
31065,-0.4604253052736958,31063,-0.4295168925977321,0.8404659821066829,0.895,0.4055,0.4055,0.403875,31063
31065,-0.4604253052736958,31073,-0.6449497259474568,0.8404659821066829,0.895,0.4757,0.468375,0.464875,31065
31065,-0.4604253052736958,31083,-0.4708966524139384,0.8404659821066829,0.895,0.4005,0.403125,0.400125,31065
31065,-0.4604253052736958,31145,-0.10310153953116571,0.8404659821066829,0.895,0.6344,0.66825,0.659,31145
31071,-0.8650612446690673,31115,-0.7995497952617734,0.8404659821066829,0.895,0.4064,0.4135,0.404125,31115
31071,-0.8650612446690673,31041,-0.46078681929506055,0.8404659821066829,0.895,0.6944,0.714,0.70325,31041
31071,-0.8650612446690673,31089,-0.7290631763768737,0.8404659821066829,0.895,0.4424,0.449,0.438,31089
31071,-0.8650612446690673,31175,-0.6710462747997561,0.8404659821066829,0.895,0.4759,0.481875,0.47375,31175
45081,-0.4191276782965743,45037,-0.4357954440469279,0.8404659821066829,0.895,0.4018,0.407875,0.39975,45081
46011,-0.30899645127448155,46101,-0.5333376285206745,0.8404659821066829,0.895,0.5046,0.51975,0.521625,46011
46011,-0.30899645127448155,27081,-0.3510566605076689,0.8404659821066829,0.895,0.4011,0.415,0.410625,46011
46011,-0.30899645127448155,46039,-0.5502559638910537,0.8404659821066829,0.895,0.5251,0.541125,0.552625,46011
46011,-0.30899645127448155,46077,-0.1965985130318486,0.8404659821066829,0.895,0.4283,0.435875,0.424875,46077
46011,-0.30899645127448155,46057,-0.4446022208403977,0.8404659821066829,0.895,0.4444,0.44275,0.448625,46011
46017,-0.26034850614076166,46015,-0.296724281127735,0.8404659821066829,0.895,0.3993,0.402625,0.403,46017
46017,-0.26034850614076166,46059,-0.6973947495853426,0.8404659821066829,0.895,0.7088,0.7015,0.700125,46017
46017,-0.26034850614076166,46069,-0.5147704121732961,0.8404659821066829,0.895,0.5364,0.52,0.52875,46017
26067,-0.412520361245487,26081,-0.3823372829124569,0.8404659821066829,0.895,0.3976,0.40525,0.398,26081
26067,-0.412520361245487,26015,-0.33384142889405755,0.8404659821066829,0.895,0.4103,0.416125,0.411,26015
26067,-0.412520361245487,26117,-0.28697784919192515,0.8404659821066829,0.895,0.4347,0.434625,0.431125,26117
26067,-0.412520361245487,26037,-0.5184166312620245,0.8404659821066829,0.895,0.4268,0.42475,0.421125,26067
26067,-0.412520361245487,26045,-0.35981057538748656,0.8404659821066829,0.895,0.4008,0.408125,0.404,26045
26081,-0.3823372829124569,26123,-0.08267109398295137,0.8404659821066829,0.895,0.5864,0.5905,0.59225,26123
26081,-0.3823372829124569,26005,-0.26364013266192843,0.8404659821066829,0.895,0.4313,0.439625,0.434375,26005
26081,-0.3823372829124569,26015,-0.33384142889405755,0.8404659821066829,0.895,0.4099,0.404375,0.40175,26015
26081,-0.3823372829124569,26117,-0.28697784919192515,0.8404659821066829,0.895,0.4221,0.415375,0.4205,26117
26081,-0.3823372829124569,26121,-0.4885193638016532,0.8404659821066829,0.895,0.4311,0.429375,0.42475,26081
26081,-0.3823372829124569,26139,-0.6735863071387016,0.8404659821066829,0.895,0.5518,0.548375,0.55775,26081
26101,-0.13065093421190804,26019,-0.11434548343748213,0.8404659821066829,0.895,0.3984,0.398875,0.400375,26019
26101,-0.13065093421190804,26105,-0.010431682705275057,0.8404659821066829,0.895,0.4297,0.426625,0.428375,26105
26101,-0.13065093421190804,26085,0.01440644257950795,0.8404659821066829,0.895,0.4437,0.432625,0.434375,26085
26111,-0.3295299559762313,26017,-0.33263943889617076,0.8404659821066829,0.895,0.3978,0.3955,0.40075,26111
26111,-0.3295299559762313,26057,-0.6812356614215578,0.8404659821066829,0.895,0.6285,0.634875,0.640875,26111
26111,-0.3295299559762313,26051,-0.07305454240764268,0.8404659821066829,0.895,0.5315,0.52325,0.52625,26051
26111,-0.3295299559762313,26145,-0.4609281097758976,0.8404659821066829,0.895,0.4381,0.439625,0.447875,26111
30019,0.1370080123839119,30091,0.1297301558446967,0.8404659821066829,0.895,0.394,0.3975,0.405375,30019
35059,-0.6667254262037524,48205,-0.48971811271714377,0.8404659821066829,0.895,0.4734,0.49325,0.50225,48205
35059,-0.6667254262037524,8009,-0.27862412738485604,0.8404659821066829,0.895,0.686,0.7065,0.7095,8009
35059,-0.6667254262037524,35037,-0.6148724189176014,0.8404659821066829,0.895,0.4052,0.405875,0.4125,35037
35059,-0.6667254262037524,40025,0.14600512526208936,0.8404659821066829,0.895,0.9644,0.972625,0.974625,40025
36001,0.1983866183162495,36039,0.1256926432996771,0.8404659821066829,0.895,0.4148,0.4125,0.405125,36001
36001,0.1983866183162495,36083,0.36856982398872706,0.8404659821066829,0.895,0.4641,0.46475,0.47925,36083
36001,0.1983866183162495,36093,-0.011444095374010652,0.8404659821066829,0.895,0.493,0.49075,0.491,36001
36001,0.1983866183162495,36095,-0.05226262680839932,0.8404659821066829,0.895,0.5304,0.532625,0.524,36001
31081,-0.3355813062946871,31185,-0.5652524240494783,0.8404659821066829,0.895,0.5033,0.528,0.526375,31081
31081,-0.3355813062946871,31035,-0.0983786841770657,0.8404659821066829,0.895,0.5242,0.522,0.513,31035
31081,-0.3355813062946871,31079,-0.2530567249741728,0.8404659821066829,0.895,0.418,0.41275,0.406375,31079
31081,-0.3355813062946871,31143,-0.4540444527679836,0.8404659821066829,0.895,0.4278,0.435375,0.438,31081
31081,-0.3355813062946871,31121,-0.3174888378304231,0.8404659821066829,0.895,0.3915,0.405875,0.394125,31121
31081,-0.3355813062946871,31001,-0.041413414951073466,0.8404659821066829,0.895,0.5841,0.579125,0.584375,31001
39017,0.04601408444326137,39165,0.1445461507855414,0.8404659821066829,0.895,0.4167,0.4205,0.43775,39165
39017,0.04601408444326137,18047,-0.0345988376660177,0.8404659821066829,0.895,0.4153,0.415875,0.419875,39017
39017,0.04601408444326137,39113,-0.16506925871678926,0.8404659821066829,0.895,0.5044,0.5035,0.507125,39017
39017,0.04601408444326137,39135,-0.21290829611544704,0.8404659821066829,0.895,0.5289,0.54925,0.543625,39017
39019,-0.5270152331744253,39029,-0.5223689115004057,0.8404659821066829,0.895,0.4004,0.396875,0.388375,39029
39019,-0.5270152331744253,39081,-0.30097173542351136,0.8404659821066829,0.895,0.5094,0.513875,0.5105,39081
39019,-0.5270152331744253,39151,-0.5559172385077478,0.8404659821066829,0.895,0.4015,0.401875,0.4055,39019
39019,-0.5270152331744253,39157,-0.6776443060488986,0.8404659821066829,0.895,0.4502,0.451875,0.44825,39019
39019,-0.5270152331744253,39067,-0.13120879129508878,0.8404659821066829,0.895,0.6648,0.655,0.6635,39067
46027,-0.13893418112377143,46125,-0.3332763222595,0.8404659821066829,0.895,0.4849,0.488375,0.49325,46027
46027,-0.13893418112377143,46127,-0.1616646365518476,0.8404659821066829,0.895,0.403,0.40775,0.40725,46027
46027,-0.13893418112377143,31027,-0.8445925325488173,0.8404659821066829,0.895,0.9168,0.93,0.92275,46027
46027,-0.13893418112377143,31051,-0.6497775446458793,0.8404659821066829,0.895,0.7889,0.80925,0.815875,46027
46027,-0.13893418112377143,46135,-0.5157148601467566,0.8404659821066829,0.895,0.661,0.6745,0.6765,46027
46027,-0.13893418112377143,46083,-0.38233154069838565,0.8404659821066829,0.895,0.5307,0.54525,0.540125,46027
46031,-0.9322812758734668,46129,-0.4521555027109298,0.8404659821066829,0.895,0.7701,0.77925,0.7775,46129
46031,-0.9322812758734668,38029,-0.9383571651981055,0.8404659821066829,0.895,0.3971,0.39925,0.392375,46031
46031,-0.9322812758734668,46021,-1.0576490855923464,0.8404659821066829,0.895,0.4309,0.439875,0.44775,46031
46031,-0.9322812758734668,46105,-0.42996212179135945,0.8404659821066829,0.895,0.7978,0.810625,0.802375,46105
46031,-0.9322812758734668,38001,-0.6154388511670384,0.8404659821066829,0.895,0.6236,0.6195,0.6075,38001
46047,0.11648637374433769,31165,-0.5513447675531284,0.8404659821066829,0.895,0.8835,0.879625,0.8775,46047
46047,0.11648637374433769,56027,-0.291814655105916,0.8404659821066829,0.895,0.6848,0.6755,0.687125,46047
46047,0.11648637374433769,46033,-0.17012090238140146,0.8404659821066829,0.895,0.5417,0.53425,0.536375,46047
26123,-0.08267109398295137,26127,-0.5944442982107766,0.8404659821066829,0.895,0.7577,0.75975,0.763875,26123
26123,-0.08267109398295137,26107,-0.22431474597148962,0.8404659821066829,0.895,0.4438,0.43225,0.43975,26123
26123,-0.08267109398295137,26117,-0.28697784919192515,0.8404659821066829,0.895,0.4887,0.50325,0.497375,26123
26123,-0.08267109398295137,26121,-0.4885193638016532,0.8404659821066829,0.895,0.6779,0.6865,0.69975,26123
26123,-0.08267109398295137,26085,0.01440644257950795,0.8404659821066829,0.895,0.4137,0.422,0.41925,26085
26127,-0.5944442982107766,26105,-0.010431682705275057,0.8404659821066829,0.895,0.7811,0.802125,0.804,26105
26127,-0.5944442982107766,26121,-0.4885193638016532,0.8404659821066829,0.895,0.4273,0.420125,0.419375,26121
26131,-0.16695237092171633,26061,-0.36639053740870803,0.8404659821066829,0.895,0.4711,0.46825,0.46575,26131
26135,-0.22684366865250435,26039,-0.12350697047568114,0.8404659821066829,0.895,0.4211,0.424625,0.430625,26039
26135,-0.22684366865250435,26129,-0.07262267027745005,0.8404659821066829,0.895,0.4508,0.455625,0.45325,26129
26135,-0.22684366865250435,26001,-0.36206233447814673,0.8404659821066829,0.895,0.4287,0.430875,0.425875,26135
36011,-0.0742737671215513,36117,0.04933197562190984,0.8404659821066829,0.895,0.4337,0.43275,0.42825,36117
36011,-0.0742737671215513,36099,0.020355878287787017,0.8404659821066829,0.895,0.4172,0.416625,0.42175,36099
36011,-0.0742737671215513,36023,0.09520103985700029,0.8404659821066829,0.895,0.4576,0.464875,0.47,36023
36011,-0.0742737671215513,36109,0.1775155632531711,0.8404659821066829,0.895,0.5313,0.554,0.5445,36109
36021,0.11653895156583542,36027,-0.045291553669281254,0.8404659821066829,0.895,0.458,0.46125,0.459,36021
36021,0.11653895156583542,36039,0.1256926432996771,0.8404659821066829,0.895,0.3998,0.401375,0.3965,36039
36021,0.11653895156583542,36083,0.36856982398872706,0.8404659821066829,0.895,0.526,0.542875,0.5435,36083
36021,0.11653895156583542,25003,-0.15198236594838918,0.8404659821066829,0.895,0.5491,0.563125,0.5565,36021
39025,0.5491439246624434,39165,0.1445461507855414,0.8404659821066829,0.895,0.6948,0.686625,0.68475,39025
39025,0.5491439246624434,21191,0.5684381965824136,0.8404659821066829,0.895,0.4025,0.39575,0.404875,21191
39025,0.5491439246624434,21023,1.069368298096228,0.8404659821066829,0.895,0.7969,0.81,0.810125,21023
39025,0.5491439246624434,39015,0.6444385685746457,0.8404659821066829,0.895,0.4271,0.427375,0.423125,39015
39025,0.5491439246624434,21037,0.5185600654620697,0.8404659821066829,0.895,0.3998,0.40775,0.4005,39025
39025,0.5491439246624434,39027,0.23270208172251064,0.8404659821066829,0.895,0.5992,0.596125,0.6015,39025
39029,-0.5223689115004057,39099,-0.48111008040579784,0.8404659821066829,0.895,0.4016,0.4085,0.4005,39099
39029,-0.5223689115004057,42073,-0.3916314393965768,0.8404659821066829,0.895,0.44,0.447,0.45075,42073
39029,-0.5223689115004057,39081,-0.30097173542351136,0.8404659821066829,0.895,0.5146,0.512375,0.521375,39081
39029,-0.5223689115004057,39151,-0.5559172385077478,0.8404659821066829,0.895,0.402,0.403,0.4035,39029
39029,-0.5223689115004057,42007,-0.3901879769880112,0.8404659821066829,0.895,0.4417,0.4395,0.446,42007
39029,-0.5223689115004057,54029,-0.37854430591853344,0.8404659821066829,0.895,0.4496,0.43625,0.452625,54029
46061,-0.3321925244660033,46097,-0.1442901979645727,0.8404659821066829,0.895,0.4672,0.4815,0.476125,46097
46061,-0.3321925244660033,46111,-0.3417682182811358,0.8404659821066829,0.895,0.4043,0.40175,0.4055,46061
46061,-0.3321925244660033,46067,-0.5207512921359186,0.8404659821066829,0.895,0.4782,0.476,0.47975,46061
46061,-0.3321925244660033,46087,-0.10894017936287793,0.8404659821066829,0.895,0.5041,0.51,0.510625,46087
46071,-0.17375794185952878,46007,-0.8413675119205644,0.8404659821066829,0.895,0.8698,0.874125,0.878125,46071
26137,-0.2928454144483686,26031,-0.301600161692889,0.8404659821066829,0.895,0.3923,0.402,0.399,26137
26137,-0.2928454144483686,26009,-0.3812715585005492,0.8404659821066829,0.895,0.4175,0.42175,0.414875,26137
26137,-0.2928454144483686,26039,-0.12350697047568114,0.8404659821066829,0.895,0.4559,0.459,0.4595,26039
26143,-0.0518885028631616,26039,-0.12350697047568114,0.8404659821066829,0.895,0.4154,0.40925,0.4105,26143
26143,-0.0518885028631616,26113,0.018101285347551926,0.8404659821066829,0.895,0.4102,0.408875,0.401125,26113
26143,-0.0518885028631616,26129,-0.07262267027745005,0.8404659821066829,0.895,0.3964,0.398875,0.402625,26143
26143,-0.0518885028631616,26051,-0.07305454240764268,0.8404659821066829,0.895,0.408,0.397,0.40225,26143
26143,-0.0518885028631616,26035,0.21768745374861256,0.8404659821066829,0.895,0.5421,0.559125,0.545625,26035
26157,-0.5952958627389039,26017,-0.33263943889617076,0.8404659821066829,0.895,0.5322,0.551375,0.557375,26017
26157,-0.5952958627389039,26049,-0.3019161483029782,0.8404659821066829,0.895,0.5824,0.584625,0.5875,26049
26157,-0.5952958627389039,26151,-0.7473120371143794,0.8404659821066829,0.895,0.4433,0.4455,0.4475,26157
26157,-0.5952958627389039,26087,-0.4628007471133631,0.8404659821066829,0.895,0.4401,0.449,0.44175,26087
26157,-0.5952958627389039,26145,-0.4609281097758976,0.8404659821066829,0.895,0.44,0.44225,0.447,26145
26159,-0.06103200474818325,26027,-0.07813201255429174,0.8404659821066829,0.895,0.405,0.402375,0.395375,26159
26159,-0.06103200474818325,26005,-0.26364013266192843,0.8404659821066829,0.895,0.4798,0.480375,0.47375,26159
26159,-0.06103200474818325,26021,-0.16426126592233303,0.8404659821066829,0.895,0.4195,0.410125,0.426875,26159
26159,-0.06103200474818325,26077,-0.1039557961012124,0.8404659821066829,0.895,0.3972,0.39575,0.408,26159
36027,-0.045291553669281254,36079,0.0010016545929707938,0.8404659821066829,0.895,0.4017,0.404875,0.41925,36079
36027,-0.045291553669281254,25003,-0.15198236594838918,0.8404659821066829,0.895,0.4283,0.440125,0.436625,36027
36027,-0.045291553669281254,9005,-0.1659394700018942,0.8404659821066829,0.895,0.4344,0.428875,0.43,36027
36037,0.19208433638956351,36055,0.17446765566406622,0.8404659821066829,0.895,0.4017,0.391375,0.406125,36037
36037,0.19208433638956351,36121,-0.24806659952147064,0.8404659821066829,0.895,0.7112,0.72225,0.72525,36037
36037,0.19208433638956351,36073,0.12302207397051008,0.8404659821066829,0.895,0.4092,0.4025,0.408125,36037
36049,-0.19174691687310566,36089,0.255192899692451,0.8404659821066829,0.895,0.7161,0.717875,0.71725,36089
39045,0.12723450976865122,39127,0.1415033125509605,0.8404659821066829,0.895,0.4018,0.404125,0.402375,39127
39045,0.12723450976865122,39049,0.18118132046010868,0.8404659821066829,0.895,0.407,0.411125,0.4085,39049
39045,0.12723450976865122,39089,0.08138484079900293,0.8404659821066829,0.895,0.4085,0.4005,0.405125,39045
39045,0.12723450976865122,39129,0.24115797420911458,0.8404659821066829,0.895,0.4252,0.4225,0.425875,39129
39055,-0.5188004213036588,39155,-0.38521924717036027,0.8404659821066829,0.895,0.4428,0.434,0.43125,39155
39055,-0.5188004213036588,39007,-0.16707533907379635,0.8404659821066829,0.895,0.6203,0.615125,0.618125,39007
39055,-0.5188004213036588,39133,-0.2592114249417709,0.8404659821066829,0.895,0.5256,0.524625,0.529125,39133
39055,-0.5188004213036588,39085,-0.213919789251377,0.8404659821066829,0.895,0.5642,0.5555,0.568625,39085
39065,-0.02637141083507015,39003,-0.3799392552688471,0.8404659821066829,0.895,0.6354,0.651,0.641375,39065
39065,-0.02637141083507015,39063,-0.35510349295935634,0.8404659821066829,0.895,0.6153,0.632875,0.622,39065
39065,-0.02637141083507015,39101,-0.04887687954674274,0.8404659821066829,0.895,0.4016,0.393125,0.394625,39065
39065,-0.02637141083507015,39011,-0.2375579033171569,0.8404659821066829,0.895,0.4927,0.523875,0.507875,39065
39065,-0.02637141083507015,39175,-0.2704101505225717,0.8404659821066829,0.895,0.528,0.536875,0.53025,39065
39065,-0.02637141083507015,39091,0.09788382933401309,0.8404659821066829,0.895,0.4353,0.434125,0.43225,39091
39079,0.4275701076422415,39053,0.29429103439030674,0.8404659821066829,0.895,0.4373,0.44425,0.43275,39079
39079,0.4275701076422415,39141,0.28766229799855253,0.8404659821066829,0.895,0.4436,0.456375,0.44725,39079
39079,0.4275701076422415,39145,0.46492466584054365,0.8404659821066829,0.895,0.4045,0.39825,0.410375,39145
39079,0.4275701076422415,39163,0.2081134139799206,0.8404659821066829,0.895,0.5094,0.519125,0.5145,39079
39079,0.4275701076422415,39087,0.46195159649360323,0.8404659821066829,0.895,0.4025,0.40625,0.3965,39087
39079,0.4275701076422415,39131,0.20578280404228727,0.8404659821066829,0.895,0.5088,0.493625,0.480375,39079
31085,-0.25275607261596245,31135,-0.17906940210074118,0.8404659821066829,0.895,0.4139,0.404625,0.406875,31135
31085,-0.25275607261596245,31087,-0.2709548429362353,0.8404659821066829,0.895,0.4022,0.4015,0.404125,31085
31085,-0.25275607261596245,31063,-0.4295168925977321,0.8404659821066829,0.895,0.4674,0.49325,0.497875,31085
31085,-0.25275607261596245,31029,-0.14831894628488335,0.8404659821066829,0.895,0.426,0.4225,0.415625,31029
31085,-0.25275607261596245,31111,-0.18647766766306173,0.8404659821066829,0.895,0.411,0.40775,0.40125,31111
31085,-0.25275607261596245,31057,-0.25057271224719985,0.8404659821066829,0.895,0.4031,0.405375,0.3955,31057
31095,-0.6489868950047819,31151,-0.34264010576449755,0.8404659821066829,0.895,0.5647,0.584625,0.586125,31151
31095,-0.6489868950047819,31067,-0.4386420176045005,0.8404659821066829,0.895,0.4854,0.4915,0.492,31067
31095,-0.6489868950047819,31169,-0.5604916397941886,0.8404659821066829,0.895,0.4149,0.417125,0.415125,31169
31115,-0.7995497952617734,31017,-0.5597607171747377,0.8404659821066829,0.895,0.5181,0.5215,0.5305,31017
31115,-0.7995497952617734,31041,-0.46078681929506055,0.8404659821066829,0.895,0.6368,0.648125,0.653375,31041
31115,-0.7995497952617734,31089,-0.7290631763768737,0.8404659821066829,0.895,0.4073,0.409375,0.407625,31089
31115,-0.7995497952617734,31149,-0.4590639170735412,0.8404659821066829,0.895,0.6101,0.61625,0.617375,31149
31115,-0.7995497952617734,31009,-0.37763493896157435,0.8404659821066829,0.895,0.703,0.720625,0.73575,31009
31125,-0.43951172783764375,31011,-0.5305419555767109,0.8404659821066829,0.895,0.4232,0.40975,0.41925,31125
31125,-0.43951172783764375,31077,-0.6628016314467026,0.8404659821066829,0.895,0.5023,0.49175,0.48675,31125
31125,-0.43951172783764375,31093,-0.4150840932631957,0.8404659821066829,0.895,0.3968,0.40225,0.40875,31093
31125,-0.43951172783764375,31121,-0.3174888378304231,0.8404659821066829,0.895,0.4338,0.440875,0.430375,31121
31125,-0.43951172783764375,31141,-0.39973533214816115,0.8404659821066829,0.895,0.4076,0.401375,0.406125,31141
31135,-0.17906940210074118,8095,-0.5420383470606284,0.8404659821066829,0.895,0.6375,0.647375,0.657625,31135
31135,-0.17906940210074118,8115,-0.4173091949609743,0.8404659821066829,0.895,0.5254,0.52925,0.535,31135
31135,-0.17906940210074118,31029,-0.14831894628488335,0.8404659821066829,0.895,0.398,0.410375,0.39925,31029
31135,-0.17906940210074118,31111,-0.18647766766306173,0.8404659821066829,0.895,0.4011,0.39425,0.39775,31135
27001,-0.3505001671772853,27035,-0.1343650461164537,0.8404659821066829,0.895,0.5034,0.511125,0.504125,27035
27001,-0.3505001671772853,27115,-0.272300420293747,0.8404659821066829,0.895,0.4161,0.41625,0.420625,27115
27001,-0.3505001671772853,27017,-0.15098299267135595,0.8404659821066829,0.895,0.489,0.491125,0.47625,27017
27001,-0.3505001671772853,27095,-0.16667905806568045,0.8404659821066829,0.895,0.4871,0.48725,0.4795,27095
27001,-0.3505001671772853,27065,-0.46451716566355256,0.8404659821066829,0.895,0.4279,0.429875,0.42275,27001
27005,-0.13256083714631756,27159,-0.40740591891172906,0.8404659821066829,0.895,0.5552,0.56925,0.57,27005
27005,-0.13256083714631756,27057,-0.2990282566226032,0.8404659821066829,0.895,0.4585,0.471,0.470875,27005
27005,-0.13256083714631756,27087,-0.26101854088443066,0.8404659821066829,0.895,0.4362,0.452125,0.44225,27005
27005,-0.13256083714631756,27029,-0.37754218712857357,0.8404659821066829,0.895,0.5269,0.5555,0.543,27005
27005,-0.13256083714631756,27111,-0.42725948197309316,0.8404659821066829,0.895,0.5838,0.59675,0.59575,27005
27019,-0.3121774554705244,27085,-0.7593407005110177,0.8404659821066829,0.895,0.717,0.738125,0.733875,27019
27019,-0.3121774554705244,27143,-0.6182875959080831,0.8404659821066829,0.895,0.5712,0.587375,0.584,27019
36055,0.17446765566406622,36117,0.04933197562190984,0.8404659821066829,0.895,0.4282,0.429875,0.4285,36055
36055,0.17446765566406622,36069,0.31285387824984345,0.8404659821066829,0.895,0.4477,0.4535,0.449625,36069
36055,0.17446765566406622,36073,0.12302207397051008,0.8404659821066829,0.895,0.4041,0.401,0.405,36055
36057,-0.3169478319711621,36035,-0.18437842659097664,0.8404659821066829,0.895,0.437,0.445375,0.437875,36035
36057,-0.3169478319711621,36093,-0.011444095374010652,0.8404659821066829,0.895,0.5702,0.582625,0.582875,36093
36057,-0.3169478319711621,36095,-0.05226262680839932,0.8404659821066829,0.895,0.54,0.549,0.55325,36095
39099,-0.48111008040579784,39155,-0.38521924717036027,0.8404659821066829,0.895,0.4276,0.422125,0.4185,39155
39099,-0.48111008040579784,42085,-0.39300051440653944,0.8404659821066829,0.895,0.4151,0.419,0.415375,42085
39099,-0.48111008040579784,42073,-0.3916314393965768,0.8404659821066829,0.895,0.416,0.421375,0.426375,42073
39099,-0.48111008040579784,39133,-0.2592114249417709,0.8404659821066829,0.895,0.5004,0.502,0.506,39133
39099,-0.48111008040579784,39151,-0.5559172385077478,0.8404659821066829,0.895,0.4085,0.417375,0.40825,39099
39109,-0.3400556810522093,39149,-0.3618420902623919,0.8404659821066829,0.895,0.3963,0.403875,0.401625,39109
39109,-0.3400556810522093,39023,-0.08397552530803616,0.8404659821066829,0.895,0.5288,0.53325,0.53175,39023
39109,-0.3400556810522093,39113,-0.16506925871678926,0.8404659821066829,0.895,0.4681,0.470875,0.47225,39113
39109,-0.3400556810522093,39021,-0.04650365799750118,0.8404659821066829,0.895,0.5658,0.57875,0.569375,39021
39109,-0.3400556810522093,39037,-0.48176291667683774,0.8404659821066829,0.895,0.4486,0.44625,0.442375,39109
39125,0.05935955830659509,39137,-0.42744440178586784,0.8404659821066829,0.895,0.7514,0.748875,0.73525,39125
39125,0.05935955830659509,39161,-0.4709593085617031,0.8404659821066829,0.895,0.7879,0.80775,0.806125,39125
31151,-0.34264010576449755,31067,-0.4386420176045005,0.8404659821066829,0.895,0.4233,0.443,0.433,31151
31151,-0.34264010576449755,31109,-0.1855437891136907,0.8404659821066829,0.895,0.4501,0.45225,0.45425,31109
31151,-0.34264010576449755,31159,-0.3275570719089328,0.8404659821066829,0.895,0.3924,0.39825,0.405375,31159
31155,-0.10494347443051788,31025,0.1458392721909915,0.8404659821066829,0.895,0.5411,0.537625,0.5345,31025
31155,-0.10494347443051788,31109,-0.1855437891136907,0.8404659821066829,0.895,0.4178,0.411875,0.415375,31155
31155,-0.10494347443051788,31153,0.10532595302277825,0.8404659821066829,0.895,0.4944,0.490875,0.50025,31153
31155,-0.10494347443051788,31023,-0.6198541748976039,0.8404659821066829,0.895,0.8028,0.806125,0.79425,31155
31155,-0.10494347443051788,31053,-0.16480619266926438,0.8404659821066829,0.895,0.4036,0.411,0.405,31155
31155,-0.10494347443051788,31055,0.11210994111042732,0.8404659821066829,0.895,0.4992,0.497625,0.505125,31055
31165,-0.5513447675531284,56027,-0.291814655105916,0.8404659821066829,0.895,0.5383,0.54675,0.54525,56027
31165,-0.5513447675531284,31013,-0.5422008912609897,0.8404659821066829,0.895,0.4057,0.401375,0.39675,31013
31165,-0.5513447675531284,56015,-0.5921080067498526,0.8404659821066829,0.895,0.4,0.403125,0.40025,31165
27035,-0.1343650461164537,27095,-0.16667905806568045,0.8404659821066829,0.895,0.3986,0.4005,0.40775,27035
27055,-0.7194867613391057,19005,-0.7286113032133827,0.8404659821066829,0.895,0.3932,0.403875,0.402625,27055
27055,-0.7194867613391057,19191,-0.8164981916432238,0.8404659821066829,0.895,0.4232,0.422625,0.418,27055
27055,-0.7194867613391057,55063,-0.36436386012901,0.8404659821066829,0.895,0.6336,0.650625,0.64825,55063
27055,-0.7194867613391057,55123,-0.569353508408699,0.8404659821066829,0.895,0.4508,0.47075,0.463,55123
27055,-0.7194867613391057,27169,-0.4133909222899871,0.8404659821066829,0.895,0.5913,0.601875,0.597625,27169
27055,-0.7194867613391057,27045,-0.754292088966921,0.8404659821066829,0.895,0.401,0.40475,0.4035,27055
27085,-0.7593407005110177,27093,-0.6474555261977811,0.8404659821066829,0.895,0.4215,0.422375,0.4235,27093
27085,-0.7593407005110177,27143,-0.6182875959080831,0.8404659821066829,0.895,0.4414,0.448875,0.458,27143
36079,0.0010016545929707938,36087,-0.5464554382462833,0.8404659821066829,0.895,0.8041,0.81325,0.806375,36079
36097,0.17916852576067455,36101,0.2741381566713994,0.8404659821066829,0.895,0.4265,0.42075,0.415125,36101
36097,0.17916852576067455,36015,0.2658342452244079,0.8404659821066829,0.895,0.4187,0.41175,0.41375,36015
36097,0.17916852576067455,36099,0.020355878287787017,0.8404659821066829,0.895,0.4598,0.455125,0.45575,36097
36097,0.17916852576067455,36123,0.175980389898979,0.8404659821066829,0.895,0.4005,0.4085,0.3915,36097
36097,0.17916852576067455,36109,0.1775155632531711,0.8404659821066829,0.895,0.3998,0.395,0.39825,36097
39139,-0.3053406503772566,39083,-0.27311476590322564,0.8404659821066829,0.895,0.3931,0.396875,0.398625,39083
39139,-0.3053406503772566,39005,-0.437541430755704,0.8404659821066829,0.895,0.4371,0.441,0.441875,39139
39139,-0.3053406503772566,39033,-0.24223117934954963,0.8404659821066829,0.895,0.4048,0.406125,0.4065,39033
39139,-0.3053406503772566,39077,-0.18171465776191761,0.8404659821066829,0.895,0.4358,0.436625,0.4355,39077
39149,-0.3618420902623919,39107,-0.4982349990649267,0.8404659821066829,0.895,0.4393,0.45125,0.44875,39149
39149,-0.3618420902623919,39011,-0.2375579033171569,0.8404659821066829,0.895,0.4358,0.42675,0.445,39011
39149,-0.3618420902623919,39021,-0.04650365799750118,0.8404659821066829,0.895,0.6005,0.603125,0.5975,39021
39149,-0.3618420902623919,39037,-0.48176291667683774,0.8404659821066829,0.895,0.427,0.440125,0.442875,39149
39149,-0.3618420902623919,39091,0.09788382933401309,0.8404659821066829,0.895,0.7344,0.7325,0.746625,39091
39155,-0.38521924717036027,39007,-0.16707533907379635,0.8404659821066829,0.895,0.4963,0.507625,0.51225,39007
39155,-0.38521924717036027,42085,-0.39300051440653944,0.8404659821066829,0.895,0.4024,0.397,0.40325,39155
39155,-0.38521924717036027,42039,-0.22388417882128098,0.8404659821066829,0.895,0.461,0.46975,0.471875,42039
39155,-0.38521924717036027,39133,-0.2592114249417709,0.8404659821066829,0.895,0.4335,0.440375,0.43025,39133
31185,-0.5652524240494783,31035,-0.0983786841770657,0.8404659821066829,0.895,0.7432,0.759375,0.739625,31035
31185,-0.5652524240494783,31143,-0.4540444527679836,0.8404659821066829,0.895,0.4267,0.42825,0.427625,31143
31185,-0.5652524240494783,31159,-0.3275570719089328,0.8404659821066829,0.895,0.509,0.51175,0.510625,31159
32009,-0.29263041934562745,32021,-0.24051855507644013,0.8404659821066829,0.895,0.3953,0.40775,0.408625,32021
32009,-0.29263041934562745,32023,-0.034152502036470515,0.8404659821066829,0.895,0.5292,0.54125,0.53525,32023
32019,-0.19792177302693517,32029,-1.1597681082000262,0.8404659821066829,0.895,0.9674,0.97975,0.98,32019
32019,-0.19792177302693517,32510,-0.11785313640277587,0.8404659821066829,0.895,0.4122,0.411625,0.416875,32510
32019,-0.19792177302693517,32005,-0.4827681024975699,0.8404659821066829,0.895,0.5712,0.578,0.5735,32019
32019,-0.19792177302693517,32021,-0.24051855507644013,0.8404659821066829,0.895,0.4087,0.41275,0.41475,32019
32027,-0.6211500256176954,32013,-0.03828992074521167,0.8404659821066829,0.895,0.8261,0.838125,0.840125,32013
27109,-0.5420199726771522,27157,-0.3852259285514492,0.8404659821066829,0.895,0.4638,0.46325,0.462,27157
27109,-0.5420199726771522,27039,-0.5599110441028874,0.8404659821066829,0.895,0.3993,0.40175,0.40225,27109
27109,-0.5420199726771522,27049,-0.5019497826090545,0.8404659821066829,0.895,0.4043,0.40975,0.40325,27049
27109,-0.5420199726771522,27099,-0.6953803228590524,0.8404659821066829,0.895,0.4532,0.47175,0.477875,27109
27109,-0.5420199726771522,27169,-0.4133909222899871,0.8404659821066829,0.895,0.4424,0.437,0.43,27169
27109,-0.5420199726771522,27045,-0.754292088966921,0.8404659821066829,0.895,0.4947,0.5095,0.50575,27109
27115,-0.272300420293747,55013,0.052611967041089724,0.8404659821066829,0.895,0.6001,0.612,0.629125,55013
27115,-0.272300420293747,27017,-0.15098299267135595,0.8404659821066829,0.895,0.4378,0.428625,0.429375,27017
27115,-0.272300420293747,55031,0.15114134410603428,0.8404659821066829,0.895,0.7008,0.706375,0.7185,55031
27115,-0.272300420293747,27025,-0.17577685144707353,0.8404659821066829,0.895,0.4157,0.421625,0.41975,27025
27115,-0.272300420293747,27065,-0.46451716566355256,0.8404659821066829,0.895,0.4727,0.484125,0.4905,27115
27125,-0.354042753011856,27113,-0.6193398610809737,0.8404659821066829,0.895,0.5149,0.528625,0.538625,27125
36101,0.2741381566713994,36003,-0.03500513366785558,0.8404659821066829,0.895,0.6006,0.597125,0.60725,36101
36101,0.2741381566713994,36015,0.2658342452244079,0.8404659821066829,0.895,0.3957,0.39625,0.394,36101
36101,0.2741381566713994,42117,-0.12063511264696024,0.8404659821066829,0.895,0.6745,0.68725,0.685875,36101
36101,0.2741381566713994,36069,0.31285387824984345,0.8404659821066829,0.895,0.4082,0.405875,0.405125,36069
36101,0.2741381566713994,36123,0.175980389898979,0.8404659821066829,0.895,0.4189,0.42475,0.424375,36101
36101,0.2741381566713994,42105,-0.08446298736518462,0.8404659821066829,0.895,0.6634,0.673125,0.66375,36101
36117,0.04933197562190984,36099,0.020355878287787017,0.8404659821066829,0.895,0.405,0.403875,0.40075,36117
36117,0.04933197562190984,36069,0.31285387824984345,0.8404659821066829,0.895,0.5317,0.54975,0.547375,36069
39165,0.1445461507855414,39113,-0.16506925871678926,0.8404659821066829,0.895,0.5901,0.604875,0.61675,39165
39165,0.1445461507855414,39057,-0.07712741942758358,0.8404659821066829,0.895,0.5,0.509875,0.5115,39165
39165,0.1445461507855414,39027,0.23270208172251064,0.8404659821066829,0.895,0.4183,0.41875,0.413125,39027
39169,-0.49734662960948545,39103,-0.3219556113548753,0.8404659821066829,0.895,0.4697,0.467,0.465,39103
39169,-0.49734662960948545,39151,-0.5559172385077478,0.8404659821066829,0.895,0.4117,0.411,0.41425,39169
39169,-0.49734662960948545,39005,-0.437541430755704,0.8404659821066829,0.895,0.4133,0.409875,0.412375,39005
39169,-0.49734662960948545,39075,-1.034791418152895,0.8404659821066829,0.895,0.796,0.812,0.805125,39169
39169,-0.49734662960948545,39153,-0.3040181428884039,0.8404659821066829,0.895,0.4827,0.489375,0.472125,39153
40009,0.42570766613116723,40129,0.08880264607160568,0.8404659821066829,0.895,0.6267,0.64725,0.641125,40009
40009,0.42570766613116723,48087,0.8044684618581558,0.8404659821066829,0.895,0.6655,0.711375,0.697375,48087
40009,0.42570766613116723,40039,0.5319474150826023,0.8404659821066829,0.895,0.4372,0.422,0.425125,40039
40009,0.42570766613116723,40149,0.1959850472047286,0.8404659821066829,0.895,0.5087,0.517375,0.52575,40009
33001,0.29219077091674234,33003,0.004262693041676937,0.8404659821066829,0.895,0.5559,0.560625,0.563875,33001
33001,0.29219077091674234,33013,0.27951236272334684,0.8404659821066829,0.895,0.3992,0.400875,0.399375,33001
35049,-1.175535213233838,35057,-1.1822237709294847,0.8404659821066829,0.895,0.3992,0.398,0.402,35049
35049,-1.175535213233838,35047,-1.0619615013655712,0.8404659821066829,0.895,0.4293,0.426,0.423375,35047
35049,-1.175535213233838,35001,-1.1537313021627753,0.8404659821066829,0.895,0.4011,0.397625,0.39875,35001
35049,-1.175535213233838,35028,-1.144719041019494,0.8404659821066829,0.895,0.3975,0.40775,0.403625,35028
27155,-0.6056140322599198,27149,-0.5396832216010536,0.8404659821066829,0.895,0.4113,0.42,0.419375,27149
27155,-0.6056140322599198,27051,-0.46177736593734653,0.8404659821066829,0.895,0.4503,0.45075,0.448625,27051
27155,-0.6056140322599198,46109,-0.519102336217359,0.8404659821066829,0.895,0.421,0.421125,0.419875,46109
27159,-0.40740591891172906,27057,-0.2990282566226032,0.8404659821066829,0.895,0.4219,0.424,0.423,27057
27159,-0.40740591891172906,27153,-0.3743862083884078,0.8404659821066829,0.895,0.4011,0.406125,0.3965,27153
27159,-0.40740591891172906,27111,-0.42725948197309316,0.8404659821066829,0.895,0.4036,0.39125,0.398875,27159
28005,-0.1865821633872379,28037,-0.18779026881395047,0.8404659821066829,0.895,0.4001,0.404375,0.405,28005
28005,-0.1865821633872379,28085,0.12706829912443,0.8404659821066829,0.895,0.6079,0.628125,0.61925,28085
28005,-0.1865821633872379,28113,0.10563616621978021,0.8404659821066829,0.895,0.5735,0.581,0.591,28113
37003,0.030141666100956324,37035,0.26440763534375017,0.8404659821066829,0.895,0.5043,0.503125,0.50475,37035
37003,0.030141666100956324,37097,0.2612468330706624,0.8404659821066829,0.895,0.5064,0.523375,0.5225,37097
37033,0.005825803004990404,37157,0.1715891462039523,0.8404659821066829,0.895,0.4709,0.463625,0.46425,37157
37033,0.005825803004990404,37145,0.23899838625525063,0.8404659821066829,0.895,0.5157,0.521625,0.518875,37145
37033,0.005825803004990404,37001,0.07935070736943073,0.8404659821066829,0.895,0.4212,0.42175,0.420875,37001
37033,0.005825803004990404,51590,-0.21612076045587975,0.8404659821066829,0.895,0.4925,0.500875,0.501,37033
37033,0.005825803004990404,37135,0.35381025216880946,0.8404659821066829,0.895,0.6253,0.645875,0.6555,37135
40019,0.7500455068615641,40049,0.7560086898184091,0.8404659821066829,0.895,0.4024,0.405,0.40425,40049
40019,0.7500455068615641,40085,0.48424066296856255,0.8404659821066829,0.895,0.5507,0.557375,0.556875,40019
40019,0.7500455068615641,40137,0.395355052206655,0.8404659821066829,0.895,0.6398,0.660625,0.65575,40019
40019,0.7500455068615641,40069,0.6491747533554487,0.8404659821066829,0.895,0.4187,0.419375,0.420125,40019
40019,0.7500455068615641,40099,0.6970292779849395,0.8404659821066829,0.895,0.4052,0.409125,0.405125,40019
40033,0.4243748423630569,48077,0.6324907791049648,0.8404659821066829,0.895,0.4881,0.50175,0.515375,48077
40033,0.4243748423630569,40031,0.2901338091773897,0.8404659821066829,0.895,0.4362,0.461125,0.44125,40033
40033,0.4243748423630569,40137,0.395355052206655,0.8404659821066829,0.895,0.3973,0.404625,0.4105,40033
40033,0.4243748423630569,48485,0.5552723245981864,0.8404659821066829,0.895,0.4418,0.4565,0.454125,48485
40049,0.7560086898184091,40051,0.3499852326992925,0.8404659821066829,0.895,0.688,0.709125,0.709125,40049
40049,0.7560086898184091,40137,0.395355052206655,0.8404659821066829,0.895,0.6435,0.660625,0.661625,40049
40049,0.7560086898184091,40123,0.5934454987323041,0.8404659821066829,0.895,0.4591,0.471,0.45925,40049
40049,0.7560086898184091,40099,0.6970292779849395,0.8404659821066829,0.895,0.4083,0.407875,0.400375,40049
21117,0.6422330866463979,21191,0.5684381965824136,0.8404659821066829,0.895,0.407,0.4185,0.411375,21117
21117,0.6422330866463979,21015,0.6890362569570341,0.8404659821066829,0.895,0.4041,0.40875,0.401875,21015
21117,0.6422330866463979,21037,0.5185600654620697,0.8404659821066829,0.895,0.4307,0.442,0.426375,21117
21117,0.6422330866463979,21081,0.9839243065150891,0.8404659821066829,0.895,0.621,0.629375,0.633625,21081
21137,1.1640922686921442,21045,1.0542944062022446,0.8404659821066829,0.895,0.4281,0.438,0.43125,21137
21137,1.1640922686921442,21199,1.059944309834641,0.8404659821066829,0.895,0.4219,0.429125,0.42975,21137
28025,0.07573981507015885,28155,0.7413051289431709,0.8404659821066829,0.895,0.8988,0.902375,0.89375,28155
28025,0.07573981507015885,28017,0.404404131189395,0.8404659821066829,0.895,0.6002,0.6005,0.601125,28017
28025,0.07573981507015885,28095,0.3299163851300294,0.8404659821066829,0.895,0.5288,0.538,0.53,28095
28035,0.5535659005258216,28067,0.2713835622944667,0.8404659821066829,0.895,0.5529,0.5725,0.57,28035
28035,0.5535659005258216,28111,0.3553142330895639,0.8404659821066829,0.895,0.4819,0.4915,0.491125,28035
28035,0.5535659005258216,28073,0.3535048968538685,0.8404659821066829,0.895,0.4832,0.49325,0.484375,28035
28035,0.5535659005258216,28031,0.2287051324616078,0.8404659821066829,0.895,0.6041,0.62625,0.632375,28035
28035,0.5535659005258216,28131,0.6866524961705522,0.8404659821066829,0.895,0.4444,0.44175,0.43925,28131
28067,0.2713835622944667,28111,0.3553142330895639,0.8404659821066829,0.895,0.4137,0.41975,0.416375,28111
28067,0.2713835622944667,28153,0.08359879172664116,0.8404659821066829,0.895,0.4747,0.494125,0.48725,28067
28067,0.2713835622944667,28031,0.2287051324616078,0.8404659821066829,0.895,0.4049,0.406375,0.404375,28067
28067,0.2713835622944667,28129,0.5534739235416671,0.8404659821066829,0.895,0.559,0.5685,0.5555,28129
37063,0.3248136408381523,37077,0.18362064475238526,0.8404659821066829,0.895,0.4454,0.4545,0.4585,37063
37063,0.3248136408381523,37145,0.23899838625525063,0.8404659821066829,0.895,0.4161,0.425,0.427,37063
37063,0.3248136408381523,37037,0.04309174466714433,0.8404659821066829,0.895,0.5715,0.573125,0.569875,37063
37063,0.3248136408381523,37135,0.35381025216880946,0.8404659821066829,0.895,0.3993,0.40875,0.39975,37135
37077,0.18362064475238526,37145,0.23899838625525063,0.8404659821066829,0.895,0.4048,0.405875,0.405875,37145
37077,0.18362064475238526,37181,-0.03596289770155771,0.8404659821066829,0.895,0.4985,0.510375,0.518375,37077
37157,0.1715891462039523,37001,0.07935070736943073,0.8404659821066829,0.895,0.4188,0.416625,0.410125,37157
37157,0.1715891462039523,37081,0.038899114412776464,0.8404659821066829,0.895,0.438,0.437125,0.42975,37157
37157,0.1715891462039523,51089,-0.18454643658182665,0.8404659821066829,0.895,0.6377,0.638125,0.647375,37157
37157,0.1715891462039523,37169,0.1794949226711279,0.8404659821066829,0.895,0.4031,0.39975,0.406125,37169
40059,0.14110797106022469,40153,-0.1266972322932774,0.8404659821066829,0.895,0.5389,0.552625,0.54175,40059
40059,0.14110797106022469,20025,0.00389543073964127,0.8404659821066829,0.895,0.4346,0.43675,0.443125,40059
40059,0.14110797106022469,40045,0.31878511805762866,0.8404659821066829,0.895,0.4679,0.4725,0.473,40045
40059,0.14110797106022469,40151,-0.2394966770617426,0.8404659821066829,0.895,0.658,0.698125,0.6865,40059
40059,0.14110797106022469,40007,-0.1323832085432157,0.8404659821066829,0.895,0.5533,0.5635,0.562125,40059
40063,0.5630434332604048,40107,0.354618531232542,0.8404659821066829,0.895,0.496,0.499125,0.502875,40063
40063,0.5630434332604048,40121,0.5773586891674442,0.8404659821066829,0.895,0.3989,0.397875,0.405375,40121
40063,0.5630434332604048,40091,0.35097427763384326,0.8404659821066829,0.895,0.4927,0.48175,0.48025,40063
40063,0.5630434332604048,40123,0.5934454987323041,0.8404659821066829,0.895,0.4074,0.39975,0.408375,40123
40063,0.5630434332604048,40029,0.5076235694512294,0.8404659821066829,0.895,0.4046,0.403125,0.41025,40063
40073,0.04978573908717482,40083,-0.03930638590174777,0.8404659821066829,0.895,0.4182,0.41425,0.41675,40073
40073,0.04978573908717482,40093,-0.269460172310701,0.8404659821066829,0.895,0.6061,0.597625,0.60175,40073
40073,0.04978573908717482,40017,0.10237561243930865,0.8404659821066829,0.895,0.4075,0.40325,0.405875,40017
40073,0.04978573908717482,40047,-0.02547080971178364,0.8404659821066829,0.895,0.4175,0.409,0.413,40073
21161,1.0136173117003477,21201,0.745596901676924,0.8404659821066829,0.895,0.5398,0.54275,0.54025,21161
21161,1.0136173117003477,39001,0.7189911555439867,0.8404659821066829,0.895,0.5698,0.565625,0.569875,21161
21161,1.0136173117003477,21023,1.069368298096228,0.8404659821066829,0.895,0.4033,0.397375,0.41125,21023
21161,1.0136173117003477,39015,0.6444385685746457,0.8404659821066829,0.895,0.6537,0.648875,0.65325,21161
21191,0.5684381965824136,21023,1.069368298096228,0.8404659821066829,0.895,0.7827,0.78125,0.7925,21023
21191,0.5684381965824136,21037,0.5185600654620697,0.8404659821066829,0.895,0.4079,0.405875,0.40525,21191
21191,0.5684381965824136,21081,0.9839243065150891,0.8404659821066829,0.895,0.6939,0.72925,0.7285,21081
28077,0.4499655952399061,28091,0.4985616901195917,0.8404659821066829,0.895,0.404,0.409,0.4085,28091
28077,0.4499655952399061,28029,0.004982090768517338,0.8404659821066829,0.895,0.7187,0.739875,0.7275,28077
28077,0.4499655952399061,28085,0.12706829912443,0.8404659821066829,0.895,0.6052,0.6045,0.614375,28077
28077,0.4499655952399061,28127,0.24859205334951506,0.8404659821066829,0.895,0.4878,0.490875,0.491125,28077
28077,0.4499655952399061,28147,0.07227910380668778,0.8404659821066829,0.895,0.6491,0.659875,0.66125,28077
28077,0.4499655952399061,28065,0.5222839884149898,0.8404659821066829,0.895,0.4143,0.410875,0.424125,28065
28081,1.1905636795968677,28017,0.404404131189395,0.8404659821066829,0.895,0.9434,0.95575,0.95375,28081
28081,1.1905636795968677,28095,0.3299163851300294,0.8404659821066829,0.895,0.97,0.974875,0.9755,28081
28081,1.1905636795968677,28115,0.18096726227693605,0.8404659821066829,0.895,0.9855,0.989875,0.987875,28081
28081,1.1905636795968677,28117,0.3083072999294195,0.8404659821066829,0.895,0.9693,0.975875,0.973375,28081
28091,0.4985616901195917,28073,0.3535048968538685,0.8404659821066829,0.895,0.4486,0.460375,0.44725,28091
28091,0.4985616901195917,28147,0.07227910380668778,0.8404659821066829,0.895,0.6996,0.71725,0.705875,28091
28091,0.4985616901195917,28065,0.5222839884149898,0.8404659821066829,0.895,0.3954,0.406875,0.400375,28065
28097,0.16064308965837612,28155,0.7413051289431709,0.8404659821066829,0.895,0.8405,0.844375,0.835625,28155
28097,0.16064308965837612,28015,0.13208196327480465,0.8404659821066829,0.895,0.408,0.407,0.40125,28097
28097,0.16064308965837612,28019,-0.27847652676826434,0.8404659821066829,0.895,0.7104,0.722125,0.707,28097
37187,-0.2460864447195898,37177,-0.3524303657345945,0.8404659821066829,0.895,0.4204,0.4225,0.41125,37187
38003,-0.5988656236943094,38073,-0.5173589852942766,0.8404659821066829,0.895,0.4154,0.41975,0.417,38073
38003,-0.5988656236943094,38039,-0.602232845506108,0.8404659821066829,0.895,0.3955,0.399625,0.40725,38003
38003,-0.5988656236943094,38045,-0.8955876619185412,0.8404659821066829,0.895,0.5814,0.569,0.571875,38003
38003,-0.5988656236943094,38093,-0.6490199536280524,0.8404659821066829,0.895,0.4056,0.41175,0.393625,38003
38003,-0.5988656236943094,38091,-0.7336662873334774,0.8404659821066829,0.895,0.4431,0.445375,0.445625,38003
38027,-0.4846962907454019,38103,-0.7974995546571407,0.8404659821066829,0.895,0.5936,0.584625,0.581,38027
38027,-0.4846962907454019,38039,-0.602232845506108,0.8404659821066829,0.895,0.4314,0.430125,0.428875,38027
38027,-0.4846962907454019,38063,-0.22403793926421067,0.8404659821066829,0.895,0.5362,0.545,0.55375,38063
38027,-0.4846962907454019,38031,-0.6758596583981918,0.8404659821066829,0.895,0.4766,0.463375,0.461375,38027
38033,-1.0585150063224293,38087,-1.0282754694970457,0.8404659821066829,0.895,0.4011,0.399875,0.402125,38087
38033,-1.0585150063224293,30109,-0.3449463567729001,0.8404659821066829,0.895,0.913,0.927,0.923875,30109
38033,-1.0585150063224293,30025,-0.3927110847292305,0.8404659821066829,0.895,0.904,0.90775,0.90825,30025
38033,-1.0585150063224293,38007,-1.302635801032589,0.8404659821066829,0.895,0.5184,0.533,0.52975,38033
40103,0.037066188162067866,40119,0.17407883571087124,0.8404659821066829,0.895,0.439,0.446625,0.44275,40119
40103,0.037066188162067866,40071,0.2296995136275017,0.8404659821066829,0.895,0.4807,0.4775,0.473375,40071
40103,0.037066188162067866,40083,-0.03930638590174777,0.8404659821066829,0.895,0.4224,0.415375,0.417625,40103
40103,0.037066188162067866,40047,-0.02547080971178364,0.8404659821066829,0.895,0.4053,0.40575,0.408375,40103
40119,0.17407883571087124,40081,0.11394737108016538,0.8404659821066829,0.895,0.4046,0.418125,0.412625,40119
40119,0.17407883571087124,40083,-0.03930638590174777,0.8404659821066829,0.895,0.4885,0.512125,0.501125,40119
40119,0.17407883571087124,40037,0.4253224801644222,0.8404659821066829,0.895,0.5398,0.52675,0.521875,40037
21201,0.745596901676924,21023,1.069368298096228,0.8404659821066829,0.895,0.6003,0.5985,0.59925,21023
21207,0.7500230579340738,21045,1.0542944062022446,0.8404659821066829,0.895,0.5891,0.596,0.5835,21045
21207,0.7500230579340738,21053,0.9355817455442422,0.8404659821066829,0.895,0.4802,0.47825,0.48525,21053
21207,0.7500230579340738,21001,0.37010624442505097,0.8404659821066829,0.895,0.66,0.669125,0.6885,21207
21207,0.7500230579340738,21057,0.4879331220814993,0.8404659821066829,0.895,0.5416,0.555,0.556375,21207
21207,0.7500230579340738,21199,1.059944309834641,0.8404659821066829,0.895,0.5962,0.608625,0.595375,21199
21221,0.7074373740266757,21035,0.4674745485101425,0.8404659821066829,0.895,0.5167,0.51775,0.5165,21221
21221,0.7074373740266757,21143,0.29024460835131116,0.8404659821066829,0.895,0.6937,0.72075,0.715,21221
21221,0.7074373740266757,21157,0.494447056527082,0.8404659821066829,0.895,0.5014,0.503375,0.501125,21221
21221,0.7074373740266757,47161,1.0497560786264541,0.8404659821066829,0.895,0.6298,0.63075,0.626875,47161
22021,1.1447497623087246,22049,0.7517236891293354,0.8404659821066829,0.895,0.6747,0.677,0.68025,22021
22077,-0.020270118723591357,22121,0.3476168462955315,0.8404659821066829,0.895,0.6467,0.65525,0.64525,22121
22077,-0.020270118723591357,22047,0.18653941670679475,0.8404659821066829,0.895,0.4995,0.502375,0.50575,22047
28111,0.3553142330895639,28153,0.08359879172664116,0.8404659821066829,0.895,0.5566,0.591875,0.571,28111
28111,0.3553142330895639,28039,0.6796187554530528,0.8404659821066829,0.895,0.5899,0.597,0.583375,28039
28111,0.3553142330895639,28131,0.6866524961705522,0.8404659821066829,0.895,0.6127,0.61825,0.60725,28131
28111,0.3553142330895639,28041,0.04743465620058923,0.8404659821066829,0.895,0.5822,0.606,0.594125,28111
28161,1.0887720442681468,28135,0.3440371708571517,0.8404659821066829,0.895,0.9289,0.93725,0.941,28161
28161,1.0887720442681468,28013,0.5058244909632015,0.8404659821066829,0.895,0.832,0.833125,0.831125,28161
28161,1.0887720442681468,28071,0.5057108971938417,0.8404659821066829,0.895,0.8377,0.844375,0.839,28161
29001,0.28727048625574825,29115,0.08787547241377974,0.8404659821066829,0.895,0.4913,0.506875,0.501125,29001
29001,0.28727048625574825,29121,-0.09969167766383019,0.8404659821066829,0.895,0.681,0.7015,0.708,29001
29001,0.28727048625574825,29103,0.3063694697713677,0.8404659821066829,0.895,0.4022,0.406375,0.40075,29103
29003,-0.23795895246140372,29147,-0.42125185447476887,0.8404659821066829,0.895,0.4775,0.481375,0.481875,29003
29003,-0.23795895246140372,20043,-0.26384051471134834,0.8404659821066829,0.895,0.4045,0.402875,0.397625,29003
29003,-0.23795895246140372,29075,-0.3686671160273103,0.8404659821066829,0.895,0.4354,0.435,0.443875,29003
29003,-0.23795895246140372,29021,0.0792475827324217,0.8404659821066829,0.895,0.5933,0.5865,0.600625,29021
29003,-0.23795895246140372,29063,-0.44702632848535523,0.8404659821066829,0.895,0.4954,0.504875,0.511875,29003
38043,-0.9205953106937239,38103,-0.7974995546571407,0.8404659821066829,0.895,0.4328,0.43575,0.43475,38103
38043,-0.9205953106937239,38029,-0.9383571651981055,0.8404659821066829,0.895,0.3964,0.403375,0.40025,38043
38043,-0.9205953106937239,38015,-0.764261139768452,0.8404659821066829,0.895,0.456,0.463125,0.45875,38015
38043,-0.9205953106937239,38093,-0.6490199536280524,0.8404659821066829,0.895,0.5549,0.57325,0.562,38093
38043,-0.9205953106937239,38083,-1.075980592828533,0.8404659821066829,0.895,0.4544,0.453875,0.449625,38043
38043,-0.9205953106937239,38047,-1.0522479536611886,0.8404659821066829,0.895,0.4413,0.430875,0.443625,38043
38057,-0.7302336832464786,38065,-0.9205361397161977,0.8404659821066829,0.895,0.4641,0.46875,0.467125,38057
38057,-0.7302336832464786,38025,-1.096013538806619,0.8404659821066829,0.895,0.6428,0.63275,0.633875,38057
38057,-0.7302336832464786,38089,-1.0344820477677792,0.8404659821066829,0.895,0.5792,0.565,0.5755,38057
38073,-0.5173589852942766,38045,-0.8955876619185412,0.8404659821066829,0.895,0.66,0.65375,0.662,38073
38073,-0.5173589852942766,38081,-0.49368496574962584,0.8404659821066829,0.895,0.3967,0.398625,0.402625,38081
38073,-0.5173589852942766,38021,-0.7018064336125208,0.8404659821066829,0.895,0.4752,0.470375,0.4705,38073
40129,0.08880264607160568,40045,0.31878511805762866,0.8404659821066829,0.895,0.5172,0.52525,0.52325,40045
40129,0.08880264607160568,40039,0.5319474150826023,0.8404659821066829,0.895,0.7265,0.726625,0.740625,40039
40129,0.08880264607160568,48211,0.3226422665339701,0.8404659821066829,0.895,0.5115,0.530375,0.532625,48211
40153,-0.1266972322932774,40045,0.31878511805762866,0.8404659821066829,0.895,0.7283,0.7345,0.739875,40045
40153,-0.1266972322932774,40151,-0.2394966770617426,0.8404659821066829,0.895,0.4289,0.43975,0.436,40153
40153,-0.1266972322932774,40093,-0.269460172310701,0.8404659821066829,0.895,0.4483,0.457875,0.447125,40153
22007,-0.14993518658754507,22093,-0.3316763427084857,0.8404659821066829,0.895,0.4727,0.462375,0.47275,22007
22007,-0.14993518658754507,22047,0.18653941670679475,0.8404659821066829,0.895,0.6333,0.64175,0.648625,22047
22023,-0.08379178826697421,22019,0.028172470029131143,0.8404659821066829,0.895,0.4235,0.4255,0.41875,22019
29007,0.026089294454516868,29137,-0.15043023587090762,0.8404659821066829,0.895,0.4667,0.47125,0.473625,29007
29007,0.026089294454516868,29163,-0.06457006436385787,0.8404659821066829,0.895,0.423,0.4305,0.418375,29007
29007,0.026089294454516868,29139,-0.09402722943580939,0.8404659821066829,0.895,0.4322,0.430875,0.435625,29007
29007,0.026089294454516868,29173,0.17872054231209414,0.8404659821066829,0.895,0.4458,0.456125,0.45825,29173
29009,-0.14843752860422565,29119,0.6761207246040646,0.8404659821066829,0.895,0.9533,0.96425,0.963875,29119
29009,-0.14843752860422565,29145,0.20083478940523278,0.8404659821066829,0.895,0.6333,0.638125,0.6355,29145
29009,-0.14843752860422565,29209,-0.3369723852623346,0.8404659821066829,0.895,0.4691,0.4775,0.480375,29009
29009,-0.14843752860422565,29109,-0.07705514034394846,0.8404659821066829,0.895,0.4097,0.417125,0.41025,29109
29025,0.17873890929750444,29177,0.5118756420935553,0.8404659821066829,0.895,0.6141,0.626375,0.61475,29177
29025,0.17873890929750444,29117,0.07395070445565756,0.8404659821066829,0.895,0.4251,0.42375,0.42275,29025
29025,0.17873890929750444,29063,-0.44702632848535523,0.8404659821066829,0.895,0.874,0.879875,0.88475,29025
29025,0.17873890929750444,29049,0.37240534092347377,0.8404659821066829,0.895,0.4815,0.49025,0.48275,29049
29043,-0.24985901494051882,29067,-0.20089851497873282,0.8404659821066829,0.895,0.4072,0.408375,0.405875,29067
29043,-0.24985901494051882,29077,-0.10317876587469066,0.8404659821066829,0.895,0.4504,0.45625,0.453375,29077
29043,-0.24985901494051882,29209,-0.3369723852623346,0.8404659821066829,0.895,0.4159,0.410125,0.408125,29043
29043,-0.24985901494051882,29213,-0.16453848105111224,0.8404659821066829,0.895,0.4229,0.410375,0.4145,29213
29043,-0.24985901494051882,29109,-0.07705514034394846,0.8404659821066829,0.895,0.4635,0.466125,0.45725,29109
38087,-1.0282754694970457,38011,-0.3879509931058402,0.8404659821066829,0.895,0.8788,0.885875,0.886375,38011
38087,-1.0282754694970457,30025,-0.3927110847292305,0.8404659821066829,0.895,0.8993,0.909875,0.912875,30025
38087,-1.0282754694970457,38089,-1.0344820477677792,0.8404659821066829,0.895,0.3932,0.394375,0.402375,38087
38087,-1.0282754694970457,38007,-1.302635801032589,0.8404659821066829,0.895,0.5564,0.562625,0.552625,38087
38087,-1.0282754694970457,38041,-0.8727694927475015,0.8404659821066829,0.895,0.4571,0.455375,0.463875,38041
38087,-1.0282754694970457,38001,-0.6154388511670384,0.8404659821066829,0.895,0.7245,0.72625,0.728,38001
38095,-0.33035638624595104,38069,-0.7260547657830438,0.8404659821066829,0.895,0.6772,0.677875,0.683,38095
38095,-0.33035638624595104,38079,0.8366606675145922,0.8404659821066829,0.895,0.9941,0.99575,0.995375,38079
38095,-0.33035638624595104,38019,-0.603402552167714,0.8404659821066829,0.895,0.5455,0.5335,0.53875,38095
38101,-0.5996824293876993,38061,-0.7525516204520464,0.8404659821066829,0.895,0.45,0.45225,0.457875,38101
38101,-0.5996824293876993,38013,-0.5318396121374526,0.8404659821066829,0.895,0.4112,0.409625,0.410875,38013
38101,-0.5996824293876993,38049,-0.9577569011925083,0.8404659821066829,0.895,0.6275,0.629875,0.642125,38101
38103,-0.7974995546571407,38069,-0.7260547657830438,0.8404659821066829,0.895,0.4139,0.41475,0.40725,38069
38103,-0.7974995546571407,38093,-0.6490199536280524,0.8404659821066829,0.895,0.4567,0.462125,0.455125,38093
38103,-0.7974995546571407,38031,-0.6758596583981918,0.8404659821066829,0.895,0.4275,0.43675,0.434875,38031
38103,-0.7974995546571407,38083,-1.075980592828533,0.8404659821066829,0.895,0.5746,0.565375,0.560625,38103
41027,-0.24312695389291067,53039,-0.2943911053468567,0.8404659821066829,0.895,0.4131,0.411125,0.412375,41027
41027,-0.24312695389291067,53059,-0.03602004246594854,0.8404659821066829,0.895,0.4936,0.50425,0.486625,53059
41029,-0.35027146112306845,41033,-0.0666046078804641,0.8404659821066829,0.895,0.5564,0.558125,0.546625,41033
22061,0.14316722683743555,22049,0.7517236891293354,0.8404659821066829,0.895,0.845,0.857875,0.8375,22049
22061,0.14316722683743555,22027,-0.27112217140743894,0.8404659821066829,0.895,0.6954,0.7085,0.708125,22061
23005,0.4593525216927339,23001,0.3471104427210539,0.8404659821066829,0.895,0.4328,0.428625,0.428875,23005
23005,0.4593525216927339,23017,0.23218229326909928,0.8404659821066829,0.895,0.5017,0.510875,0.51025,23005
23029,0.5394526363995183,23019,0.4771655739903696,0.8404659821066829,0.895,0.4085,0.40625,0.40875,23029
23029,0.5394526363995183,23009,0.31667583274586103,0.8404659821066829,0.895,0.4774,0.485375,0.478,23029
24029,0.1132159983222231,24035,0.2591027095882757,0.8404659821066829,0.895,0.441,0.42975,0.434625,24035
29053,-0.2525025500213627,29135,-0.1450573878093607,0.8404659821066829,0.895,0.4286,0.42725,0.431625,29135
29053,-0.2525025500213627,29159,0.32194868641764196,0.8404659821066829,0.895,0.8464,0.84725,0.853375,29159
29053,-0.2525025500213627,29141,0.3065222390033613,0.8404659821066829,0.895,0.826,0.82775,0.824625,29141
29053,-0.2525025500213627,29089,-0.20403830362506398,0.8404659821066829,0.895,0.4091,0.41,0.4015,29089
29067,-0.20089851497873282,29153,0.361258078083593,0.8404659821066829,0.895,0.8414,0.839875,0.83,29153
29067,-0.20089851497873282,29091,0.42093553418793683,0.8404659821066829,0.895,0.8771,0.880625,0.881875,29091
29067,-0.20089851497873282,29213,-0.16453848105111224,0.8404659821066829,0.895,0.4086,0.399125,0.40225,29213
29067,-0.20089851497873282,29229,0.15410768847534165,0.8404659821066829,0.895,0.6356,0.634125,0.623375,29229
29067,-0.20089851497873282,29215,-0.10627763981366084,0.8404659821066829,0.895,0.4199,0.42,0.414625,29215
29077,-0.10317876587469066,29059,-0.07968633066318251,0.8404659821066829,0.895,0.4,0.401125,0.400375,29059
29077,-0.10317876587469066,29167,-0.10465061107493152,0.8404659821066829,0.895,0.3941,0.4015,0.400375,29077
29077,-0.10317876587469066,29109,-0.07705514034394846,0.8404659821066829,0.895,0.3968,0.417875,0.397875,29109
39001,0.7189911555439867,39071,0.12442993981676723,0.8404659821066829,0.895,0.8514,0.864875,0.863125,39001
39001,0.7189911555439867,39015,0.6444385685746457,0.8404659821066829,0.895,0.4075,0.4185,0.419125,39001
39001,0.7189911555439867,39145,0.46492466584054365,0.8404659821066829,0.895,0.5381,0.560375,0.559625,39001
39001,0.7189911555439867,39131,0.20578280404228727,0.8404659821066829,0.895,0.7851,0.78875,0.790375,39001
39003,-0.3799392552688471,39063,-0.35510349295935634,0.8404659821066829,0.895,0.4021,0.393,0.405125,39063
39003,-0.3799392552688471,39137,-0.42744440178586784,0.8404659821066829,0.895,0.4059,0.4015,0.397875,39003
39003,-0.3799392552688471,39011,-0.2375579033171569,0.8404659821066829,0.895,0.446,0.444625,0.441625,39011
39003,-0.3799392552688471,39161,-0.4709593085617031,0.8404659821066829,0.895,0.419,0.423875,0.423,39003
39007,-0.16707533907379635,42039,-0.22388417882128098,0.8404659821066829,0.895,0.4161,0.41125,0.408625,39007
39007,-0.16707533907379635,39085,-0.213919789251377,0.8404659821066829,0.895,0.3938,0.398875,0.406,39007
41049,-0.37718573262528016,53039,-0.2943911053468567,0.8404659821066829,0.895,0.4146,0.42225,0.42525,53039
41049,-0.37718573262528016,41069,-0.6771655155987685,0.8404659821066829,0.895,0.5823,0.57475,0.58525,41049
41049,-0.37718573262528016,41059,-0.4252763261351747,0.8404659821066829,0.895,0.405,0.4075,0.400375,41049
41057,-0.30993452397126975,41071,-0.07865307028485305,0.8404659821066829,0.895,0.51,0.51475,0.520625,41071
41057,-0.30993452397126975,41041,-0.07510693383025971,0.8404659821066829,0.895,0.5075,0.51225,0.512875,41041
41057,-0.30993452397126975,41053,-0.3737225100549975,0.8404659821066829,0.895,0.4056,0.40375,0.407375,41057
41057,-0.30993452397126975,41067,-0.1756677642645052,0.8404659821066829,0.895,0.4339,0.4475,0.4325,41067
29093,0.9092453811031337,29055,0.2878420434689391,0.8404659821066829,0.895,0.8804,0.882375,0.881125,29093
29093,0.9092453811031337,29065,0.21894230202338458,0.8404659821066829,0.895,0.9138,0.925875,0.913375,29093
29093,0.9092453811031337,29223,1.0147042693902095,0.8404659821066829,0.895,0.4265,0.424125,0.42275,29223
29093,0.9092453811031337,29179,0.20898799371634,0.8404659821066829,0.895,0.9112,0.9235,0.920375,29093
29097,0.13941626984236558,29145,0.20083478940523278,0.8404659821066829,0.895,0.4111,0.407125,0.412625,29145
29097,0.13941626984236558,20021,0.5027048654916026,0.8404659821066829,0.895,0.6494,0.65075,0.654875,20021
29097,0.13941626984236558,20037,0.2739650424726745,0.8404659821066829,0.895,0.4476,0.441125,0.445125,20037
29097,0.13941626984236558,29011,-0.1717472145591778,0.8404659821066829,0.895,0.5798,0.59875,0.5855,29097
29097,0.13941626984236558,29109,-0.07705514034394846,0.8404659821066829,0.895,0.5013,0.509,0.50575,29097
30083,-0.2723872697196171,30109,-0.3449463567729001,0.8404659821066829,0.895,0.4187,0.41375,0.41975,30083
30083,-0.2723872697196171,30021,-0.17189438419580416,0.8404659821066829,0.895,0.413,0.425,0.420375,30021
30109,-0.3449463567729001,30025,-0.3927110847292305,0.8404659821066829,0.895,0.4068,0.403875,0.402875,30109
30109,-0.3449463567729001,30079,-0.357527717550569,0.8404659821066829,0.895,0.3963,0.394625,0.3925,30109
30109,-0.3449463567729001,30021,-0.17189438419580416,0.8404659821066829,0.895,0.4587,0.4605,0.45575,30021
31011,-0.5305419555767109,31003,-0.6659950618103266,0.8404659821066829,0.895,0.4398,0.450375,0.444875,31011
31011,-0.5305419555767109,31077,-0.6628016314467026,0.8404659821066829,0.895,0.4403,0.432,0.430625,31011
31011,-0.5305419555767109,31119,-0.26534553747879125,0.8404659821066829,0.895,0.5369,0.545625,0.538625,31119
31011,-0.5305419555767109,31141,-0.39973533214816115,0.8404659821066829,0.895,0.4396,0.443875,0.4445,31141
31017,-0.5597607171747377,31031,-0.5640516387701816,0.8404659821066829,0.895,0.4048,0.392875,0.40425,31017
31017,-0.5597607171747377,31149,-0.4590639170735412,0.8404659821066829,0.895,0.4206,0.424375,0.419875,31149
31017,-0.5597607171747377,31009,-0.37763493896157435,0.8404659821066829,0.895,0.4699,0.482,0.47675,31009
41063,-0.6729333649471657,41059,-0.4252763261351747,0.8404659821066829,0.895,0.5436,0.555375,0.56675,41059
41063,-0.6729333649471657,53003,-0.6017408610060316,0.8404659821066829,0.895,0.4069,0.41875,0.411,53003
41063,-0.6729333649471657,53013,-0.17388077073581973,0.8404659821066829,0.895,0.7977,0.812,0.81375,53013
41063,-0.6729333649471657,53023,-0.36821875913152285,0.8404659821066829,0.895,0.5866,0.59075,0.587875,53023
42021,-0.6206023304523726,42009,-0.7287135118443869,0.8404659821066829,0.895,0.4252,0.427,0.43025,42021
42021,-0.6206023304523726,42013,-0.39839521320917776,0.8404659821066829,0.895,0.499,0.50925,0.517625,42013
26011,-0.205954494737496,26017,-0.33263943889617076,0.8404659821066829,0.895,0.4305,0.42775,0.42325,26011
26011,-0.205954494737496,26069,-0.2669274915837436,0.8404659821066829,0.895,0.4078,0.40575,0.411125,26011
26011,-0.205954494737496,26129,-0.07262267027745005,0.8404659821066829,0.895,0.441,0.441,0.440375,26129
26011,-0.205954494737496,26051,-0.07305454240764268,0.8404659821066829,0.895,0.4391,0.4295,0.4425,26051
26017,-0.33263943889617076,26051,-0.07305454240764268,0.8404659821066829,0.895,0.536,0.54175,0.543875,26051
26017,-0.33263943889617076,26145,-0.4609281097758976,0.8404659821066829,0.895,0.4304,0.4415,0.444625,26017
29107,0.07028942152271117,29101,0.08595280307198279,0.8404659821066829,0.895,0.3979,0.403125,0.40975,29101
29107,0.07028942152271117,29159,0.32194868641764196,0.8404659821066829,0.895,0.5306,0.55175,0.55575,29159
29107,0.07028942152271117,29177,0.5118756420935553,0.8404659821066829,0.895,0.7183,0.751125,0.737125,29177
29137,-0.15043023587090762,29121,-0.09969167766383019,0.8404659821066829,0.895,0.4049,0.40675,0.403875,29121
29137,-0.15043023587090762,29127,0.06973025790626407,0.8404659821066829,0.895,0.4997,0.51625,0.49775,29127
29137,-0.15043023587090762,29173,0.17872054231209414,0.8404659821066829,0.895,0.5926,0.60875,0.6165,29173
31025,0.1458392721909915,31109,-0.1855437891136907,0.8404659821066829,0.895,0.6197,0.614625,0.61525,31025
31025,0.1458392721909915,31153,0.10532595302277825,0.8404659821066829,0.895,0.4001,0.4005,0.40575,31025
31025,0.1458392721909915,19071,-0.10926861249391163,0.8404659821066829,0.895,0.5281,0.546875,0.537625,31025
31025,0.1458392721909915,31131,-0.1547738156325327,0.8404659821066829,0.895,0.5843,0.58475,0.5855,31025
31031,-0.5640516387701816,31161,-0.5849565766879998,0.8404659821066829,0.895,0.3984,0.39775,0.40075,31031
31031,-0.5640516387701816,31009,-0.37763493896157435,0.8404659821066829,0.895,0.485,0.49775,0.497125,31009
31031,-0.5640516387701816,46007,-0.8413675119205644,0.8404659821066829,0.895,0.5512,0.566,0.579,31031
31031,-0.5640516387701816,46121,-0.6391879042750415,0.8404659821066829,0.895,0.4115,0.425,0.43175,31031
31035,-0.0983786841770657,31129,-0.36892254898260557,0.8404659821066829,0.895,0.5542,0.568,0.554375,31035
31035,-0.0983786841770657,31001,-0.041413414951073466,0.8404659821066829,0.895,0.4041,0.41075,0.416125,31001
31035,-0.0983786841770657,31181,-0.28247106421474716,0.8404659821066829,0.895,0.476,0.47575,0.48575,31035
42075,-0.25816407301069194,42107,-0.2986245821766196,0.8404659821066829,0.895,0.4045,0.409875,0.416125,42075
42075,-0.25816407301069194,42011,-0.38541589269371546,0.8404659821066829,0.895,0.4309,0.438125,0.438375,42075
42085,-0.39300051440653944,42039,-0.22388417882128098,0.8404659821066829,0.895,0.4663,0.481875,0.472625,42039
42085,-0.39300051440653944,42073,-0.3916314393965768,0.8404659821066829,0.895,0.4012,0.39875,0.3975,42073
42085,-0.39300051440653944,42121,-0.22827510639752932,0.8404659821066829,0.895,0.4568,0.466875,0.464625,42121
42085,-0.39300051440653944,42019,-0.346444615791472,0.8404659821066829,0.895,0.4036,0.40125,0.412,42019
42115,-0.30039891239468,42069,-0.14562927668967354,0.8404659821066829,0.895,0.4555,0.449,0.454125,42069
42115,-0.30039891239468,36007,-0.25508677079441877,0.8404659821066829,0.895,0.4066,0.40225,0.40125,36007
42115,-0.30039891239468,42131,-0.04190901082600766,0.8404659821066829,0.895,0.5332,0.543625,0.529875,42131
42115,-0.30039891239468,36107,0.04510830886556006,0.8404659821066829,0.895,0.6349,0.63525,0.634875,36107
42115,-0.30039891239468,42015,-0.053779635513672465,0.8404659821066829,0.895,0.5363,0.544375,0.539375,42015
26027,-0.07813201255429174,18141,-0.07185786249430719,0.8404659821066829,0.895,0.4009,0.400875,0.395625,18141
26027,-0.07813201255429174,18039,-0.21031269884941575,0.8404659821066829,0.895,0.4384,0.4425,0.433125,26027
26027,-0.07813201255429174,26149,-0.2012605279262524,0.8404659821066829,0.895,0.4275,0.437125,0.42225,26027
26027,-0.07813201255429174,26021,-0.16426126592233303,0.8404659821066829,0.895,0.4145,0.415,0.417125,26027
26057,-0.6812356614215578,26117,-0.28697784919192515,0.8404659821066829,0.895,0.6707,0.674625,0.679875,26117
26057,-0.6812356614215578,26155,-0.3422791701305565,0.8404659821066829,0.895,0.6174,0.613125,0.620375,26155
26057,-0.6812356614215578,26037,-0.5184166312620245,0.8404659821066829,0.895,0.4608,0.463,0.456,26037
26057,-0.6812356614215578,26145,-0.4609281097758976,0.8404659821066829,0.895,0.5007,0.51,0.497,26145
29147,-0.42125185447476887,19173,-0.5134612031602048,0.8404659821066829,0.895,0.4217,0.426625,0.421875,29147
29147,-0.42125185447476887,29075,-0.3686671160273103,0.8404659821066829,0.895,0.4049,0.399375,0.402375,29075
29147,-0.42125185447476887,29005,-0.1327863066734651,0.8404659821066829,0.895,0.5741,0.59075,0.58225,29005
29153,0.361258078083593,5005,0.11237881135048267,0.8404659821066829,0.895,0.5277,0.536,0.542125,29153
29153,0.361258078083593,29091,0.42093553418793683,0.8404659821066829,0.895,0.4134,0.403875,0.418375,29091
29153,0.361258078083593,29213,-0.16453848105111224,0.8404659821066829,0.895,0.8108,0.814375,0.8095,29153
29153,0.361258078083593,5049,-0.008709085760583681,0.8404659821066829,0.895,0.6526,0.680375,0.67025,29153
29153,0.361258078083593,5089,0.2962998602908356,0.8404659821066829,0.895,0.4014,0.4095,0.41625,29153
29163,-0.06457006436385787,17149,-0.173106115574423,0.8404659821066829,0.895,0.4331,0.426625,0.427125,29163
29163,-0.06457006436385787,29139,-0.09402722943580939,0.8404659821066829,0.895,0.4032,0.39575,0.3975,29163
29163,-0.06457006436385787,17013,-0.028047135154471152,0.8404659821066829,0.895,0.4014,0.4045,0.402875,17013
29163,-0.06457006436385787,29173,0.17872054231209414,0.8404659821066829,0.895,0.5198,0.517875,0.537,29173
31037,-0.6610900474731664,31167,-0.5476619485601106,0.8404659821066829,0.895,0.4228,0.423625,0.422625,31167
31037,-0.6610900474731664,31023,-0.6198541748976039,0.8404659821066829,0.895,0.402,0.400125,0.404125,31023
31037,-0.6610900474731664,31039,-0.661612076815985,0.8404659821066829,0.895,0.4018,0.40575,0.398375,31037
31037,-0.6610900474731664,31053,-0.16480619266926438,0.8404659821066829,0.895,0.7777,0.777875,0.776875,31053
31037,-0.6610900474731664,31141,-0.39973533214816115,0.8404659821066829,0.895,0.5416,0.53975,0.5525,31141
31041,-0.46078681929506055,31019,-0.22363296300267574,0.8404659821066829,0.895,0.5337,0.540125,0.526,31019
31041,-0.46078681929506055,31175,-0.6710462747997561,0.8404659821066829,0.895,0.4989,0.52025,0.509,31041
31041,-0.46078681929506055,31009,-0.37763493896157435,0.8404659821066829,0.895,0.4143,0.41325,0.421875,31009
31041,-0.46078681929506055,31111,-0.18647766766306173,0.8404659821066829,0.895,0.5773,0.56925,0.572125,31111
31043,-0.34284362647939237,31173,-0.4438391143036118,0.8404659821066829,0.895,0.4224,0.43,0.4335,31043
31043,-0.34284362647939237,46127,-0.1616646365518476,0.8404659821066829,0.895,0.4687,0.45725,0.4685,46127
31043,-0.34284362647939237,31051,-0.6497775446458793,0.8404659821066829,0.895,0.5728,0.592625,0.5915,31043
31043,-0.34284362647939237,19193,-0.33415795707159374,0.8404659821066829,0.895,0.3984,0.40175,0.40675,19193
5087,0.10421538718654351,5101,0.3448581235447721,0.8404659821066829,0.895,0.5302,0.5365,0.52975,5101
5087,0.10421538718654351,5143,0.1446853825998167,0.8404659821066829,0.895,0.4056,0.404625,0.406875,5143
5087,0.10421538718654351,5047,0.40333941741650453,0.8404659821066829,0.895,0.5757,0.57925,0.57575,5047
5087,0.10421538718654351,5033,0.21952574765879868,0.8404659821066829,0.895,0.4317,0.43,0.43575,5033
5087,0.10421538718654351,5071,0.42375361299171616,0.8404659821066829,0.895,0.5998,0.6015,0.61675,5071
5097,-0.08301841990205744,5113,0.21285064808898013,0.8404659821066829,0.895,0.5791,0.595,0.600875,5113
5097,-0.08301841990205744,5127,0.3111982798865806,0.8404659821066829,0.895,0.6811,0.7005,0.700625,5127
5097,-0.08301841990205744,5051,0.027425908089119252,0.8404659821066829,0.895,0.4331,0.4365,0.421,5051
5097,-0.08301841990205744,5059,0.1511303045606714,0.8404659821066829,0.895,0.5208,0.510375,0.519125,5059
5101,0.3448581235447721,5115,0.5049827193780939,0.8404659821066829,0.895,0.4557,0.45775,0.4635,5115
5101,0.3448581235447721,5129,0.41908957924007273,0.8404659821066829,0.895,0.4081,0.418,0.41475,5129
5101,0.3448581235447721,5071,0.42375361299171616,0.8404659821066829,0.895,0.4127,0.413625,0.41125,5071
5113,0.21285064808898013,5127,0.3111982798865806,0.8404659821066829,0.895,0.4254,0.429125,0.43475,5127
47011,0.30467797552152753,47139,1.093685095940025,0.8404659821066829,0.895,0.9438,0.9475,0.945125,47139
5137,-0.024924591576002905,5005,0.11237881135048267,0.8404659821066829,0.895,0.4419,0.438125,0.44425,5005
5137,-0.024924591576002905,5065,-0.027746411098205966,0.8404659821066829,0.895,0.3978,0.399875,0.403125,5137
5137,-0.024924591576002905,5129,0.41908957924007273,0.8404659821066829,0.895,0.7257,0.735875,0.742,5129
5137,-0.024924591576002905,5141,-0.09859235286720432,0.8404659821066829,0.895,0.4107,0.419125,0.417125,5137
47051,0.1612630946667908,47061,0.5607613301007351,0.8404659821066829,0.895,0.6749,0.6955,0.694125,47061
47051,0.1612630946667908,47103,0.32301256031860986,0.8404659821066829,0.895,0.4598,0.462125,0.461,47103
47051,0.1612630946667908,47115,0.859499740491843,0.8404659821066829,0.895,0.9186,0.92375,0.93125,47115
47061,0.5607613301007351,47177,0.5450188883013527,0.8404659821066829,0.895,0.4073,0.404125,0.404,47061
47061,0.5607613301007351,47115,0.859499740491843,0.8404659821066829,0.895,0.5709,0.57875,0.574,47115
47061,0.5607613301007351,47153,0.4600279526677927,0.8404659821066829,0.895,0.4266,0.426375,0.4285,47061
51690,0.594907957661778,51089,-0.18454643658182665,0.8404659821066829,0.895,0.8984,0.91,0.912875,51690
51710,0.14352607846923782,51550,0.23162037398689073,0.8404659821066829,0.895,0.4135,0.414625,0.409375,51550
51710,0.14352607846923782,51650,0.041697484485688004,0.8404659821066829,0.895,0.4191,0.418625,0.4295,51710
51710,0.14352607846923782,51740,0.05777760482314221,0.8404659821066829,0.895,0.4098,0.406375,0.41675,51710
51710,0.14352607846923782,51810,0.13992804815364512,0.8404659821066829,0.895,0.3988,0.399,0.399125,51710
5143,0.1446853825998167,40001,0.35708908506255477,0.8404659821066829,0.895,0.4881,0.484875,0.497125,40001
5143,0.1446853825998167,5033,0.21952574765879868,0.8404659821066829,0.895,0.4162,0.406,0.418375,5033
47075,0.1891286548741309,47047,0.08439927303947412,0.8404659821066829,0.895,0.4267,0.432875,0.428875,47075
47075,0.1891286548741309,47069,0.25772936318329365,0.8404659821066829,0.895,0.4118,0.410375,0.40275,47069
47075,0.1891286548741309,47113,0.21113715268106426,0.8404659821066829,0.895,0.4082,0.4055,0.396,47113
47101,0.9589231998335145,47099,0.7625216803844314,0.8404659821066829,0.895,0.4796,0.488,0.4805,47101
47101,0.9589231998335145,47181,0.6412872740649799,0.8404659821066829,0.895,0.5891,0.6155,0.600375,47101
51775,0.08072635076212814,51770,0.29273331712292455,0.8404659821066829,0.895,0.4695,0.46025,0.465125,51770
8003,-1.1833147420360983,8105,-1.1805268891810632,0.8404659821066829,0.895,0.4026,0.397625,0.398,8105
8003,-1.1833147420360983,8021,-1.3404604296159024,0.8404659821066829,0.895,0.4503,0.45675,0.445875,8003
18141,-0.07185786249430719,18149,0.790460960543131,0.8404659821066829,0.895,0.9665,0.96625,0.96625,18149
18141,-0.07185786249430719,18039,-0.21031269884941575,0.8404659821066829,0.895,0.4429,0.449375,0.45125,18141
18141,-0.07185786249430719,26021,-0.16426126592233303,0.8404659821066829,0.895,0.4148,0.42125,0.4245,18141
18145,-0.023688681842098207,18081,0.14827796014288774,0.8404659821066829,0.895,0.4674,0.470875,0.4655,18081
18145,-0.023688681842098207,18139,0.21740901078502697,0.8404659821066829,0.895,0.5231,0.520625,0.524375,18139
18145,-0.023688681842098207,18005,0.5061673527569166,0.8404659821066829,0.895,0.7973,0.8225,0.8175,18005
18145,-0.023688681842098207,18097,0.17375770037428656,0.8404659821066829,0.895,0.4899,0.495875,0.50225,18097
47131,0.747432447582451,21075,1.165163961153319,0.8404659821066829,0.895,0.6914,0.691625,0.69625,21075
47131,0.747432447582451,21105,0.190006147694943,0.8404659821066829,0.895,0.8179,0.831625,0.823125,47131
47131,0.747432447582451,47095,1.5076611907789557,0.8404659821066829,0.895,0.9334,0.943625,0.93925,47095
47171,0.283268199424863,47179,0.2800621672591508,0.8404659821066829,0.895,0.4031,0.406,0.392625,47171
53039,-0.2943911053468567,53059,-0.03602004246594854,0.8404659821066829,0.895,0.5514,0.56675,0.565625,53059
53071,-0.27915904448822837,41059,-0.4252763261351747,0.8404659821066829,0.895,0.4392,0.450875,0.44425,53071
53071,-0.27915904448822837,53013,-0.17388077073581973,0.8404659821066829,0.895,0.4211,0.414,0.4285,53013
54023,-1.2861390299749085,54077,-0.7462895838730458,0.8404659821066829,0.895,0.8289,0.845625,0.838125,54077
54037,0.39869552958054966,51043,0.4662378454678531,0.8404659821066829,0.895,0.4004,0.419,0.411375,51043
54053,0.22093163475320174,39053,0.29429103439030674,0.8404659821066829,0.895,0.4133,0.417875,0.41775,39053
54053,0.22093163475320174,54079,0.2654376516302309,0.8404659821066829,0.895,0.4085,0.4115,0.405625,54079
54053,0.22093163475320174,39105,0.24487180256570618,0.8404659821066829,0.895,0.4014,0.401625,0.398125,39105
54053,0.22093163475320174,54035,0.052267090463046645,0.8404659821066829,0.895,0.462,0.461375,0.468875,54053
54103,0.10794490154296948,39111,-0.39516877327569994,0.8404659821066829,0.895,0.7953,0.8145,0.82325,54103
54103,0.10794490154296948,54051,-0.18952485895570192,0.8404659821066829,0.895,0.5912,0.6155,0.62025,54103
54103,0.10794490154296948,54061,-0.1838718450659089,0.8404659821066829,0.895,0.5808,0.587,0.583,54103
54103,0.10794490154296948,54049,0.35942036456101795,0.8404659821066829,0.895,0.5369,0.5395,0.538,54049
18151,-0.26294471206639164,26023,-0.4224034275331776,0.8404659821066829,0.895,0.4581,0.459875,0.464875,18151
18151,-0.26294471206639164,26059,-0.498054491045192,0.8404659821066829,0.895,0.5187,0.543125,0.5405,18151
19103,-0.2813759406491116,19031,-0.5190458986145347,0.8404659821066829,0.895,0.5291,0.533125,0.536875,19103
19103,-0.2813759406491116,19183,-0.6511271175153756,0.8404659821066829,0.895,0.6511,0.665375,0.66425,19103
19103,-0.2813759406491116,19095,-0.558600486371563,0.8404659821066829,0.895,0.5641,0.560125,0.562375,19103
19103,-0.2813759406491116,19139,-0.23815650612899336,0.8404659821066829,0.895,0.4019,0.396,0.40425,19139
19121,-0.22699369567072672,19001,-0.36091977258846547,0.8404659821066829,0.895,0.4346,0.438,0.4455,19121
19121,-0.22699369567072672,19181,-0.19020061569847546,0.8404659821066829,0.895,0.3982,0.40025,0.397875,19181
19121,-0.22699369567072672,19039,-0.3492204869258115,0.8404659821066829,0.895,0.4319,0.432125,0.433625,19121
19121,-0.22699369567072672,19049,-0.14747167179342419,0.8404659821066829,0.895,0.4139,0.421625,0.416,19049
19127,-0.002745045457530216,19083,-0.31836192540968933,0.8404659821066829,0.895,0.578,0.593375,0.597875,19127
47175,-0.10401228386115856,47007,-0.1493864303337035,0.8404659821066829,0.895,0.3962,0.401875,0.408875,47175
47175,-0.10401228386115856,47177,0.5450188883013527,0.8404659821066829,0.895,0.8826,0.8905,0.897875,47177
47175,-0.10401228386115856,47153,0.4600279526677927,0.8404659821066829,0.895,0.8233,0.82775,0.8285,47153
48031,-0.06920292370871052,48259,-0.014927359980468007,0.8404659821066829,0.895,0.4081,0.407,0.41175,48259
48031,-0.06920292370871052,48299,-0.09148437202465513,0.8404659821066829,0.895,0.405,0.401375,0.3975,48031
48031,-0.06920292370871052,48171,-0.10577680895586561,0.8404659821066829,0.895,0.4036,0.406375,0.397,48031
48031,-0.06920292370871052,48209,-0.12767534169444159,0.8404659821066829,0.895,0.4098,0.399875,0.405,48031
48081,0.5054185410828057,48399,0.5394081762902875,0.8404659821066829,0.895,0.3972,0.397875,0.404625,48399
48081,0.5054185410828057,48335,0.4434742472206728,0.8404659821066829,0.895,0.4089,0.408,0.406875,48081
48081,0.5054185410828057,48431,0.26548585969356653,0.8404659821066829,0.895,0.5143,0.50825,0.508,48081
48081,0.5054185410828057,48451,0.25240006284567074,0.8404659821066829,0.895,0.5363,0.530625,0.52725,48081
48081,0.5054185410828057,48353,0.5534330165890866,0.8404659821066829,0.895,0.4063,0.41175,0.41025,48353
55013,0.052611967041089724,55005,-0.42498329575475124,0.8404659821066829,0.895,0.7597,0.766,0.77375,55013
55013,0.052611967041089724,55031,0.15114134410603428,0.8404659821066829,0.895,0.4231,0.420125,0.416375,55031
55013,0.052611967041089724,27025,-0.17577685144707353,0.8404659821066829,0.895,0.5119,0.523375,0.529875,55013
55013,0.052611967041089724,55095,-0.28291924147023173,0.8404659821066829,0.895,0.6065,0.6215,0.6155,55013
55033,-0.6425827952228985,55005,-0.42498329575475124,0.8404659821066829,0.895,0.4986,0.519375,0.518625,55005
55033,-0.6425827952228985,55035,-0.4040811693896564,0.8404659821066829,0.895,0.5278,0.53175,0.524875,55035
55033,-0.6425827952228985,55091,-0.5464749827820317,0.8404659821066829,0.895,0.4209,0.424375,0.42375,55091
55033,-0.6425827952228985,55017,-0.5382270840495476,0.8404659821066829,0.895,0.4228,0.4195,0.419375,55017
55033,-0.6425827952228985,55093,-0.53340980445357,0.8404659821066829,0.895,0.4237,0.426125,0.44375,55093
55033,-0.6425827952228985,55109,-0.19479627047392628,0.8404659821066829,0.895,0.716,0.731625,0.7315,55109
55047,-0.27838102226955186,55139,-0.2826511470199391,0.8404659821066829,0.895,0.3956,0.4005,0.395,55047
55047,-0.27838102226955186,55021,-0.07955688660642823,0.8404659821066829,0.895,0.4893,0.503875,0.497875,55021
55047,-0.27838102226955186,55027,-0.41107311939561353,0.8404659821066829,0.895,0.4418,0.449125,0.440875,55047
55047,-0.27838102226955186,55137,-0.23958437620382012,0.8404659821066829,0.895,0.3996,0.404375,0.409375,55137
55047,-0.27838102226955186,55077,0.13601238256432824,0.8404659821066829,0.895,0.691,0.68275,0.6795,55077
55047,-0.27838102226955186,55039,-0.35291777169435457,0.8404659821066829,0.895,0.4093,0.418375,0.411625,55047
18155,0.8478030675723119,21015,0.6890362569570341,0.8404659821066829,0.895,0.457,0.465,0.468875,18155
18155,0.8478030675723119,18137,0.5268356102957752,0.8404659821066829,0.895,0.5991,0.613,0.628125,18155
18155,0.8478030675723119,21041,0.8216544875967611,0.8404659821066829,0.895,0.4012,0.3975,0.40375,18155
18155,0.8478030675723119,18077,0.6650464020030559,0.8404659821066829,0.895,0.4762,0.48575,0.486125,18155
18169,-0.3332754635195294,18049,0.2595396262144249,0.8404659821066829,0.895,0.8515,0.861875,0.868125,18049
18171,0.11183106944731529,18007,0.3989641314698143,0.8404659821066829,0.895,0.5693,0.585,0.575,18007
18171,0.11183106944731529,18045,0.37839680613221166,0.8404659821066829,0.895,0.533,0.54225,0.540375,18045
18171,0.11183106944731529,18165,0.530258308676866,0.8404659821066829,0.895,0.69,0.7055,0.693375,18165
18179,-0.604678860120155,18075,-0.27559306656656285,0.8404659821066829,0.895,0.6138,0.617875,0.618875,18075
19001,-0.36091977258846547,19077,-0.3012153484634752,0.8404659821066829,0.895,0.4088,0.407125,0.41225,19077
48085,0.20634455685813918,48121,0.19431952873379796,0.8404659821066829,0.895,0.3952,0.393875,0.40175,48085
48085,0.20634455685813918,48147,0.34375178515958643,0.8404659821066829,0.895,0.4424,0.453125,0.45375,48147
48085,0.20634455685813918,48113,0.13969184108849478,0.8404659821066829,0.895,0.4127,0.405,0.407625,48085
48085,0.20634455685813918,48397,0.25829418458258335,0.8404659821066829,0.895,0.404,0.413,0.411875,48397
48085,0.20634455685813918,48181,0.4447198167623752,0.8404659821066829,0.895,0.5274,0.531125,0.529625,48181
48085,0.20634455685813918,48231,0.6477572854237927,0.8404659821066829,0.895,0.7321,0.75125,0.752875,48231
48095,-0.026439137856051162,48399,0.5394081762902875,0.8404659821066829,0.895,0.8238,0.828375,0.827,48399
48095,-0.026439137856051162,48307,0.3807781407602375,0.8404659821066829,0.895,0.6843,0.691625,0.692625,48307
48095,-0.026439137856051162,48451,0.25240006284567074,0.8404659821066829,0.895,0.5458,0.55325,0.561125,48451
48101,0.5982324795834214,48269,0.3132216844134791,0.8404659821066829,0.895,0.5542,0.571375,0.565375,48101
48101,0.5982324795834214,48345,0.4877217789571805,0.8404659821066829,0.895,0.4264,0.4195,0.422625,48101
48101,0.5982324795834214,48197,0.3758094973713278,0.8404659821066829,0.895,0.5045,0.525875,0.521375,48101
48129,0.8964438221998487,48087,0.8044684618581558,0.8404659821066829,0.895,0.4137,0.422375,0.417125,48129
48129,0.8964438221998487,48045,0.3074224551853419,0.8404659821066829,0.895,0.8343,0.837625,0.8455,48129
55053,-0.4492500201904561,55019,-0.8055154590881696,0.8404659821066829,0.895,0.6405,0.646,0.64275,55053
55053,-0.4492500201904561,55035,-0.4040811693896564,0.8404659821066829,0.895,0.4037,0.405,0.405125,55035
55053,-0.4492500201904561,55063,-0.36436386012901,0.8404659821066829,0.895,0.418,0.414875,0.418125,55063
55053,-0.4492500201904561,55141,-0.5451741360478651,0.8404659821066829,0.895,0.4177,0.4235,0.427875,55053
55053,-0.4492500201904561,55081,-0.28242617375806817,0.8404659821066829,0.895,0.4524,0.45825,0.4555,55081
55067,-0.325612575010031,55085,-0.13830049511346504,0.8404659821066829,0.895,0.4733,0.48,0.485375,55085
55067,-0.325612575010031,55115,-0.4990511418995764,0.8404659821066829,0.895,0.4705,0.477375,0.475375,55067
55067,-0.325612575010031,55078,0.0737071352112239,0.8404659821066829,0.895,0.654,0.647,0.642625,55078
55067,-0.325612575010031,55083,-0.31733830108099176,0.8404659821066829,0.895,0.3979,0.40475,0.40375,55083
55067,-0.325612575010031,55041,-0.4068353632132603,0.8404659821066829,0.895,0.4223,0.419375,0.41975,55067
55067,-0.325612575010031,55073,-0.6058533733974012,0.8404659821066829,0.895,0.5716,0.567,0.566625,55067
55085,-0.13830049511346504,55099,-0.39396434601338387,0.8404659821066829,0.895,0.5349,0.546125,0.54825,55085
55085,-0.13830049511346504,55125,-0.34903115882217034,0.8404659821066829,0.895,0.4869,0.504125,0.50275,55085
55085,-0.13830049511346504,55041,-0.4068353632132603,0.8404659821066829,0.895,0.5522,0.55575,0.5615,55085
55089,-0.3919108858704768,55131,-0.4025310017978344,0.8404659821066829,0.895,0.399,0.396625,0.40025,55089
55089,-0.3919108858704768,55079,-0.3290838800866678,0.8404659821066829,0.895,0.4048,0.404625,0.407125,55079
55089,-0.3919108858704768,55117,-0.46658540840195967,0.8404659821066829,0.895,0.4106,0.408625,0.4205,55089
19033,-0.4513004877878293,19131,-0.9091040759104155,0.8404659821066829,0.895,0.718,0.720625,0.71675,19033
19033,-0.4513004877878293,19067,-0.5890310751116996,0.8404659821066829,0.895,0.4401,0.44475,0.44575,19033
19033,-0.4513004877878293,19195,-0.7401050326600171,0.8404659821066829,0.895,0.5509,0.55325,0.558,19033
19043,-0.5837347638825069,19005,-0.7286113032133827,0.8404659821066829,0.895,0.4529,0.454,0.4485,19043
19043,-0.5837347638825069,19055,-0.67730445761509,0.8404659821066829,0.895,0.4133,0.4195,0.418625,19043
19043,-0.5837347638825069,19061,-0.12958102323683396,0.8404659821066829,0.895,0.7302,0.731875,0.730875,19061
19043,-0.5837347638825069,19065,-0.5009935570836227,0.8404659821066829,0.895,0.4239,0.409375,0.408,19065
19047,-0.7248548780659646,19093,-0.7775876381224638,0.8404659821066829,0.895,0.3983,0.40375,0.406875,19047
19047,-0.7248548780659646,19027,-0.5331409088739787,0.8404659821066829,0.895,0.4777,0.496625,0.49275,19027
19047,-0.7248548780659646,19133,-0.3020976096897553,0.8404659821066829,0.895,0.6947,0.703,0.69675,19133
19047,-0.7248548780659646,19165,-0.7036177756743991,0.8404659821066829,0.895,0.412,0.402125,0.39675,19165
19047,-0.7248548780659646,19085,0.08716042612190208,0.8404659821066829,0.895,0.9565,0.963,0.96425,19085
19047,-0.7248548780659646,19161,-0.6792336192614266,0.8404659821066829,0.895,0.4031,0.401375,0.401375,19161
19053,-0.2815322238546322,29129,0.005784084615174318,0.8404659821066829,0.895,0.5639,0.5765,0.56575,29129
19053,-0.2815322238546322,19039,-0.3492204869258115,0.8404659821066829,0.895,0.4006,0.414625,0.416875,19053
19053,-0.2815322238546322,29081,-0.3090049139898322,0.8404659821066829,0.895,0.3983,0.4015,0.409625,19053
48121,0.19431952873379796,48439,0.250853918923704,0.8404659821066829,0.895,0.4124,0.421375,0.419375,48439
48121,0.19431952873379796,48097,0.3814748734779144,0.8404659821066829,0.895,0.4745,0.490625,0.486,48097
48121,0.19431952873379796,48113,0.13969184108849478,0.8404659821066829,0.895,0.4028,0.399,0.407375,48121
48121,0.19431952873379796,48181,0.4447198167623752,0.8404659821066829,0.895,0.5361,0.540125,0.554,48181
48121,0.19431952873379796,48497,0.6526253098450574,0.8404659821066829,0.895,0.7421,0.7655,0.7605,48497
48145,0.24202610802277433,48309,0.5820159900568121,0.8404659821066829,0.895,0.6134,0.617625,0.61675,48309
48145,0.24202610802277433,48331,0.4129074726935047,0.8404659821066829,0.895,0.4603,0.46875,0.46325,48331
48145,0.24202610802277433,48027,0.553399904203199,0.8404659821066829,0.895,0.5871,0.598,0.589625,48027
48145,0.24202610802277433,48293,0.8036045811247442,0.8404659821066829,0.895,0.8262,0.8375,0.830875,48293
55099,-0.39396434601338387,55119,-0.9785200695195158,0.8404659821066829,0.895,0.8606,0.857875,0.868125,55099
55099,-0.39396434601338387,55113,0.040519996401158456,0.8404659821066829,0.895,0.7204,0.738625,0.727625,55113
55099,-0.39396434601338387,55125,-0.34903115882217034,0.8404659821066829,0.895,0.4055,0.41325,0.406125,55125
55105,-0.0765862708323725,17201,-0.06458897871172876,0.8404659821066829,0.895,0.399,0.394375,0.402,17201
55105,-0.0765862708323725,55025,-0.22446621082090232,0.8404659821066829,0.895,0.4514,0.45625,0.455875,55105
55105,-0.0765862708323725,55045,-0.49072361013015825,0.8404659821066829,0.895,0.693,0.713625,0.71025,55105
55105,-0.0765862708323725,55055,-0.27223535619037964,0.8404659821066829,0.895,0.4894,0.489375,0.47775,55105
55105,-0.0765862708323725,55127,-0.07360632430789005,0.8404659821066829,0.895,0.4019,0.40475,0.401,55127
55115,-0.4990511418995764,55009,-0.4404177271793006,0.8404659821066829,0.895,0.4009,0.404875,0.404125,55009
55115,-0.4990511418995764,55078,0.0737071352112239,0.8404659821066829,0.895,0.8096,0.80425,0.80525,55078
55115,-0.4990511418995764,55087,-0.42872240810710943,0.8404659821066829,0.895,0.4133,0.419625,0.408625,55087
55115,-0.4990511418995764,55083,-0.31733830108099176,0.8404659821066829,0.895,0.4678,0.484625,0.487125,55083
55115,-0.4990511418995764,55073,-0.6058533733974012,0.8404659821066829,0.895,0.4277,0.4295,0.427625,55115
55119,-0.9785200695195158,55019,-0.8055154590881696,0.8404659821066829,0.895,0.4666,0.480875,0.485625,55019
55119,-0.9785200695195158,55017,-0.5382270840495476,0.8404659821066829,0.895,0.7296,0.7295,0.719375,55017
55119,-0.9785200695195158,55073,-0.6058533733974012,0.8404659821066829,0.895,0.6644,0.68675,0.67875,55073
19131,-0.9091040759104155,19067,-0.5890310751116996,0.8404659821066829,0.895,0.5775,0.581625,0.570375,19067
19131,-0.9091040759104155,19195,-0.7401050326600171,0.8404659821066829,0.895,0.4578,0.460375,0.45875,19195
19131,-0.9091040759104155,27099,-0.6953803228590524,0.8404659821066829,0.895,0.5073,0.500125,0.495625,27099
19137,-0.5208511817370397,19155,0.028122800312115327,0.8404659821066829,0.895,0.8286,0.831875,0.816625,19155
19141,-0.5824219881595147,19143,-0.9425959691990463,0.8404659821066829,0.895,0.6207,0.638875,0.640125,19141
19141,-0.5824219881595147,19167,-0.7851992675279748,0.8404659821066829,0.895,0.4791,0.4865,0.481375,19141
20205,-0.07139969505874962,20073,0.4044562415190786,0.8404659821066829,0.895,0.7542,0.768375,0.7705,20073
20205,-0.07139969505874962,20125,0.2743804563596578,0.8404659821066829,0.895,0.6352,0.631625,0.623875,20125
20205,-0.07139969505874962,20133,0.17749260345209028,0.8404659821066829,0.895,0.5268,0.528875,0.518,20133
20205,-0.07139969505874962,20049,0.665034295070372,0.8404659821066829,0.895,0.9229,0.931,0.92825,20049
20209,0.42281412029699084,29047,0.2679494299511942,0.8404659821066829,0.895,0.4465,0.4545,0.455375,20209
20209,0.42281412029699084,29165,0.046325517531192247,0.8404659821066829,0.895,0.652,0.671375,0.665875,20209
48147,0.34375178515958643,48181,0.4447198167623752,0.8404659821066829,0.895,0.4264,0.41925,0.425,48181
48147,0.34375178515958643,48231,0.6477572854237927,0.8404659821066829,0.895,0.5932,0.591375,0.605375,48231
48151,0.3589878955730578,48253,0.19046040338634626,0.8404659821066829,0.895,0.4645,0.47,0.460875,48151
48151,0.3589878955730578,48353,0.5534330165890866,0.8404659821066829,0.895,0.4737,0.478125,0.48525,48353
48151,0.3589878955730578,48433,0.7003673889079016,0.8404659821066829,0.895,0.6117,0.623875,0.625125,48433
48153,0.008352312459552914,48189,-0.42751210074241647,0.8404659821066829,0.895,0.7036,0.724375,0.714,48153
48153,0.008352312459552914,48345,0.4877217789571805,0.8404659821066829,0.895,0.7455,0.758,0.761875,48345
48153,0.008352312459552914,48045,0.3074224551853419,0.8404659821066829,0.895,0.5773,0.589375,0.58425,48045
48163,-0.8801617315489213,48325,-0.4128358669035648,0.8404659821066829,0.895,0.7254,0.731375,0.733125,48325
48163,-0.8801617315489213,48507,-0.766395787349248,0.8404659821066829,0.895,0.4337,0.43725,0.428,48507
48163,-0.8801617315489213,48013,-0.4876861318510004,0.8404659821066829,0.895,0.6823,0.673625,0.675875,48013
48163,-0.8801617315489213,48127,-0.8517226731662871,0.8404659821066829,0.895,0.3991,0.401,0.397375,48127
48163,-0.8801617315489213,48283,-0.9981684680877825,0.8404659821066829,0.895,0.4255,0.430875,0.43225,48163
48175,-0.06585467485992916,48255,-0.37744399516988864,0.8404659821066829,0.895,0.5885,0.5945,0.593375,48175
48175,-0.06585467485992916,48123,-0.1279669877124474,0.8404659821066829,0.895,0.406,0.4145,0.411625,48175
48189,-0.42751210074241647,48069,-0.31957246347457674,0.8404659821066829,0.895,0.4286,0.42925,0.4365,48069
48189,-0.42751210074241647,48279,-0.4746618447708443,0.8404659821066829,0.895,0.4046,0.404625,0.407875,48189
48189,-0.42751210074241647,48303,-0.23128992132839002,0.8404659821066829,0.895,0.4757,0.478125,0.472625,48303
55139,-0.2826511470199391,55015,-0.39608520922394236,0.8404659821066829,0.895,0.4318,0.431875,0.425,55139
55139,-0.2826511470199391,55087,-0.42872240810710943,0.8404659821066829,0.895,0.4496,0.441375,0.450125,55139
55139,-0.2826511470199391,55137,-0.23958437620382012,0.8404659821066829,0.895,0.4066,0.405125,0.408125,55137
55139,-0.2826511470199391,55039,-0.35291777169435457,0.8404659821066829,0.895,0.4137,0.4085,0.408625,55139
56017,-0.19667170944456294,56043,-0.4223427934289818,0.8404659821066829,0.895,0.494,0.49575,0.489,56017
56027,-0.291814655105916,56045,-0.11503197745392825,0.8404659821066829,0.895,0.4729,0.46475,0.47525,56045
56027,-0.291814655105916,46033,-0.17012090238140146,0.8404659821066829,0.895,0.4376,0.430875,0.435875,46033
56027,-0.291814655105916,56009,-0.15062391487352894,0.8404659821066829,0.895,0.451,0.445375,0.440375,56009
56027,-0.291814655105916,56031,-0.41618663181474713,0.8404659821066829,0.895,0.4373,0.435375,0.438,56027
56027,-0.291814655105916,56015,-0.5921080067498526,0.8404659821066829,0.895,0.5801,0.587,0.579375,56027
56037,-0.7231776108494663,56041,-0.7237483588173594,0.8404659821066829,0.895,0.3973,0.398625,0.399375,56037
56037,-0.7231776108494663,8081,-0.6128080859892114,0.8404659821066829,0.895,0.4354,0.427,0.428875,8081
56037,-0.7231776108494663,49009,-0.9952878996856874,0.8404659821066829,0.895,0.5481,0.553,0.561875,56037
56037,-0.7231776108494663,56007,-0.4047153307112587,0.8404659821066829,0.895,0.6246,0.632125,0.62475,56007
56037,-0.7231776108494663,56023,-0.8198140368118904,0.8404659821066829,0.895,0.4215,0.434,0.429125,56037
1045,0.748460061092002,1031,0.4489912329776404,0.8404659821066829,0.895,0.5731,0.583125,0.591125,1045
1075,0.6432406936246384,1093,0.5665759304926915,0.8404659821066829,0.895,0.4118,0.421375,0.420875,1075
1075,0.6432406936246384,1057,0.6204165421362646,0.8404659821066829,0.895,0.3972,0.39825,0.4005,1075
1075,0.6432406936246384,28095,0.3299163851300294,0.8404659821066829,0.895,0.5844,0.6005,0.6035,1075
19005,-0.7286113032133827,19191,-0.8164981916432238,0.8404659821066829,0.895,0.4163,0.433375,0.421625,19005
19005,-0.7286113032133827,55123,-0.569353508408699,0.8404659821066829,0.895,0.4522,0.455625,0.44925,55123
19015,-0.2707056141222742,19073,-0.5185202126373651,0.8404659821066829,0.895,0.5359,0.54125,0.54075,19015
19015,-0.2707056141222742,19153,0.2109819291016127,0.8404659821066829,0.895,0.755,0.7735,0.773,19153
19015,-0.2707056141222742,19187,-0.48069213261227467,0.8404659821066829,0.895,0.5003,0.5125,0.505625,19015
19015,-0.2707056141222742,19049,-0.14747167179342419,0.8404659821066829,0.895,0.4348,0.438375,0.433125,19049
19015,-0.2707056141222742,19079,-0.5826747877127443,0.8404659821066829,0.895,0.5855,0.601,0.6015,19015
19025,-0.45748405054563046,19073,-0.5185202126373651,0.8404659821066829,0.895,0.4053,0.401625,0.40675,19025
19025,-0.45748405054563046,19151,-0.5587431127933558,0.8404659821066829,0.895,0.4287,0.419125,0.417375,19025
19025,-0.45748405054563046,19187,-0.48069213261227467,0.8404659821066829,0.895,0.402,0.402125,0.40225,19025
19025,-0.45748405054563046,19027,-0.5331409088739787,0.8404659821066829,0.895,0.4081,0.413,0.411,19025
19025,-0.45748405054563046,19161,-0.6792336192614266,0.8404659821066829,0.895,0.5057,0.499625,0.501375,19025
19031,-0.5190458986145347,19139,-0.23815650612899336,0.8404659821066829,0.895,0.5585,0.57075,0.57375,19139
48205,-0.48971811271714377,35037,-0.6148724189176014,0.8404659821066829,0.895,0.4351,0.452125,0.458875,48205
48205,-0.48971811271714377,48359,-0.13404878067311363,0.8404659821066829,0.895,0.6278,0.636625,0.629625,48359
48255,-0.37744399516988864,48123,-0.1279669877124474,0.8404659821066829,0.895,0.523,0.545125,0.537375,48123
48255,-0.37744399516988864,48177,-0.06969655875577972,0.8404659821066829,0.895,0.6023,0.614,0.624625,48177
48255,-0.37744399516988864,48297,-0.38220176633316144,0.8404659821066829,0.895,0.397,0.395125,0.40625,48255
48255,-0.37744399516988864,48013,-0.4876861318510004,0.8404659821066829,0.895,0.433,0.439625,0.434625,48255
48255,-0.37744399516988864,48493,-0.1790061840443532,0.8404659821066829,0.895,0.4863,0.49175,0.49525,48493
48259,-0.014927359980468007,48171,-0.10577680895586561,0.8404659821066829,0.895,0.4205,0.418,0.424125,48259
48259,-0.014927359980468007,48019,-0.12218286419055172,0.8404659821066829,0.895,0.4271,0.438125,0.434375,48259
48259,-0.014927359980468007,48265,0.11050258484513698,0.8404659821066829,0.895,0.4319,0.43825,0.432375,48265
48269,0.3132216844134791,48275,0.21496741168971525,0.8404659821066829,0.895,0.4254,0.417625,0.4255,48269
48269,0.3132216844134791,48433,0.7003673889079016,0.8404659821066829,0.895,0.6534,0.651125,0.64825,48433
48269,0.3132216844134791,48125,0.09011743914311104,0.8404659821066829,0.895,0.4928,0.490375,0.4965,48269
56041,-0.7237483588173594,49033,-1.0042760227720793,0.8404659821066829,0.895,0.5535,0.55425,0.556875,56041
56041,-0.7237483588173594,56023,-0.8198140368118904,0.8404659821066829,0.895,0.4194,0.421375,0.428,56041
56045,-0.11503197745392825,46081,-0.3332854035539792,0.8404659821066829,0.895,0.5016,0.5005,0.50525,56045
56045,-0.11503197745392825,46033,-0.17012090238140146,0.8404659821066829,0.895,0.4087,0.408875,0.411125,56045
56045,-0.11503197745392825,56009,-0.15062391487352894,0.8404659821066829,0.895,0.4018,0.399375,0.408625,56045
56045,-0.11503197745392825,56005,0.06859163310666272,0.8404659821066829,0.895,0.4757,0.483125,0.480375,56005
1079,0.8200960902865587,1083,0.45994005996227716,0.8404659821066829,0.895,0.6375,0.654625,0.656125,1079
1079,0.8200960902865587,1133,0.8570395917123708,0.8404659821066829,0.895,0.4057,0.40725,0.397,1133
1079,0.8200960902865587,1103,0.4634567893497905,0.8404659821066829,0.895,0.6319,0.652375,0.6505,1079
1079,0.8200960902865587,1077,0.6636032329982172,0.8404659821066829,0.895,0.4581,0.469875,0.463875,1079
1083,0.45994005996227716,47103,0.32301256031860986,0.8404659821066829,0.895,0.441,0.449375,0.458875,1083
1083,0.45994005996227716,1103,0.4634567893497905,0.8404659821066829,0.895,0.4029,0.402875,0.409125,1103
1083,0.45994005996227716,1077,0.6636032329982172,0.8404659821066829,0.895,0.501,0.490875,0.492875,1077
19067,-0.5890310751116996,19023,-0.611197778330397,0.8404659821066829,0.895,0.397,0.40325,0.398,19067
19067,-0.5890310751116996,19037,-0.7488030007250281,0.8404659821066829,0.895,0.4422,0.452625,0.4405,19067
19073,-0.5185202126373651,19077,-0.3012153484634752,0.8404659821066829,0.895,0.5001,0.504625,0.513375,19077
19073,-0.5185202126373651,19187,-0.48069213261227467,0.8404659821066829,0.895,0.4049,0.402875,0.406875,19187
19073,-0.5185202126373651,19027,-0.5331409088739787,0.8404659821066829,0.895,0.3908,0.39675,0.399125,19073
19073,-0.5185202126373651,19049,-0.14747167179342419,0.8404659821066829,0.895,0.6459,0.6675,0.657625,19049
19077,-0.3012153484634752,19027,-0.5331409088739787,0.8404659821066829,0.895,0.5062,0.51,0.530875,19077
19077,-0.3012153484634752,19049,-0.14747167179342419,0.8404659821066829,0.895,0.448,0.462125,0.444375,19049
19077,-0.3012153484634752,19009,-0.6889853702257956,0.8404659821066829,0.895,0.6392,0.65925,0.658125,19077
19083,-0.31836192540968933,19079,-0.5826747877127443,0.8404659821066829,0.895,0.5327,0.54875,0.5485,19083
19087,-0.28336140872453225,19177,-0.1838340186300084,0.8404659821066829,0.895,0.4268,0.423875,0.4275,19177
19087,-0.28336140872453225,19183,-0.6511271175153756,0.8404659821066829,0.895,0.6533,0.655,0.652375,19087
19087,-0.28336140872453225,19101,-0.5034428619424924,0.8404659821066829,0.895,0.5024,0.51425,0.492625,19087
19087,-0.28336140872453225,19057,-0.02058467361950069,0.8404659821066829,0.895,0.5403,0.544,0.53975,19057
19093,-0.7775876381224638,19161,-0.6792336192614266,0.8404659821066829,0.895,0.4208,0.423875,0.42525,19161
19093,-0.7775876381224638,19193,-0.33415795707159374,0.8404659821066829,0.895,0.7205,0.724125,0.722375,19193
48285,-0.2633776000922962,48123,-0.1279669877124474,0.8404659821066829,0.895,0.4404,0.444125,0.439,48123
48285,-0.2633776000922962,48177,-0.06969655875577972,0.8404659821066829,0.895,0.4914,0.4915,0.49475,48177
48285,-0.2633776000922962,48149,-0.19157297127131354,0.8404659821066829,0.895,0.4153,0.41925,0.408625,48149
1093,0.5665759304926915,1133,0.8570395917123708,0.8404659821066829,0.895,0.5728,0.580625,0.582375,1133
1093,0.5665759304926915,1057,0.6204165421362646,0.8404659821066829,0.895,0.406,0.40275,0.41375,1057
1093,0.5665759304926915,1127,1.133878737846763,0.8404659821066829,0.895,0.8447,0.850875,0.853875,1127
1093,0.5665759304926915,28095,0.3299163851300294,0.8404659821066829,0.895,0.522,0.533125,0.524,1093
1125,0.41664367126345125,1057,0.6204165421362646,0.8404659821066829,0.895,0.486,0.498,0.483875,1057
1125,0.41664367126345125,1127,1.133878737846763,0.8404659821066829,0.895,0.9367,0.936125,0.938,1127
21009,0.7169962404164509,21169,0.7798249597629224,0.8404659821066829,0.895,0.4009,0.40475,0.40575,21169
21009,0.7169962404164509,21171,0.8526516822157442,0.8404659821066829,0.895,0.4463,0.44225,0.451625,21171
21009,0.7169962404164509,21227,0.7341011140176869,0.8404659821066829,0.895,0.3968,0.40325,0.40225,21227
21015,0.6890362569570341,18029,0.41127987305324487,0.8404659821066829,0.895,0.5593,0.553875,0.568375,21015
21015,0.6890362569570341,21081,0.9839243065150891,0.8404659821066829,0.895,0.5898,0.601875,0.602875,21081
48299,-0.09148437202465513,48171,-0.10577680895586561,0.8404659821066829,0.895,0.3996,0.396875,0.39825,48299
48309,0.5820159900568121,48099,0.7312811781500799,0.8404659821066829,0.895,0.4481,0.443,0.442,48099
48309,0.5820159900568121,48217,0.7021257335616021,0.8404659821066829,0.895,0.434,0.43975,0.4405,48217
48309,0.5820159900568121,48027,0.553399904203199,0.8404659821066829,0.895,0.4024,0.402375,0.4025,48309
48309,0.5820159900568121,48293,0.8036045811247442,0.8404659821066829,0.895,0.512,0.52425,0.508625,48293
48325,-0.4128358669035648,48463,-0.21250440322522132,0.8404659821066829,0.895,0.4892,0.502125,0.508875,48463
48325,-0.4128358669035648,48013,-0.4876861318510004,0.8404659821066829,0.895,0.4126,0.409375,0.412375,48325
48325,-0.4128358669035648,48019,-0.12218286419055172,0.8404659821066829,0.895,0.5673,0.564875,0.574375,48019
1133,0.8570395917123708,1127,1.133878737846763,0.8404659821066829,0.895,0.5529,0.546125,0.551625,1127
8009,-0.27862412738485604,20129,-0.25325995051809175,0.8404659821066829,0.895,0.4032,0.411375,0.40525,20129
8009,-0.27862412738485604,40025,0.14600512526208936,0.8404659821066829,0.895,0.7072,0.748875,0.753,40025
8009,-0.27862412738485604,8011,-0.977666279268136,0.8404659821066829,0.895,0.9148,0.9265,0.9235,8009
18067,-0.10284865608567989,18015,-0.14953435646352672,0.8404659821066829,0.895,0.4098,0.40675,0.401375,18067
18067,-0.10284865608567989,18017,0.171006141132654,0.8404659821066829,0.895,0.5487,0.5765,0.57975,18017
18067,-0.10284865608567989,18023,-0.13647581724060273,0.8404659821066829,0.895,0.4032,0.397875,0.399875,18067
18067,-0.10284865608567989,18159,-0.2511790766903907,0.8404659821066829,0.895,0.4453,0.450375,0.438875,18067
18075,-0.27559306656656285,18135,-0.12301704345157627,0.8404659821066829,0.895,0.447,0.46475,0.4615,18135
18075,-0.27559306656656285,39107,-0.4982349990649267,0.8404659821066829,0.895,0.5094,0.512375,0.51,18075
18075,-0.27559306656656285,39037,-0.48176291667683774,0.8404659821066829,0.895,0.5037,0.502875,0.495,18075
18081,0.14827796014288774,18005,0.5061673527569166,0.8404659821066829,0.895,0.6331,0.65175,0.6485,18005
18081,0.14827796014288774,18097,0.17375770037428656,0.8404659821066829,0.895,0.4017,0.40175,0.409125,18097
48363,0.5949061147906676,48503,0.670417830812174,0.8404659821066829,0.895,0.4164,0.414625,0.419875,48503
48363,0.5949061147906676,48237,0.562035280102598,0.8404659821066829,0.895,0.4025,0.406625,0.39725,48363
48363,0.5949061147906676,48367,0.536780190182004,0.8404659821066829,0.895,0.4015,0.408625,0.407125,48363
48363,0.5949061147906676,48143,0.3181330890156861,0.8404659821066829,0.895,0.5618,0.56125,0.552,48363
48363,0.5949061147906676,48221,0.36271780404257786,0.8404659821066829,0.895,0.5127,0.530375,0.516,48363
48363,0.5949061147906676,48429,0.8333634356869288,0.8404659821066829,0.895,0.5181,0.52875,0.5365,48429
48363,0.5949061147906676,48133,0.880782445239312,0.8404659821066829,0.895,0.5757,0.576625,0.583125,48133
48369,-0.7325583783685435,48069,-0.31957246347457674,0.8404659821066829,0.895,0.6893,0.699875,0.691625,48069
48369,-0.7325583783685435,48117,-0.4373510562258136,0.8404659821066829,0.895,0.5675,0.56925,0.56725,48117
48369,-0.7325583783685435,35009,-0.8228871361654643,0.8404659821066829,0.895,0.4155,0.432375,0.428,48369
48369,-0.7325583783685435,48017,-0.7160804920840301,0.8404659821066829,0.895,0.4019,0.40125,0.397125,48017
48369,-0.7325583783685435,48279,-0.4746618447708443,0.8404659821066829,0.895,0.535,0.529125,0.523375,48279
48393,0.5091108547914599,48233,0.15251145389304274,0.8404659821066829,0.895,0.622,0.626125,0.624375,48393
48393,0.5091108547914599,48211,0.3226422665339701,0.8404659821066829,0.895,0.4792,0.47375,0.4775,48393
48393,0.5091108547914599,48295,0.4073845274328053,0.8404659821066829,0.895,0.4256,0.420625,0.4215,48393
48393,0.5091108547914599,48357,0.18446396496117395,0.8404659821066829,0.895,0.6072,0.599375,0.59025,48393
48399,0.5394081762902875,48441,0.3905149934400268,0.8404659821066829,0.895,0.4459,0.44475,0.448625,48399
48399,0.5394081762902875,48451,0.25240006284567074,0.8404659821066829,0.895,0.5765,0.5835,0.579125,48399
48399,0.5394081762902875,48353,0.5534330165890866,0.8404659821066829,0.895,0.3938,0.3975,0.399125,48353
48439,0.250853918923704,48113,0.13969184108849478,0.8404659821066829,0.895,0.4328,0.42475,0.43525,48439
48439,0.250853918923704,48251,0.5264168146554665,0.8404659821066829,0.895,0.5666,0.564625,0.56425,48251
48439,0.250853918923704,48367,0.536780190182004,0.8404659821066829,0.895,0.5772,0.577125,0.577,48367
48439,0.250853918923704,48497,0.6526253098450574,0.8404659821066829,0.895,0.6845,0.676625,0.6945,48497
4003,-0.766466926340015,4023,-1.1315243956383008,0.8404659821066829,0.895,0.6009,0.60075,0.600125,4003
4003,-0.766466926340015,35023,-1.0244931952180527,0.8404659821066829,0.895,0.5238,0.5255,0.533875,4003
4003,-0.766466926340015,4019,-0.838411101182692,0.8404659821066829,0.895,0.4186,0.4125,0.41475,4003
4003,-0.766466926340015,4011,-0.9385088789069453,0.8404659821066829,0.895,0.4657,0.45925,0.478625,4003
4023,-1.1315243956383008,4019,-0.838411101182692,0.8404659821066829,0.895,0.5468,0.543375,0.55075,4019
18129,0.24453031049370935,17059,1.0299969962392816,0.8404659821066829,0.895,0.9489,0.95775,0.955625,17059
18129,0.24453031049370935,21225,1.041809592311481,0.8404659821066829,0.895,0.953,0.95375,0.9525,21225
18135,-0.12301704345157627,18065,-0.05072228346499042,0.8404659821066829,0.895,0.4131,0.411375,0.412625,18065
18135,-0.12301704345157627,18177,0.10191354206584882,0.8404659821066829,0.895,0.5105,0.5115,0.520875,18177
18135,-0.12301704345157627,39037,-0.48176291667683774,0.8404659821066829,0.895,0.65,0.660625,0.65475,18135
18139,0.21740901078502697,18041,0.05875489210433123,0.8404659821066829,0.895,0.4522,0.454625,0.45425,18139
18139,0.21740901078502697,18065,-0.05072228346499042,0.8404659821066829,0.895,0.55,0.557875,0.56475,18139
18139,0.21740901078502697,18047,-0.0345988376660177,0.8404659821066829,0.895,0.5419,0.543625,0.538125,18139
48463,-0.21250440322522132,48507,-0.766395787349248,0.8404659821066829,0.895,0.7981,0.810875,0.81075,48463
48463,-0.21250440322522132,48385,0.15967751841920022,0.8404659821066829,0.895,0.6442,0.6585,0.646125,48385
48463,-0.21250440322522132,48019,-0.12218286419055172,0.8404659821066829,0.895,0.418,0.41475,0.4155,48019
48463,-0.21250440322522132,48137,-0.07760797260495124,0.8404659821066829,0.895,0.4426,0.449625,0.4515,48137
48463,-0.21250440322522132,48271,-0.6020335248480986,0.8404659821066829,0.895,0.6622,0.675125,0.671375,48463
48501,-0.1965823920997936,48445,-0.29401714553562763,0.8404659821066829,0.895,0.4156,0.41975,0.421375,48501
48501,-0.1965823920997936,35025,-0.30190365886439774,0.8404659821066829,0.895,0.4232,0.435375,0.434875,48501
48501,-0.1965823920997936,48165,-0.037717335993585344,0.8404659821066829,0.895,0.4529,0.46125,0.454625,48165
48503,0.670417830812174,48237,0.562035280102598,0.8404659821066829,0.895,0.4311,0.434875,0.440375,48503
48503,0.670417830812174,48009,0.24706553065096568,0.8404659821066829,0.895,0.6959,0.704,0.6985,48503
48503,0.670417830812174,48447,0.5014996057891842,0.8404659821066829,0.895,0.4589,0.4555,0.462,48503
48503,0.670417830812174,48429,0.8333634356869288,0.8404659821066829,0.895,0.4528,0.4555,0.46025,48429
5005,0.11237881135048267,5065,-0.027746411098205966,0.8404659821066829,0.895,0.4474,0.460125,0.447875,5005
5005,0.11237881135048267,5049,-0.008709085760583681,0.8404659821066829,0.895,0.4322,0.444625,0.432875,5005
5005,0.11237881135048267,5089,0.2962998602908356,0.8404659821066829,0.895,0.4736,0.473125,0.480875,5089
5005,0.11237881135048267,5129,0.41908957924007273,0.8404659821066829,0.895,0.591,0.59525,0.606625,5129
5027,0.307416062299263,22027,-0.27112217140743894,0.8404659821066829,0.895,0.8357,0.846625,0.84575,5027
46081,-0.3332854035539792,46019,-0.04132944668607432,0.8404659821066829,0.895,0.5667,0.570125,0.565,46019
48507,-0.766395787349248,48127,-0.8517226731662871,0.8404659821066829,0.895,0.4146,0.425125,0.41225,48507
49001,-0.717465946662003,49021,-0.8583466324649186,0.8404659821066829,0.895,0.4439,0.433125,0.437875,49001
49001,-0.717465946662003,32017,-0.6013742017576005,0.8404659821066829,0.895,0.4311,0.4375,0.434875,32017
49001,-0.717465946662003,49027,-1.1506005407904136,0.8404659821066829,0.895,0.7096,0.714125,0.708875,49001
49001,-0.717465946662003,49031,-1.0527845013558332,0.8404659821066829,0.895,0.5999,0.595,0.59975,49001
49001,-0.717465946662003,49041,-1.1155678760417187,0.8404659821066829,0.895,0.6831,0.67425,0.70025,49001
49021,-0.8583466324649186,32017,-0.6013742017576005,0.8404659821066829,0.895,0.5412,0.53375,0.5415,32017
49021,-0.8583466324649186,49053,-0.917147648279788,0.8404659821066829,0.895,0.4025,0.407125,0.407375,49021
5035,0.6311072870518885,5037,0.7599050435167418,0.8404659821066829,0.895,0.4316,0.446375,0.441,5037
5035,0.6311072870518885,5111,1.055128525085649,0.8404659821066829,0.895,0.7198,0.7315,0.730875,5111
5035,0.6311072870518885,5077,0.15874147831199306,0.8404659821066829,0.895,0.7607,0.76675,0.7715,5035
5035,0.6311072870518885,5123,0.1314119937373013,0.8404659821066829,0.895,0.7902,0.802125,0.798625,5035
5037,0.7599050435167418,5111,1.055128525085649,0.8404659821066829,0.895,0.5608,0.56875,0.569625,5111
5037,0.7599050435167418,5123,0.1314119937373013,0.8404659821066829,0.895,0.8635,0.881,0.863875,5037
46091,-0.45038836982229374,46013,-0.36678276094927814,0.8404659821066829,0.895,0.4164,0.414,0.409875,46013
46091,-0.45038836982229374,38081,-0.49368496574962584,0.8404659821066829,0.895,0.4022,0.4,0.40425,46091
46091,-0.45038836982229374,46037,-0.537782665012166,0.8404659821066829,0.895,0.4162,0.423,0.413125,46091
46091,-0.45038836982229374,46109,-0.519102336217359,0.8404659821066829,0.895,0.4118,0.41475,0.41225,46091
46097,-0.1442901979645727,46111,-0.3417682182811358,0.8404659821066829,0.895,0.4859,0.4915,0.49175,46097
46097,-0.1442901979645727,46077,-0.1965985130318486,0.8404659821066829,0.895,0.4057,0.411625,0.407625,46097
46097,-0.1442901979645727,46087,-0.10894017936287793,0.8404659821066829,0.895,0.3999,0.40475,0.40125,46087
46101,-0.5333376285206745,27117,-0.5780159237814385,0.8404659821066829,0.895,0.4074,0.4115,0.402375,46101
46101,-0.5333376285206745,27133,-0.7516588216860829,0.8404659821066829,0.895,0.4981,0.517,0.519875,46101
46101,-0.5333376285206745,46099,-0.1490079313487806,0.8404659821066829,0.895,0.668,0.67675,0.665625,46099
46107,-0.4203748227856182,46119,-0.2575071075703654,0.8404659821066829,0.895,0.455,0.468,0.46825,46119
46107,-0.4203748227856182,46129,-0.4521555027109298,0.8404659821066829,0.895,0.4068,0.40275,0.390875,46107
46107,-0.4203748227856182,46049,-0.7427815690196041,0.8404659821066829,0.895,0.6043,0.5985,0.611625,46107
46107,-0.4203748227856182,46045,-0.6565377724487226,0.8404659821066829,0.895,0.5166,0.52325,0.51875,46107
46107,-0.4203748227856182,46069,-0.5147704121732961,0.8404659821066829,0.895,0.4241,0.42325,0.421875,46107
46111,-0.3417682182811358,46003,-0.5088616800613925,0.8404659821066829,0.895,0.4618,0.465625,0.452625,46111
46111,-0.3417682182811358,46005,-0.40711817577087134,0.8404659821066829,0.895,0.4063,0.41925,0.40725,46111
46111,-0.3417682182811358,46077,-0.1965985130318486,0.8404659821066829,0.895,0.4409,0.450625,0.458,46077
50001,0.126132063891754,50023,0.1941726293820623,0.8404659821066829,0.895,0.412,0.415125,0.412875,50023
50001,0.126132063891754,50021,0.21267455191982398,0.8404659821066829,0.895,0.4109,0.423625,0.417625,50021
50001,0.126132063891754,50007,0.3075535192166133,0.8404659821066829,0.895,0.4794,0.486625,0.4895,50007
50011,0.29238344347154516,50015,0.18825279582050514,0.8404659821066829,0.895,0.418,0.414625,0.42025,50011
50011,0.29238344347154516,50019,-0.27606350032797344,0.8404659821066829,0.895,0.8015,0.809,0.81975,50011
50011,0.29238344347154516,50007,0.3075535192166133,0.8404659821066829,0.895,0.4008,0.399,0.4015,50007
50011,0.29238344347154516,50013,0.6185121506626514,0.8404659821066829,0.895,0.578,0.589,0.583875,50013
51013,0.018276413341068963,51610,0.06940218264019639,0.8404659821066829,0.895,0.4001,0.402375,0.405375,51610
51013,0.018276413341068963,51510,-0.1174556360973228,0.8404659821066829,0.895,0.4273,0.44575,0.436375,51013
5047,0.40333941741650453,5033,0.21952574765879868,0.8404659821066829,0.895,0.4714,0.458625,0.470125,5047
5047,0.40333941741650453,5071,0.42375361299171616,0.8404659821066829,0.895,0.396,0.399375,0.394625,5071
5051,0.027425908089119252,5059,0.1511303045606714,0.8404659821066829,0.895,0.4348,0.432,0.43275,5059
5051,0.027425908089119252,5105,0.16665730465412684,0.8404659821066829,0.895,0.4439,0.44525,0.449875,5105
46119,-0.2575071075703654,46065,-0.23238540056133952,0.8404659821066829,0.895,0.3983,0.4075,0.393,46065
46119,-0.2575071075703654,46069,-0.5147704121732961,0.8404659821066829,0.895,0.5414,0.54775,0.561875,46119
46125,-0.3332763222595,46067,-0.5207512921359186,0.8404659821066829,0.895,0.4856,0.485875,0.4845,46125
46125,-0.3332763222595,46087,-0.10894017936287793,0.8404659821066829,0.895,0.5083,0.508,0.505625,46087
46125,-0.3332763222595,46099,-0.1490079313487806,0.8404659821066829,0.895,0.4727,0.476875,0.4825,46099
46125,-0.3332763222595,46135,-0.5157148601467566,0.8404659821066829,0.895,0.4672,0.473,0.47075,46125
46125,-0.3332763222595,46083,-0.38233154069838565,0.8404659821066829,0.895,0.4028,0.409375,0.4045,46125
46129,-0.4521555027109298,46021,-1.0576490855923464,0.8404659821066829,0.895,0.8513,0.862125,0.870875,46129
46129,-0.4521555027109298,46045,-0.6565377724487226,0.8404659821066829,0.895,0.4938,0.48175,0.490375,46129
46129,-0.4521555027109298,46089,-1.0078579445312985,0.8404659821066829,0.895,0.8295,0.83475,0.837,46129
51043,0.4662378454678531,51187,0.420177798546294,0.8404659821066829,0.895,0.4033,0.408,0.403,51043
51075,0.1133529419371439,51065,-0.16632222829676835,0.8404659821066829,0.895,0.558,0.549625,0.55925,51075
51075,0.1133529419371439,51049,-0.053447712715198756,0.8404659821066829,0.895,0.4583,0.471625,0.4715,51075
51175,-0.04270792096454994,51183,0.21664902488383492,0.8404659821066829,0.895,0.5486,0.55475,0.556625,51183
51175,-0.04270792096454994,51620,-0.14598917965244163,0.8404659821066829,0.895,0.4163,0.4225,0.414,51175
51175,-0.04270792096454994,51800,0.0767322305949178,0.8404659821066829,0.895,0.4381,0.436625,0.448625,51800
51175,-0.04270792096454994,37073,-0.1140407133310722,0.8404659821066829,0.895,0.411,0.40975,0.408625,51175
5055,0.14957006364330427,5031,0.17589891278960057,0.8404659821066829,0.895,0.4044,0.4105,0.410875,5031
5065,-0.027746411098205966,5049,-0.008709085760583681,0.8404659821066829,0.895,0.3973,0.395625,0.404,5049
5065,-0.027746411098205966,5135,-0.006378347021622772,0.8404659821066829,0.895,0.4005,0.410875,0.4025,5135
13035,0.6154472011259252,13255,0.24236388973465342,0.8404659821066829,0.895,0.67,0.670375,0.672375,13035
13035,0.6154472011259252,13159,0.20158156325028467,0.8404659821066829,0.895,0.6985,0.70675,0.7055,13035
13035,0.6154472011259252,13207,0.008376773557630104,0.8404659821066829,0.895,0.8689,0.877875,0.875125,13035
13037,0.38477175964379584,13099,0.29851968342403257,0.8404659821066829,0.895,0.4204,0.4255,0.423,13037
13037,0.38477175964379584,13061,-0.0022060809722156895,0.8404659821066829,0.895,0.6637,0.6675,0.671375,13037
13037,0.38477175964379584,13243,0.008160820136117857,0.8404659821066829,0.895,0.652,0.670875,0.666625,13037
13037,0.38477175964379584,13273,0.31290327519673367,0.8404659821066829,0.895,0.4085,0.42225,0.4105,13037
13089,-0.08359785292032325,13247,0.009752035386801123,0.8404659821066829,0.895,0.4219,0.421375,0.4275,13247
13089,-0.08359785292032325,13063,-0.11347234850174673,0.8404659821066829,0.895,0.4045,0.404,0.395,13089
13097,0.297218497059701,13067,0.2674543043274538,0.8404659821066829,0.895,0.4019,0.405125,0.407625,13097
13097,0.297218497059701,13045,0.4685160642492034,0.8404659821066829,0.895,0.4638,0.47225,0.468,13045
37079,0.06897124026401755,37195,-0.03058535708941103,0.8404659821066829,0.895,0.4237,0.424,0.41675,37079
23001,0.3471104427210539,23011,0.32876714954477365,0.8404659821066829,0.895,0.3969,0.397625,0.4025,23001
23001,0.3471104427210539,23017,0.23218229326909928,0.8404659821066829,0.895,0.4334,0.427625,0.42825,23001
24041,-0.21160263661169457,24035,0.2591027095882757,0.8404659821066829,0.895,0.7003,0.718625,0.714375,24035
13043,0.6269172111732251,13109,0.4514497321647692,0.8404659821066829,0.895,0.464,0.456,0.461125,13043
13255,0.24236388973465342,13199,-0.1423205906241513,0.8404659821066829,0.895,0.6871,0.6975,0.692875,13255
13255,0.24236388973465342,13063,-0.11347234850174673,0.8404659821066829,0.895,0.6374,0.64625,0.6325,13255
13255,0.24236388973465342,13231,0.7942921823812886,0.8404659821066829,0.895,0.8147,0.82625,0.8255,13231
13099,0.29851968342403257,13061,-0.0022060809722156895,0.8404659821066829,0.895,0.5859,0.57725,0.584375,13099
17119,0.10745514176173152,17005,-0.04134917778445521,0.8404659821066829,0.895,0.4521,0.439875,0.44175,17119
17119,0.10745514176173152,17135,0.2420281943821326,0.8404659821066829,0.895,0.4502,0.44575,0.44775,17135
17119,0.10745514176173152,29510,-0.01541945668961643,0.8404659821066829,0.895,0.4356,0.44375,0.448875,17119
37105,0.23772434583007138,37037,0.04309174466714433,0.8404659821066829,0.895,0.4797,0.479875,0.473,37105
37145,0.23899838625525063,37135,0.35381025216880946,0.8404659821066829,0.895,0.4251,0.42925,0.4385,37135
19143,-0.9425959691990463,27063,-0.8672948464657401,0.8404659821066829,0.895,0.4173,0.4145,0.419125,27063
19143,-0.9425959691990463,27105,-1.0438436006761658,0.8404659821066829,0.895,0.4207,0.417625,0.41375,19143
19147,-0.49373171469509836,19151,-0.5587431127933558,0.8404659821066829,0.895,0.4138,0.407,0.409375,19147
19147,-0.49373171469509836,19109,-0.7413680072194241,0.8404659821066829,0.895,0.5161,0.526625,0.53275,19147
19151,-0.5587431127933558,19187,-0.48069213261227467,0.8404659821066829,0.895,0.4135,0.40675,0.414875,19187
19151,-0.5587431127933558,19091,-0.7274952110249165,0.8404659821066829,0.895,0.4592,0.46075,0.45625,19151
19153,0.2109819291016127,19181,-0.19020061569847546,0.8404659821066829,0.895,0.6747,0.683125,0.69,19153
19153,0.2109819291016127,19125,0.04858227573046496,0.8404659821066829,0.895,0.4537,0.458125,0.465375,19153
19153,0.2109819291016127,19049,-0.14747167179342419,0.8404659821066829,0.895,0.6378,0.63625,0.64325,19153
13257,0.8629679226075485,13119,0.48878076298103895,0.8404659821066829,0.895,0.6361,0.639375,0.646625,13257
13257,0.8629679226075485,45073,0.12731362308248254,0.8404659821066829,0.895,0.9283,0.935875,0.941625,13257
13257,0.8629679226075485,13011,0.28362996639136717,0.8404659821066829,0.895,0.8249,0.8355,0.832625,13257
13275,0.3939766518125241,13131,0.38895498463320505,0.8404659821066829,0.895,0.4016,0.4045,0.3985,13275
13277,0.2089726240656979,13287,0.18626772486938922,0.8404659821066829,0.895,0.395,0.40125,0.402375,13277
13277,0.2089726240656979,13321,0.018138841506759876,0.8404659821066829,0.895,0.48,0.48925,0.491125,13277
17121,0.2585778506818727,17191,0.3552854334906121,0.8404659821066829,0.895,0.4227,0.427875,0.43275,17191
17121,0.2585778506818727,17051,-0.17757483876158273,0.8404659821066829,0.895,0.7245,0.73525,0.720125,17121
17121,0.2585778506818727,17081,0.24862209825241785,0.8404659821066829,0.895,0.4011,0.401,0.413625,17121
17121,0.2585778506818727,17025,0.12775671410520828,0.8404659821066829,0.895,0.4408,0.439,0.438375,17121
17131,-0.08122767277090778,17071,0.17000734124196865,0.8404659821066829,0.895,0.5408,0.54125,0.533,17071
17131,-0.08122767277090778,17095,-0.006684855879652173,0.8404659821066829,0.895,0.4088,0.4125,0.41825,17095
17131,-0.08122767277090778,17073,-0.001532365598509877,0.8404659821066829,0.895,0.4202,0.419,0.422125,17073
17131,-0.08122767277090778,19057,-0.02058467361950069,0.8404659821066829,0.895,0.4038,0.412875,0.4045,19057
17139,-0.09801747657729777,17029,0.18866160524892764,0.8404659821066829,0.895,0.5516,0.56125,0.567875,17029
17139,-0.09801747657729777,17041,-0.0271271251546921,0.8404659821066829,0.895,0.4051,0.41375,0.403375,17041
17139,-0.09801747657729777,17115,0.40710064231838444,0.8404659821066829,0.895,0.7756,0.792875,0.783875,17115
17139,-0.09801747657729777,17173,0.05086608988093293,0.8404659821066829,0.895,0.4456,0.4535,0.46375,17173
37151,0.12483862463364448,37001,0.07935070736943073,0.8404659821066829,0.895,0.4023,0.40525,0.400125,37151
37151,0.12483862463364448,37037,0.04309174466714433,0.8404659821066829,0.895,0.4172,0.406,0.4115,37151
37151,0.12483862463364448,37081,0.038899114412776464,0.8404659821066829,0.895,0.415,0.416125,0.411875,37151
37181,-0.03596289770155771,37185,-0.39519340079878984,0.8404659821066829,0.895,0.6279,0.624,0.621625,37181
19167,-0.7851992675279748,46127,-0.1616646365518476,0.8404659821066829,0.895,0.8709,0.8815,0.88175,46127
19167,-0.7851992675279748,19149,-0.5702873848895191,0.8404659821066829,0.895,0.4904,0.4915,0.502375,19149
19167,-0.7851992675279748,46083,-0.38233154069838565,0.8404659821066829,0.895,0.6856,0.6905,0.696,46083
19177,-0.1838340186300084,29045,0.22145949339964027,0.8404659821066829,0.895,0.6857,0.705875,0.70625,29045
19177,-0.1838340186300084,19051,-0.5543172226751019,0.8404659821066829,0.895,0.6428,0.648625,0.652375,19177
19177,-0.1838340186300084,19101,-0.5034428619424924,0.8404659821066829,0.895,0.5981,0.604,0.6055,19177
13285,0.11201473475213419,13149,0.35165550606710355,0.8404659821066829,0.895,0.5184,0.515875,0.517,13149
13285,0.11201473475213419,13199,-0.1423205906241513,0.8404659821066829,0.895,0.5338,0.549625,0.540375,13285
13285,0.11201473475213419,1111,-0.0854080019713239,0.8404659821066829,0.895,0.4888,0.4925,0.49375,13285
13285,0.11201473475213419,1017,0.5061725303252133,0.8404659821066829,0.895,0.6702,0.667875,0.670125,1017
13285,0.11201473475213419,13145,0.13408122563225197,0.8404659821066829,0.895,0.3967,0.399625,0.4,13145
13287,0.18626772486938922,13017,0.7689916096126692,0.8404659821066829,0.895,0.8371,0.847375,0.84975,13017
13287,0.18626772486938922,13321,0.018138841506759876,0.8404659821066829,0.895,0.4665,0.47625,0.46175,13287
13287,0.18626772486938922,13081,-0.070539363429582,0.8404659821066829,0.895,0.5391,0.550625,0.542,13287
17149,-0.173106115574423,17171,-0.0030348715165099682,0.8404659821066829,0.895,0.4585,0.463,0.458,17171
17149,-0.173106115574423,17009,-0.530770258511354,0.8404659821066829,0.895,0.6461,0.658625,0.678125,17149
17149,-0.173106115574423,17013,-0.028047135154471152,0.8404659821066829,0.895,0.4551,0.461375,0.459125,17013
17149,-0.173106115574423,29127,0.06973025790626407,0.8404659821066829,0.895,0.5365,0.54325,0.537125,29127
17149,-0.173106115574423,29173,0.17872054231209414,0.8404659821066829,0.895,0.6357,0.645,0.65275,29173
17149,-0.173106115574423,17137,-0.004499328574134403,0.8404659821066829,0.895,0.4761,0.468,0.469375,17137
17149,-0.173106115574423,17001,-0.12502767920940713,0.8404659821066829,0.895,0.4061,0.41125,0.40575,17001
17149,-0.173106115574423,17061,-0.026528286672736705,0.8404659821066829,0.895,0.4555,0.455,0.45575,17061
17151,0.3220147734240253,17087,0.41559888782163473,0.8404659821066829,0.895,0.4132,0.41075,0.4145,17087
17151,0.3220147734240253,17127,0.46194451295424915,0.8404659821066829,0.895,0.4399,0.43725,0.4475,17127
17151,0.3220147734240253,17069,1.2848270537288855,0.8404659821066829,0.895,0.9834,0.985,0.986,17069
17171,-0.0030348715165099682,17137,-0.004499328574134403,0.8404659821066829,0.895,0.3986,0.3965,0.399875,17171
17171,-0.0030348715165099682,17061,-0.026528286672736705,0.8404659821066829,0.895,0.3899,0.405875,0.403375,17171
13117,0.13809228638474866,13057,0.30199375767649167,0.8404659821066829,0.895,0.4558,0.463375,0.478875,13057
13119,0.48878076298103895,45073,0.12731362308248254,0.8404659821066829,0.895,0.6568,0.668125,0.659125,13119
13119,0.48878076298103895,13147,0.18422709077958174,0.8404659821066829,0.895,0.5752,0.57875,0.5905,13119
13119,0.48878076298103895,13011,0.28362996639136717,0.8404659821066829,0.895,0.4893,0.496375,0.49575,13119
13149,0.35165550606710355,13045,0.4685160642492034,0.8404659821066829,0.895,0.428,0.439375,0.430375,13045
13149,0.35165550606710355,1111,-0.0854080019713239,0.8404659821066829,0.895,0.7102,0.7125,0.7175,13149
19181,-0.19020061569847546,19039,-0.3492204869258115,0.8404659821066829,0.895,0.454,0.450625,0.455625,19181
19181,-0.19020061569847546,19125,0.04858227573046496,0.8404659821066829,0.895,0.5135,0.53,0.534625,19125
19183,-0.6511271175153756,19095,-0.558600486371563,0.8404659821066829,0.895,0.4164,0.42975,0.42,19095
19183,-0.6511271175153756,19101,-0.5034428619424924,0.8404659821066829,0.895,0.4445,0.440375,0.44625,19101
19187,-0.48069213261227467,19197,-0.642715278809845,0.8404659821066829,0.895,0.4602,0.462375,0.466,19187
19187,-0.48069213261227467,19091,-0.7274952110249165,0.8404659821066829,0.895,0.5201,0.523125,0.52375,19187
19187,-0.48069213261227467,19079,-0.5826747877127443,0.8404659821066829,0.895,0.4238,0.420625,0.42575,19187
19191,-0.8164981916432238,19037,-0.7488030007250281,0.8404659821066829,0.895,0.4133,0.411875,0.407625,19037
19191,-0.8164981916432238,19065,-0.5009935570836227,0.8404659821066829,0.895,0.5964,0.607375,0.59425,19065
19191,-0.8164981916432238,27045,-0.754292088966921,0.8404659821066829,0.895,0.4044,0.400875,0.40725,27045
13295,0.9489295392712018,13083,1.1321672073117806,0.8404659821066829,0.895,0.4767,0.47075,0.476625,13083
13295,0.9489295392712018,13115,0.6521599874991006,0.8404659821066829,0.895,0.586,0.588625,0.578875,13295
13295,0.9489295392712018,13047,0.32149790968235303,0.8404659821066829,0.895,0.8519,0.862875,0.868,13295
13295,0.9489295392712018,13129,0.9242374959401324,0.8404659821066829,0.895,0.4048,0.401375,0.405875,13295
13307,-0.0742961059621821,13197,-0.1955424171163471,0.8404659821066829,0.895,0.4275,0.43675,0.4305,13307
13307,-0.0742961059621821,13243,0.008160820136117857,0.8404659821066829,0.895,0.4134,0.409625,0.408,13243
13307,-0.0742961059621821,13259,0.001991475534653399,0.8404659821066829,0.895,0.4163,0.409125,0.413625,13259
13307,-0.0742961059621821,13273,0.31290327519673367,0.8404659821066829,0.895,0.6638,0.654,0.6685,13273
17175,-0.05725456802094782,17011,-0.08852473261603133,0.8404659821066829,0.895,0.3956,0.40425,0.398,17175
17175,-0.05725456802094782,17095,-0.006684855879652173,0.8404659821066829,0.895,0.4027,0.4,0.404125,17095
17175,-0.05725456802094782,17073,-0.001532365598509877,0.8404659821066829,0.895,0.4072,0.41,0.406625,17073
17175,-0.05725456802094782,17143,0.21635459910263985,0.8404659821066829,0.895,0.5517,0.549625,0.55675,17143
17181,0.700984140082696,17087,0.41559888782163473,0.8404659821066829,0.895,0.5605,0.575125,0.588375,17181
17181,0.700984140082696,17199,0.8446717358981533,0.8404659821066829,0.895,0.4452,0.45375,0.45075,17199
17191,0.3552854334906121,17065,0.5572195858359522,0.8404659821066829,0.895,0.4958,0.49975,0.495125,17065
17191,0.3552854334906121,17081,0.24862209825241785,0.8404659821066829,0.895,0.4224,0.43,0.43575,17191
17191,0.3552854334906121,17025,0.12775671410520828,0.8404659821066829,0.895,0.5193,0.52475,0.52225,17191
17191,0.3552854334906121,17159,0.1467720553202094,0.8404659821066829,0.895,0.4991,0.5105,0.496875,17191
13159,0.20158156325028467,13211,0.0717297531567166,0.8404659821066829,0.895,0.4402,0.437,0.442,13159
13159,0.20158156325028467,13207,0.008376773557630104,0.8404659821066829,0.895,0.4866,0.483125,0.48975,13159
13159,0.20158156325028467,13169,0.051527773361959774,0.8404659821066829,0.895,0.4576,0.4455,0.4615,13159
13193,0.09626778044217536,13093,-0.6555471959901759,0.8404659821066829,0.895,0.9342,0.939,0.947125,13193
13193,0.09626778044217536,13225,0.9369608103803001,0.8404659821066829,0.895,0.9584,0.9635,0.963125,13225
19197,-0.642715278809845,19091,-0.7274952110249165,0.8404659821066829,0.895,0.4212,0.416375,0.40925,19197
19197,-0.642715278809845,19079,-0.5826747877127443,0.8404659821066829,0.895,0.4038,0.403125,0.40975,19079
20005,-0.10553327224228788,20013,-0.4206989110397106,0.8404659821066829,0.895,0.589,0.5995,0.612125,20005
20005,-0.10553327224228788,20043,-0.26384051471134834,0.8404659821066829,0.895,0.4491,0.450875,0.457875,20005
20005,-0.10553327224228788,29021,0.0792475827324217,0.8404659821066829,0.895,0.4761,0.46325,0.482375,29021
20005,-0.10553327224228788,20085,-0.07227540347694084,0.8404659821066829,0.895,0.4012,0.40125,0.407625,20085
20005,-0.10553327224228788,29165,0.046325517531192247,0.8404659821066829,0.895,0.4509,0.455625,0.44875,29165
20013,-0.4206989110397106,20043,-0.26384051471134834,0.8404659821066829,0.895,0.4606,0.456625,0.46275,20043
20013,-0.4206989110397106,31147,-0.28119880932918245,0.8404659821066829,0.895,0.4415,0.448,0.447375,31147
20013,-0.4206989110397106,20085,-0.07227540347694084,0.8404659821066829,0.895,0.6178,0.6325,0.629875,20085
20015,0.3484543935972281,20073,0.4044562415190786,0.8404659821066829,0.895,0.3976,0.41175,0.411875,20073
20015,0.3484543935972281,20173,-0.0006787113453491988,0.8404659821066829,0.895,0.6306,0.649,0.641,20015
20015,0.3484543935972281,20049,0.665034295070372,0.8404659821066829,0.895,0.6051,0.61,0.60775,20049
20015,0.3484543935972281,20079,-0.1598651835548462,0.8404659821066829,0.895,0.79,0.788875,0.78475,20015
20015,0.3484543935972281,20035,0.1127098113998356,0.8404659821066829,0.895,0.5269,0.514875,0.5235,20015
16067,-0.6328669461003036,16063,-0.6238907168737946,0.8404659821066829,0.895,0.3993,0.4005,0.40175,16063
16067,-0.6328669461003036,16053,-0.5590379930896107,0.8404659821066829,0.895,0.4105,0.4255,0.42025,16053
17009,-0.530770258511354,17169,0.12773162345409036,0.8404659821066829,0.895,0.8924,0.8975,0.906625,17169
17009,-0.530770258511354,17137,-0.004499328574134403,0.8404659821066829,0.895,0.7932,0.80725,0.814125,17137
17009,-0.530770258511354,17001,-0.12502767920940713,0.8404659821066829,0.895,0.6704,0.69525,0.70125,17001
17195,-0.10794752785638809,17011,-0.08852473261603133,0.8404659821066829,0.895,0.3974,0.404625,0.396125,17011
17195,-0.10794752785638809,17073,-0.001532365598509877,0.8404659821066829,0.895,0.4297,0.429875,0.430125,17073
17195,-0.10794752785638809,17103,0.023375177845332763,0.8404659821066829,0.895,0.4433,0.4385,0.44125,17103
17195,-0.10794752785638809,17141,-0.10111212111697135,0.8404659821066829,0.895,0.4019,0.40025,0.39725,17141
17195,-0.10794752785638809,17015,0.02316789104111233,0.8404659821066829,0.895,0.4393,0.445,0.438125,17015
17201,-0.06458897871172876,55045,-0.49072361013015825,0.8404659821066829,0.895,0.7069,0.72075,0.7105,17201
17201,-0.06458897871172876,17141,-0.10111212111697135,0.8404659821066829,0.895,0.4051,0.401625,0.39825,17201
18007,0.3989641314698143,17075,0.0979442025916717,0.8404659821066829,0.895,0.5746,0.58925,0.5905,18007
18007,0.3989641314698143,18181,0.4041019147070431,0.8404659821066829,0.895,0.3998,0.400875,0.39875,18181
13199,-0.1423205906241513,13145,0.13408122563225197,0.8404659821066829,0.895,0.5571,0.572625,0.5715,13145
13199,-0.1423205906241513,13231,0.7942921823812886,0.8404659821066829,0.895,0.9756,0.98225,0.979375,13231
13211,0.0717297531567166,13297,0.3139680472883748,0.8404659821066829,0.895,0.5184,0.540125,0.540375,13297
20023,-0.6462511051541469,20153,-0.41819136350207536,0.8404659821066829,0.895,0.5043,0.522125,0.510125,20153
20023,-0.6462511051541469,20181,-0.7110018060522961,0.8404659821066829,0.895,0.4083,0.41125,0.40475,20023
20023,-0.6462511051541469,8063,-0.7900850224506084,0.8404659821066829,0.895,0.447,0.454375,0.45625,20023
20023,-0.6462511051541469,8125,-0.48789744685806746,0.8404659821066829,0.895,0.4606,0.458125,0.454,8125
20023,-0.6462511051541469,31057,-0.25057271224719985,0.8404659821066829,0.895,0.6741,0.684,0.6905,31057
20025,0.00389543073964127,40007,-0.1323832085432157,0.8404659821066829,0.895,0.4397,0.445375,0.434,20025
20025,0.00389543073964127,20119,-0.17808641084166524,0.8404659821066829,0.895,0.4701,0.476875,0.472625,20025
20043,-0.26384051471134834,31147,-0.28119880932918245,0.8404659821066829,0.895,0.3969,0.397375,0.401125,20043
20043,-0.26384051471134834,29021,0.0792475827324217,0.8404659821066829,0.895,0.6207,0.6165,0.62025,29021
17011,-0.08852473261603133,17099,0.11466440491844697,0.8404659821066829,0.895,0.503,0.506375,0.498875,17099
17011,-0.08852473261603133,17073,-0.001532365598509877,0.8404659821066829,0.895,0.4155,0.424,0.418375,17073
17011,-0.08852473261603133,17103,0.023375177845332763,0.8404659821066829,0.895,0.4348,0.42925,0.431875,17103
17021,0.6207148095780405,17115,0.40710064231838444,0.8404659821066829,0.895,0.499,0.50775,0.502625,17021
17021,0.6207148095780405,17135,0.2420281943821326,0.8404659821066829,0.895,0.6565,0.663125,0.6665,17021
17021,0.6207148095780405,17167,0.2332409510429101,0.8404659821066829,0.895,0.6664,0.669875,0.678375,17021
17021,0.6207148095780405,17173,0.05086608988093293,0.8404659821066829,0.895,0.8307,0.843,0.83375,17021
17029,0.18866160524892764,17041,-0.0271271251546921,0.8404659821066829,0.895,0.5019,0.499625,0.496,17029
17029,0.18866160524892764,17035,0.25549802070477945,0.8404659821066829,0.895,0.4126,0.4115,0.418875,17035
17029,0.18866160524892764,17045,0.08777927763410968,0.8404659821066829,0.895,0.4209,0.4255,0.423,17029
17029,0.18866160524892764,17173,0.05086608988093293,0.8404659821066829,0.895,0.4436,0.43775,0.444125,17029
18015,-0.14953435646352672,18017,0.171006141132654,0.8404659821066829,0.895,0.5898,0.60375,0.602875,18017
18015,-0.14953435646352672,18023,-0.13647581724060273,0.8404659821066829,0.895,0.401,0.39675,0.394875,18023
18015,-0.14953435646352672,18181,0.4041019147070431,0.8404659821066829,0.895,0.8104,0.823,0.8335,18181
18021,0.40043583800392923,18055,0.1999107750216947,0.8404659821066829,0.895,0.4899,0.498625,0.49875,18021
18021,0.40043583800392923,18153,0.39211789898026694,0.8404659821066829,0.895,0.3975,0.402625,0.3995,18021
18021,0.40043583800392923,18167,0.35305330198367546,0.8404659821066829,0.895,0.4039,0.412625,0.405125,18021
18025,0.4982446705942358,21163,0.7399737856041383,0.8404659821066829,0.895,0.5244,0.511,0.504625,21163
18025,0.4982446705942358,18037,-0.0938297367262549,0.8404659821066829,0.895,0.8645,0.87125,0.873875,18025
18025,0.4982446705942358,18117,0.5383197893613675,0.8404659821066829,0.895,0.4042,0.40175,0.394,18117
13235,-0.32934405907454994,13091,0.31310032371638824,0.8404659821066829,0.895,0.8779,0.89025,0.881625,13091
13235,-0.32934405907454994,13093,-0.6555471959901759,0.8404659821066829,0.895,0.6026,0.60425,0.6125,13235
13247,0.009752035386801123,13297,0.3139680472883748,0.8404659821066829,0.895,0.5727,0.5815,0.576875,13297
20045,0.027103278926782094,20139,0.24774208041906703,0.8404659821066829,0.895,0.508,0.5015,0.501625,20139
20045,0.027103278926782094,20059,0.03027558495473624,0.8404659821066829,0.895,0.4029,0.403875,0.400125,20059
20045,0.027103278926782094,20177,0.13107398409784504,0.8404659821066829,0.895,0.4216,0.4235,0.416625,20177
20053,-0.3033553289792875,20105,-0.3970517942765492,0.8404659821066829,0.895,0.422,0.4125,0.42075,20053
20053,-0.3033553289792875,20113,-0.3390541801279753,0.8404659821066829,0.895,0.3989,0.40575,0.4035,20053
20053,-0.3033553289792875,20169,-0.0979303071932069,0.8404659821066829,0.895,0.493,0.4985,0.491875,20169
20053,-0.3033553289792875,20159,0.13252417119033946,0.8404659821066829,0.895,0.7097,0.720125,0.728875,20159
20055,-0.27968113869238326,20171,-0.23716313892571256,0.8404659821066829,0.895,0.3998,0.4095,0.394,20171
20055,-0.27968113869238326,20083,-0.14521653502676335,0.8404659821066829,0.895,0.4385,0.434375,0.435,20083
20065,-0.49824497405887813,20137,-0.6606260924402463,0.8404659821066829,0.895,0.4618,0.465375,0.46025,20065
20065,-0.49824497405887813,20147,-0.3947295325180707,0.8404659821066829,0.895,0.4259,0.433375,0.418625,20147
20065,-0.49824497405887813,20179,-0.49264985952632234,0.8404659821066829,0.895,0.398,0.402125,0.402625,20179
20065,-0.49824497405887813,20195,-0.4515960440298588,0.8404659821066829,0.895,0.407,0.404625,0.4065,20195
20065,-0.49824497405887813,20063,-0.5433396382467405,0.8404659821066829,0.895,0.3998,0.403,0.402625,20065
17041,-0.0271271251546921,17045,0.08777927763410968,0.8404659821066829,0.895,0.4263,0.43225,0.431625,17045
17041,-0.0271271251546921,17019,0.09749061031152753,0.8404659821066829,0.895,0.4313,0.43525,0.433375,17019
17049,-0.024630254444819543,17051,-0.17757483876158273,0.8404659821066829,0.895,0.4524,0.464125,0.463875,17049
17049,-0.024630254444819543,17079,0.08584964357339255,0.8404659821066829,0.895,0.4285,0.426625,0.4335,17079
17049,-0.024630254444819543,17025,0.12775671410520828,0.8404659821066829,0.895,0.458,0.455,0.44625,17025
17049,-0.024630254444819543,17035,0.25549802070477945,0.8404659821066829,0.895,0.5513,0.560375,0.55525,17035
17049,-0.024630254444819543,17173,0.05086608988093293,0.8404659821066829,0.895,0.4153,0.42025,0.415,17173
17051,-0.17757483876158273,17005,-0.04134917778445521,0.8404659821066829,0.895,0.4366,0.445625,0.439375,17005
17051,-0.17757483876158273,17025,0.12775671410520828,0.8404659821066829,0.895,0.5859,0.60175,0.599625,17025
17051,-0.17757483876158273,17135,0.2420281943821326,0.8404659821066829,0.895,0.7146,0.721625,0.73475,17135
17051,-0.17757483876158273,17173,0.05086608988093293,0.8404659821066829,0.895,0.5244,0.54225,0.534125,17173
18041,0.05875489210433123,18065,-0.05072228346499042,0.8404659821066829,0.895,0.4318,0.425875,0.4265,18041
18041,0.05875489210433123,18047,-0.0345988376660177,0.8404659821066829,0.895,0.4223,0.423125,0.42125,18041
18041,0.05875489210433123,18177,0.10191354206584882,0.8404659821066829,0.895,0.4109,0.403875,0.40275,18177
18045,0.37839680613221166,18107,0.08085949849353528,0.8404659821066829,0.895,0.5758,0.5715,0.564875,18045
18045,0.37839680613221166,18165,0.530258308676866,0.8404659821066829,0.895,0.4466,0.4585,0.448625,18165
18055,0.1999107750216947,18101,0.12190613444400408,0.8404659821066829,0.895,0.4088,0.413875,0.416125,18055
18055,0.1999107750216947,18153,0.39211789898026694,0.8404659821066829,0.895,0.4792,0.485,0.48575,18153
18055,0.1999107750216947,18093,0.4263690282238833,0.8404659821066829,0.895,0.5133,0.516375,0.530875,18093
18065,-0.05072228346499042,18177,0.10191354206584882,0.8404659821066829,0.895,0.4594,0.457875,0.46475,18177
18065,-0.05072228346499042,18095,0.028043911889942104,0.8404659821066829,0.895,0.4166,0.427375,0.4195,18095
21023,1.069368298096228,39015,0.6444385685746457,0.8404659821066829,0.895,0.7062,0.719375,0.716625,21023
21035,0.4674745485101425,21157,0.494447056527082,0.8404659821066829,0.895,0.4046,0.4005,0.39925,21157
21035,0.4674745485101425,47161,1.0497560786264541,0.8404659821066829,0.895,0.8463,0.845,0.84125,47161
20117,-0.5520892814731866,31067,-0.4386420176045005,0.8404659821066829,0.895,0.426,0.42475,0.42925,31067
20117,-0.5520892814731866,31133,-0.5800788785280754,0.8404659821066829,0.895,0.3996,0.40275,0.4,20117
20127,0.049536180373094735,20111,0.22234261356573,0.8404659821066829,0.895,0.4621,0.468625,0.46625,20111
20127,0.049536180373094735,20197,0.0990436342899526,0.8404659821066829,0.895,0.4052,0.40325,0.403625,20197
20129,-0.25325995051809175,20189,-0.22404289646251418,0.8404659821066829,0.895,0.3945,0.403625,0.4055,20189
20129,-0.25325995051809175,40025,0.14600512526208936,0.8404659821066829,0.895,0.6753,0.69325,0.69225,40025
20129,-0.25325995051809175,40139,-0.056436227066780774,0.8404659821066829,0.895,0.4835,0.49825,0.505,40139
20137,-0.6606260924402463,20147,-0.3947295325180707,0.8404659821066829,0.895,0.539,0.5635,0.558375,20147
20137,-0.6606260924402463,20179,-0.49264985952632234,0.8404659821066829,0.895,0.4627,0.4775,0.478875,20179
20137,-0.6606260924402463,20039,-0.4318877219754395,0.8404659821066829,0.895,0.5183,0.536625,0.526125,20039
20137,-0.6606260924402463,31083,-0.4708966524139384,0.8404659821066829,0.895,0.472,0.490875,0.492,31083
17055,0.8356137805259474,17065,0.5572195858359522,0.8404659821066829,0.895,0.5544,0.567,0.574625,17055
17055,0.8356137805259474,17081,0.24862209825241785,0.8404659821066829,0.895,0.8513,0.868375,0.856625,17055
17055,0.8356137805259474,17145,-0.022852790820351274,0.8404659821066829,0.895,0.9658,0.97125,0.971375,17055
17055,0.8356137805259474,17199,0.8446717358981533,0.8404659821066829,0.895,0.3959,0.4035,0.405625,17199
17059,1.0299969962392816,17065,0.5572195858359522,0.8404659821066829,0.895,0.7539,0.764375,0.768,17059
17059,1.0299969962392816,17069,1.2848270537288855,0.8404659821066829,0.895,0.5346,0.534875,0.53825,17069
17059,1.0299969962392816,21225,1.041809592311481,0.8404659821066829,0.895,0.4017,0.39825,0.3975,21225
17065,0.5572195858359522,17081,0.24862209825241785,0.8404659821066829,0.895,0.5856,0.60375,0.595,17065
35057,-1.1822237709294847,35061,-1.1489227540041487,0.8404659821066829,0.895,0.4058,0.402375,0.40425,35061
35057,-1.1822237709294847,35047,-1.0619615013655712,0.8404659821066829,0.895,0.4361,0.43225,0.43375,35047
35057,-1.1822237709294847,35001,-1.1537313021627753,0.8404659821066829,0.895,0.4115,0.397,0.4015,35001
35057,-1.1822237709294847,35053,-1.1661975081910492,0.8404659821066829,0.895,0.4017,0.407625,0.402125,35053
35057,-1.1822237709294847,35027,-1.1030169556562541,0.8404659821066829,0.895,0.4082,0.41725,0.414875,35027
35061,-1.1489227540041487,35001,-1.1537313021627753,0.8404659821066829,0.895,0.4006,0.39575,0.405,35061
35061,-1.1489227540041487,35053,-1.1661975081910492,0.8404659821066829,0.895,0.4053,0.407,0.39775,35061
35061,-1.1489227540041487,35006,-1.4537429640441328,0.8404659821066829,0.895,0.577,0.57625,0.582,35061
36003,-0.03500513366785558,42083,-0.2343929647096803,0.8404659821066829,0.895,0.4906,0.504,0.497125,36003
36003,-0.03500513366785558,36121,-0.24806659952147064,0.8404659821066829,0.895,0.4901,0.501125,0.505125,36003
36003,-0.03500513366785558,42105,-0.08446298736518462,0.8404659821066829,0.895,0.4016,0.402,0.404125,36003
21039,0.6589981192901798,21105,0.190006147694943,0.8404659821066829,0.895,0.745,0.756875,0.74875,21039
21039,0.6589981192901798,21145,0.42746746367054567,0.8404659821066829,0.895,0.5136,0.519375,0.528,21039
21039,0.6589981192901798,29133,0.932619220661142,0.8404659821066829,0.895,0.5531,0.549125,0.548,29133
21045,1.0542944062022446,21001,0.37010624442505097,0.8404659821066829,0.895,0.9116,0.924,0.92075,21045
21045,1.0542944062022446,21199,1.059944309834641,0.8404659821066829,0.895,0.4043,0.3965,0.393,21199
20139,0.24774208041906703,20111,0.22234261356573,0.8404659821066829,0.895,0.3963,0.40025,0.405875,20139
20139,0.24774208041906703,20059,0.03027558495473624,0.8404659821066829,0.895,0.4942,0.506625,0.501,20139
20139,0.24774208041906703,20197,0.0990436342899526,0.8404659821066829,0.895,0.4456,0.4475,0.46,20139
20139,0.24774208041906703,20177,0.13107398409784504,0.8404659821066829,0.895,0.424,0.43075,0.44025,20139
20139,0.24774208041906703,20031,0.40339524376081337,0.8404659821066829,0.895,0.4567,0.458125,0.450125,20031
20147,-0.3947295325180707,20183,-0.41518879560328353,0.8404659821066829,0.895,0.4082,0.40025,0.404375,20147
20147,-0.3947295325180707,31061,-0.36689942695211564,0.8404659821066829,0.895,0.4048,0.402125,0.396625,31061
20147,-0.3947295325180707,31083,-0.4708966524139384,0.8404659821066829,0.895,0.4127,0.41825,0.409375,20147
20157,-0.5253055168822435,31129,-0.36892254898260557,0.8404659821066829,0.895,0.4477,0.449625,0.454875,31129
20157,-0.5253055168822435,31169,-0.5604916397941886,0.8404659821066829,0.895,0.4005,0.404875,0.39375,20157
20157,-0.5253055168822435,20089,-0.2386407396510126,0.8404659821066829,0.895,0.5591,0.56925,0.569875,20089
20157,-0.5253055168822435,20029,-0.40675170723899984,0.8404659821066829,0.895,0.4266,0.429375,0.42175,20029
20175,-0.3142076230476196,20189,-0.22404289646251418,0.8404659821066829,0.895,0.4239,0.402625,0.404375,20189
20175,-0.3142076230476196,40007,-0.1323832085432157,0.8404659821066829,0.895,0.4714,0.463125,0.469,40007
20175,-0.3142076230476196,40139,-0.056436227066780774,0.8404659821066829,0.895,0.5376,0.5395,0.5395,40139
20175,-0.3142076230476196,20119,-0.17808641084166524,0.8404659821066829,0.895,0.4356,0.427875,0.428,20119
20179,-0.49264985952632234,20193,-0.44603669566797854,0.8404659821066829,0.895,0.4007,0.40775,0.406,20193
20179,-0.49264985952632234,20039,-0.4318877219754395,0.8404659821066829,0.895,0.4111,0.412125,0.405,20039
20179,-0.49264985952632234,20063,-0.5433396382467405,0.8404659821066829,0.895,0.4051,0.406625,0.416,20179
17071,0.17000734124196865,17109,0.17436572994284602,0.8404659821066829,0.895,0.4018,0.4045,0.406625,17109
17071,0.17000734124196865,19057,-0.02058467361950069,0.8404659821066829,0.895,0.4845,0.477875,0.4835,17071
17075,0.0979442025916717,17053,0.0497985754629687,0.8404659821066829,0.895,0.4043,0.408875,0.408625,17075
17079,0.08584964357339255,17025,0.12775671410520828,0.8404659821066829,0.895,0.4049,0.408,0.408875,17025
17079,0.08584964357339255,17035,0.25549802070477945,0.8404659821066829,0.895,0.4606,0.4605,0.468,17035
17079,0.08584964357339255,17159,0.1467720553202094,0.8404659821066829,0.895,0.4105,0.405875,0.412375,17159
17079,0.08584964357339255,17033,0.1495592969421307,0.8404659821066829,0.895,0.4043,0.4025,0.410625,17033
17081,0.24862209825241785,17145,-0.022852790820351274,0.8404659821066829,0.895,0.5491,0.555375,0.563375,17081
36015,0.2658342452244079,42117,-0.12063511264696024,0.8404659821066829,0.895,0.6624,0.670625,0.673375,36015
36015,0.2658342452244079,36107,0.04510830886556006,0.8404659821066829,0.895,0.5055,0.51575,0.5095,36015
36015,0.2658342452244079,42015,-0.053779635513672465,0.8404659821066829,0.895,0.6072,0.62125,0.60675,36015
36015,0.2658342452244079,36109,0.1775155632531711,0.8404659821066829,0.895,0.4166,0.417,0.408125,36015
21053,0.9355817455442422,21057,0.4879331220814993,0.8404659821066829,0.895,0.7248,0.735125,0.75025,21053
21053,0.9355817455442422,47027,1.006640180485057,0.8404659821066829,0.895,0.407,0.410875,0.405375,47027
21053,0.9355817455442422,47137,0.8273162710065848,0.8404659821066829,0.895,0.4284,0.419125,0.42275,21053
21075,1.165163961153319,21105,0.190006147694943,0.8404659821066829,0.895,0.9843,0.9895,0.984625,21075
21075,1.165163961153319,47095,1.5076611907789557,0.8404659821066829,0.895,0.6131,0.612,0.62625,47095
21075,1.165163961153319,29133,0.932619220661142,0.8404659821066829,0.895,0.5117,0.527125,0.521125,21075
21103,0.7958376786471497,21185,0.34209882251902984,0.8404659821066829,0.895,0.7296,0.73675,0.73775,21103
21103,0.7958376786471497,21223,0.8938246377121912,0.8404659821066829,0.895,0.4217,0.427125,0.4225,21223
21103,0.7958376786471497,21041,0.8216544875967611,0.8404659821066829,0.895,0.4078,0.403,0.405875,21041
21103,0.7958376786471497,21073,0.9336043843337062,0.8404659821066829,0.895,0.439,0.443875,0.441625,21073
21103,0.7958376786471497,21211,0.2186161895981994,0.8404659821066829,0.895,0.8383,0.85975,0.8505,21103
20183,-0.41518879560328353,20089,-0.2386407396510126,0.8404659821066829,0.895,0.4682,0.47175,0.465,20089
20183,-0.41518879560328353,20141,-0.18373153023708888,0.8404659821066829,0.895,0.523,0.53,0.52275,20141
20183,-0.41518879560328353,31061,-0.36689942695211564,0.8404659821066829,0.895,0.4047,0.401375,0.408875,31061
20183,-0.41518879560328353,31181,-0.28247106421474716,0.8404659821066829,0.895,0.4365,0.44725,0.446125,31181
20189,-0.22404289646251418,40139,-0.056436227066780774,0.8404659821066829,0.895,0.4626,0.47375,0.489875,40139
20193,-0.44603669566797854,20153,-0.41819136350207536,0.8404659821066829,0.895,0.4078,0.4015,0.397625,20153
20193,-0.44603669566797854,20039,-0.4318877219754395,0.8404659821066829,0.895,0.3984,0.404125,0.398875,20039
20193,-0.44603669566797854,20181,-0.7110018060522961,0.8404659821066829,0.895,0.5408,0.560125,0.5595,20193
20193,-0.44603669566797854,20109,-0.49414122094719587,0.8404659821066829,0.895,0.4042,0.4075,0.41475,20193
20193,-0.44603669566797854,20063,-0.5433396382467405,0.8404659821066829,0.895,0.4278,0.430125,0.427,20193
20199,-0.3852979113436389,20181,-0.7110018060522961,0.8404659821066829,0.895,0.6103,0.60875,0.61075,20199
20199,-0.3852979113436389,20109,-0.49414122094719587,0.8404659821066829,0.895,0.4288,0.427125,0.43325,20199
20199,-0.3852979113436389,8017,-0.6105761629402562,0.8404659821066829,0.895,0.5007,0.499625,0.504875,20199
20199,-0.3852979113436389,8063,-0.7900850224506084,0.8404659821066829,0.895,0.7003,0.707125,0.693125,20199
8037,-0.9364207807225241,8065,-1.006639650131146,0.8404659821066829,0.895,0.4118,0.4195,0.41775,8037
17085,-0.13699442919162522,19061,-0.12958102323683396,0.8404659821066829,0.895,0.3972,0.403625,0.400625,19061
17085,-0.13699442919162522,55065,-0.43051890407849985,0.8404659821066829,0.895,0.5621,0.573625,0.562125,17085
17085,-0.13699442919162522,19097,-0.30893913730481026,0.8404659821066829,0.895,0.4674,0.471625,0.456625,17085
17085,-0.13699442919162522,17015,0.02316789104111233,0.8404659821066829,0.895,0.4667,0.45675,0.4545,17015
17089,-0.058721566575762565,17111,0.09371547741880093,0.8404659821066829,0.895,0.4501,0.456625,0.458375,17111
36033,0.012958355559028582,36089,0.255192899692451,0.8404659821066829,0.895,0.5149,0.511125,0.5135,36089
36033,0.012958355559028582,36041,0.3753035128273372,0.8404659821066829,0.895,0.6243,0.636625,0.631,36041
36035,-0.18437842659097664,36041,0.3753035128273372,0.8404659821066829,0.895,0.8138,0.81975,0.8255,36041
8041,-0.6742304569479136,8073,-0.9854994561197211,0.8404659821066829,0.895,0.5966,0.599125,0.600875,8041
8041,-0.6742304569479136,8101,-1.0269722214081873,0.8404659821066829,0.895,0.6338,0.655625,0.660125,8041
8041,-0.6742304569479136,8119,-1.0990782865103865,0.8404659821066829,0.895,0.6972,0.7175,0.71325,8041
8061,-0.52118850829093,8073,-0.9854994561197211,0.8404659821066829,0.895,0.7714,0.776125,0.777125,8061
8061,-0.52118850829093,8011,-0.977666279268136,0.8404659821066829,0.895,0.7417,0.749,0.739875,8061
8061,-0.52118850829093,8089,-1.1581293542293343,0.8404659821066829,0.895,0.8818,0.8905,0.88975,8061
8061,-0.52118850829093,8017,-0.6105761629402562,0.8404659821066829,0.895,0.4179,0.41925,0.41825,8061
17095,-0.006684855879652173,17057,0.15712051120015436,0.8404659821066829,0.895,0.463,0.478125,0.473125,17057
17095,-0.006684855879652173,17073,-0.001532365598509877,0.8404659821066829,0.895,0.3961,0.405375,0.391375,17073
17095,-0.006684855879652173,17143,0.21635459910263985,0.8404659821066829,0.895,0.5032,0.5105,0.518,17143
17099,0.11466440491844697,17103,0.023375177845332763,0.8404659821066829,0.895,0.4172,0.422,0.413125,17099
17099,0.11466440491844697,17105,-0.0725428477415313,0.8404659821066829,0.895,0.4759,0.48775,0.494625,17099
17109,0.17436572994284602,17057,0.15712051120015436,0.8404659821066829,0.895,0.4047,0.402125,0.4035,17109
17109,0.17436572994284602,17169,0.12773162345409036,0.8404659821066829,0.895,0.4004,0.414125,0.40925,17109
36039,0.1256926432996771,36095,-0.05226262680839932,0.8404659821066829,0.895,0.475,0.46775,0.477375,36039
36083,0.36856982398872706,50003,0.14502224456022975,0.8404659821066829,0.895,0.5126,0.51775,0.512875,36083
36083,0.36856982398872706,25003,-0.15198236594838918,0.8404659821066829,0.895,0.7991,0.833,0.8275,36083
21143,0.29024460835131116,21157,0.494447056527082,0.8404659821066829,0.895,0.4951,0.49975,0.5035,21157
21149,1.1565216576357147,21233,0.8453662052156371,0.8404659821066829,0.895,0.5898,0.58425,0.599875,21149
8073,-0.9854994561197211,8121,-0.9313903623476942,0.8404659821066829,0.895,0.4023,0.400875,0.402375,8121
8073,-0.9854994561197211,8017,-0.6105761629402562,0.8404659821066829,0.895,0.6595,0.6745,0.686,8017
8073,-0.9854994561197211,8063,-0.7900850224506084,0.8404659821066829,0.895,0.4934,0.50075,0.505875,8063
8081,-0.6128080859892114,8103,-0.34708161407468713,0.8404659821066829,0.895,0.5332,0.536,0.542875,8103
8081,-0.6128080859892114,49009,-0.9952878996856874,0.8404659821066829,0.895,0.6621,0.66125,0.648375,8081
8081,-0.6128080859892114,56007,-0.4047153307112587,0.8404659821066829,0.895,0.5037,0.5115,0.51325,56007
8087,-0.808806154764732,8075,-0.8958439837999121,0.8404659821066829,0.895,0.422,0.42375,0.423,8087
8087,-0.808806154764732,8121,-0.9313903623476942,0.8404659821066829,0.895,0.4409,0.435625,0.431,8087
8087,-0.808806154764732,8123,-0.6560468822307169,0.8404659821066829,0.895,0.4457,0.454625,0.45825,8123
8095,-0.5420383470606284,8115,-0.4173091949609743,0.8404659821066829,0.895,0.4318,0.41975,0.427875,8115
8095,-0.5420383470606284,8075,-0.8958439837999121,0.8404659821066829,0.895,0.6446,0.650875,0.6605,8095
8095,-0.5420383470606284,31029,-0.14831894628488335,0.8404659821066829,0.895,0.656,0.676,0.676625,31029
8095,-0.5420383470606284,8125,-0.48789744685806746,0.8404659821066829,0.895,0.4092,0.40075,0.401,8125
8105,-1.1805268891810632,8021,-1.3404604296159024,0.8404659821066829,0.895,0.4516,0.462125,0.45925,8105
8115,-0.4173091949609743,8075,-0.8958439837999121,0.8404659821066829,0.895,0.7597,0.774,0.770125,8115
8115,-0.4173091949609743,31033,-0.499970491900356,0.8404659821066829,0.895,0.4148,0.406375,0.41375,8115
17111,0.09371547741880093,55059,0.09779867134436405,0.8404659821066829,0.895,0.4001,0.4025,0.397875,55059
17111,0.09371547741880093,55127,-0.07360632430789005,0.8404659821066829,0.895,0.4668,0.46,0.47175,17111
17115,0.40710064231838444,17167,0.2332409510429101,0.8404659821066829,0.895,0.472,0.47,0.46975,17115
17115,0.40710064231838444,17173,0.05086608988093293,0.8404659821066829,0.895,0.6623,0.647625,0.652625,17115
36085,-0.473508275280252,34017,-0.42484982547538086,0.8404659821066829,0.895,0.3955,0.412125,0.409875,34017
36085,-0.473508275280252,34039,-0.36549968763295493,0.8404659821066829,0.895,0.416,0.429875,0.437125,34039
36089,0.255192899692451,36041,0.3753035128273372,0.8404659821066829,0.895,0.4293,0.43,0.4345,36041
12005,0.6225371003218253,12063,0.24228441605523376,0.8404659821066829,0.895,0.6597,0.677,0.68575,12005
12029,0.8024609235998549,12067,0.46777163770769703,0.8404659821066829,0.895,0.6013,0.594,0.59775,12029
12055,-0.5027750950750227,12043,-0.5932229950507042,0.8404659821066829,0.895,0.4152,0.4205,0.41575,12055
12055,-0.5027750950750227,12049,-0.5896643721094833,0.8404659821066829,0.895,0.4144,0.414625,0.416,12055
13057,0.30199375767649167,13067,0.2674543043274538,0.8404659821066829,0.895,0.3993,0.41,0.412875,13057
13057,0.30199375767649167,13015,0.7421284552676516,0.8404659821066829,0.895,0.7151,0.72275,0.725375,13015
36093,-0.011444095374010652,36095,-0.05226262680839932,0.8404659821066829,0.895,0.4026,0.39925,0.402125,36093
36099,0.020355878287787017,36069,0.31285387824984345,0.8404659821066829,0.895,0.5807,0.585875,0.6,36069
36099,0.020355878287787017,36123,0.175980389898979,0.8404659821066829,0.895,0.4491,0.44475,0.45675,36123
36099,0.020355878287787017,36109,0.1775155632531711,0.8404659821066829,0.895,0.4533,0.472375,0.46,36109
21185,0.34209882251902984,21223,0.8938246377121912,0.8404659821066829,0.895,0.8112,0.81175,0.820875,21223
21185,0.34209882251902984,21111,0.22182231930079496,0.8404659821066829,0.895,0.4387,0.447875,0.425125,21185
21185,0.34209882251902984,21211,0.2186161895981994,0.8404659821066829,0.895,0.4329,0.43475,0.43325,21185
21213,0.5989359094355882,21141,0.8460281192689703,0.8404659821066829,0.895,0.5239,0.5325,0.53225,21141
21213,0.5989359094355882,21227,0.7341011140176869,0.8404659821066829,0.895,0.4372,0.44875,0.443,21227
21215,0.07435911381872974,21111,0.22182231930079496,0.8404659821066829,0.895,0.4472,0.452375,0.456375,21111
21215,0.07435911381872974,21211,0.2186161895981994,0.8404659821066829,0.895,0.4445,0.43725,0.45175,21211
12059,0.48056150075045845,12063,0.24228441605523376,0.8404659821066829,0.895,0.5183,0.51325,0.5165,12059
12079,0.18378986911495396,12067,0.46777163770769703,0.8404659821066829,0.895,0.5582,0.56475,0.576625,12067
12081,-0.47718988762237097,12049,-0.5896643721094833,0.8404659821066829,0.895,0.4206,0.4275,0.42425,12081
13067,0.2674543043274538,13015,0.7421284552676516,0.8404659821066829,0.895,0.7428,0.761375,0.76575,13015
37001,0.07935070736943073,37037,0.04309174466714433,0.8404659821066829,0.895,0.4036,0.413625,0.405625,37001
37001,0.07935070736943073,37081,0.038899114412776464,0.8404659821066829,0.895,0.3995,0.403125,0.404875,37001
37001,0.07935070736943073,37135,0.35381025216880946,0.8404659821066829,0.895,0.5482,0.548875,0.54925,37135
37005,-0.0008056067562281273,37171,0.3643060664287033,0.8404659821066829,0.895,0.6421,0.621625,0.638625,37171
21223,0.8938246377121912,21041,0.8216544875967611,0.8404659821066829,0.895,0.4073,0.414875,0.4165,21223
21223,0.8938246377121912,18077,0.6650464020030559,0.8404659821066829,0.895,0.5088,0.51525,0.513625,21223
22089,-0.024788648008320008,22095,-0.032990639559527024,0.8404659821066829,0.895,0.3993,0.403375,0.398625,22089
12087,0.33938132853272346,12021,-0.3662474011446034,0.8404659821066829,0.895,0.8726,0.874875,0.887,12087
13015,0.7421284552676516,13115,0.6521599874991006,0.8404659821066829,0.895,0.4241,0.42775,0.414,13015
13015,0.7421284552676516,13129,0.9242374959401324,0.8404659821066829,0.895,0.4718,0.491875,0.487625,13129
13017,0.7689916096126692,13069,0.44864520116054935,0.8404659821066829,0.895,0.6091,0.601875,0.58675,13017
13069,0.44864520116054935,13005,1.2807687623789872,0.8404659821066829,0.895,0.9669,0.9655,0.967625,13005
13069,0.44864520116054935,13161,1.162965157353655,0.8404659821066829,0.895,0.9376,0.942875,0.940875,13161
13087,0.6169796225061562,13131,0.38895498463320505,0.8404659821066829,0.895,0.502,0.50125,0.50825,13087
37025,0.2288126811810149,37097,0.2612468330706624,0.8404659821066829,0.895,0.4004,0.399875,0.392625,37097
37035,0.26440763534375017,37097,0.2612468330706624,0.8404659821066829,0.895,0.3996,0.3975,0.40075,37035
37035,0.26440763534375017,37109,0.20355249548331017,0.8404659821066829,0.895,0.4112,0.41025,0.40525,37035
35037,-0.6148724189176014,35047,-1.0619615013655712,0.8404659821066829,0.895,0.7442,0.769875,0.7885,35037
35037,-0.6148724189176014,48117,-0.4373510562258136,0.8404659821066829,0.895,0.4749,0.50375,0.500625,48117
35037,-0.6148724189176014,35009,-0.8228871361654643,0.8404659821066829,0.895,0.5045,0.504375,0.49075,35037
35037,-0.6148724189176014,48359,-0.13404878067311363,0.8404659821066829,0.895,0.7837,0.812125,0.80875,48359
35037,-0.6148724189176014,35041,-0.7692448504247995,0.8404659821066829,0.895,0.4608,0.463875,0.466375,35037
48069,-0.31957246347457674,48117,-0.4373510562258136,0.8404659821066829,0.895,0.4312,0.44925,0.439625,48069
48069,-0.31957246347457674,48381,-0.17880410905901953,0.8404659821066829,0.895,0.4371,0.4265,0.438625,48381
48069,-0.31957246347457674,48279,-0.4746618447708443,0.8404659821066829,0.895,0.4407,0.45825,0.456125,48069
38029,-0.9383571651981055,38015,-0.764261139768452,0.8404659821066829,0.895,0.4711,0.4765,0.4845,38015
38029,-0.9383571651981055,38051,-1.0218708904357416,0.8404659821066829,0.895,0.4156,0.426125,0.427875,38029
38029,-0.9383571651981055,46021,-1.0576490855923464,0.8404659821066829,0.895,0.4347,0.433625,0.435625,38029
38029,-0.9383571651981055,38047,-1.0522479536611886,0.8404659821066829,0.895,0.4302,0.42975,0.425,38029
38039,-0.602232845506108,38063,-0.22403793926421067,0.8404659821066829,0.895,0.6598,0.665625,0.66525,38063
38039,-0.602232845506108,38093,-0.6490199536280524,0.8404659821066829,0.895,0.4055,0.405,0.40475,38039
38039,-0.602232845506108,38031,-0.6758596583981918,0.8404659821066829,0.895,0.4136,0.4095,0.40975,38039
38039,-0.602232845506108,38091,-0.7336662873334774,0.8404659821066829,0.895,0.4399,0.445375,0.441125,38039
38045,-0.8955876619185412,38093,-0.6490199536280524,0.8404659821066829,0.895,0.5357,0.536,0.538,38093
38045,-0.8955876619185412,38051,-1.0218708904357416,0.8404659821066829,0.895,0.4357,0.435375,0.44375,38045
38045,-0.8955876619185412,38021,-0.7018064336125208,0.8404659821066829,0.895,0.4849,0.4885,0.47875,38021
38045,-0.8955876619185412,38047,-1.0522479536611886,0.8404659821066829,0.895,0.4546,0.458875,0.448625,38045
28059,0.40848273316391753,28039,0.6796187554530528,0.8404659821066829,0.895,0.5337,0.546375,0.5515,28039
28059,0.40848273316391753,28047,0.7182565532260836,0.8404659821066829,0.895,0.5546,0.57375,0.5715,28047
28059,0.40848273316391753,28131,0.6866524961705522,0.8404659821066829,0.895,0.5387,0.566,0.566625,28131
28069,-0.36890189215508684,28099,0.040477129472263916,0.8404659821066829,0.895,0.6713,0.664125,0.6735,28099
28069,-0.36890189215508684,28075,0.06558997513237948,0.8404659821066829,0.895,0.7026,0.6745,0.678625,28075
28069,-0.36890189215508684,28159,0.017799879912089533,0.8404659821066829,0.895,0.6664,0.66575,0.656625,28159
28069,-0.36890189215508684,28103,-0.09682098176595168,0.8404659821066829,0.895,0.5454,0.550875,0.53975,28103
28073,0.3535048968538685,28031,0.2287051324616078,0.8404659821066829,0.895,0.4368,0.438875,0.443375,28073
28073,0.3535048968538685,28065,0.5222839884149898,0.8404659821066829,0.895,0.4645,0.470625,0.47025,28065
30065,0.3575520482762781,30037,-0.10583214466336135,0.8404659821066829,0.895,0.7413,0.75125,0.74975,30065
30065,0.3575520482762781,30111,-0.13729579146006496,0.8404659821066829,0.895,0.7714,0.786,0.7925,30065
30075,-0.29771543150726604,30011,-0.4861628997318343,0.8404659821066829,0.895,0.4811,0.483375,0.49175,30075
30075,-0.29771543150726604,30017,0.013803294444940354,0.8404659821066829,0.895,0.5923,0.588,0.585,30017
30075,-0.29771543150726604,56005,0.06859163310666272,0.8404659821066829,0.895,0.6493,0.6685,0.66175,56005
30097,-0.4333252768410946,30107,-0.4160221691035041,0.8404659821066829,0.895,0.4043,0.406125,0.399125,30107
30097,-0.4333252768410946,30037,-0.10583214466336135,0.8404659821066829,0.895,0.6025,0.623625,0.62375,30037
30097,-0.4333252768410946,30095,-0.44575768507899793,0.8404659821066829,0.895,0.3997,0.39725,0.39425,30097
30097,-0.4333252768410946,30067,-0.3168478759977057,0.8404659821066829,0.895,0.4292,0.438375,0.4375,30067
48077,0.6324907791049648,48237,0.562035280102598,0.8404659821066829,0.895,0.4113,0.413875,0.4115,48077
48077,0.6324907791049648,48337,0.9222709981610364,0.8404659821066829,0.895,0.5679,0.582375,0.580375,48337
48077,0.6324907791049648,48009,0.24706553065096568,0.8404659821066829,0.895,0.6591,0.6575,0.658125,48077
48077,0.6324907791049648,48485,0.5552723245981864,0.8404659821066829,0.895,0.4104,0.41125,0.414125,48077
38065,-0.9205361397161977,38015,-0.764261139768452,0.8404659821066829,0.895,0.4497,0.46125,0.4675,38015
38069,-0.7260547657830438,38079,0.8366606675145922,0.8404659821066829,0.895,0.9997,0.999875,1.0,38079
38069,-0.7260547657830438,38009,-0.43349060107724724,0.8404659821066829,0.895,0.5615,0.57825,0.566875,38009
38069,-0.7260547657830438,38083,-1.075980592828533,0.8404659821066829,0.895,0.6299,0.642875,0.64175,38069
38069,-0.7260547657830438,38049,-0.9577569011925083,0.8404659821066829,0.895,0.5115,0.519375,0.524125,38069
38079,0.8366606675145922,38009,-0.43349060107724724,0.8404659821066829,0.895,0.9962,0.997125,0.99775,38079
39023,-0.08397552530803616,39097,0.08588478838627778,0.8404659821066829,0.895,0.4596,0.469,0.470125,39097
39023,-0.08397552530803616,39113,-0.16506925871678926,0.8404659821066829,0.895,0.4181,0.417125,0.41825,39023
39023,-0.08397552530803616,39021,-0.04650365799750118,0.8404659821066829,0.895,0.4057,0.401625,0.395625,39021
39023,-0.08397552530803616,39057,-0.07712741942758358,0.8404659821066829,0.895,0.3978,0.39425,0.3985,39057
28079,0.9365220832494046,28099,0.040477129472263916,0.8404659821066829,0.895,0.9658,0.976,0.972625,28079
28079,0.9365220832494046,28123,0.6115461766712278,0.8404659821066829,0.895,0.592,0.606625,0.611625,28079
28079,0.9365220832494046,28101,0.43691489960426844,0.8404659821066829,0.895,0.7619,0.782625,0.7825,28079
28093,0.3268123837076583,28009,0.23573214692972946,0.8404659821066829,0.895,0.4194,0.41375,0.422125,28093
28093,0.3268123837076583,47047,0.08439927303947412,0.8404659821066829,0.895,0.5259,0.534375,0.54425,28093
28093,0.3268123837076583,28071,0.5057108971938417,0.8404659821066829,0.895,0.4757,0.48625,0.48875,28071
28099,0.040477129472263916,28101,0.43691489960426844,0.8404659821066829,0.895,0.6518,0.661875,0.644875,28101
28099,0.040477129472263916,28159,0.017799879912089533,0.8404659821066829,0.895,0.395,0.39975,0.402125,28099
30107,-0.4160221691035041,30037,-0.10583214466336135,0.8404659821066829,0.895,0.5788,0.587,0.596,30037
31003,-0.6659950618103266,31089,-0.7290631763768737,0.8404659821066829,0.895,0.4118,0.412625,0.408625,31003
31003,-0.6659950618103266,31107,-0.56795869155657,0.8404659821066829,0.895,0.4221,0.43175,0.422125,31107
31003,-0.6659950618103266,31139,-0.5394388014018401,0.8404659821066829,0.895,0.438,0.437125,0.442375,31139
31003,-0.6659950618103266,31119,-0.26534553747879125,0.8404659821066829,0.895,0.6733,0.6795,0.68575,31119
31013,-0.5422008912609897,31123,-0.36841644737028584,0.8404659821066829,0.895,0.4648,0.470375,0.474625,31123
31013,-0.5422008912609897,31161,-0.5849565766879998,0.8404659821066829,0.895,0.4035,0.403875,0.400375,31013
51550,0.23162037398689073,51740,0.05777760482314221,0.8404659821066829,0.895,0.4656,0.475125,0.47,51550
51550,0.23162037398689073,51810,0.13992804815364512,0.8404659821066829,0.895,0.414,0.41575,0.422125,51550
51550,0.23162037398689073,51800,0.0767322305949178,0.8404659821066829,0.895,0.458,0.469625,0.471125,51550
39031,-0.23153078734553,39083,-0.27311476590322564,0.8404659821066829,0.895,0.4052,0.411625,0.40175,39031
39031,-0.23153078734553,39157,-0.6776443060488986,0.8404659821066829,0.895,0.7374,0.73775,0.7345,39031
39031,-0.23153078734553,39059,-0.0907106114200615,0.8404659821066829,0.895,0.4451,0.446,0.444125,39059
39031,-0.23153078734553,39075,-1.034791418152895,0.8404659821066829,0.895,0.9498,0.9555,0.956375,39031
39031,-0.23153078734553,39089,0.08138484079900293,0.8404659821066829,0.895,0.6034,0.6055,0.59675,39089
39031,-0.23153078734553,39119,0.08363058393547258,0.8404659821066829,0.895,0.5977,0.59125,0.606375,39119
39041,0.061151358740412845,39083,-0.27311476590322564,0.8404659821066829,0.895,0.6228,0.636875,0.635875,39041
39041,0.061151358740412845,39101,-0.04887687954674274,0.8404659821066829,0.895,0.4271,0.431875,0.4325,39041
39041,0.061151358740412845,39049,0.18118132046010868,0.8404659821066829,0.895,0.4291,0.420875,0.434125,39049
39041,0.061151358740412845,39089,0.08138484079900293,0.8404659821066829,0.895,0.398,0.40025,0.398,39089
39051,-0.6802619257307327,26059,-0.498054491045192,0.8404659821066829,0.895,0.4698,0.475,0.470625,26059
39051,-0.6802619257307327,26091,-0.28959632406026803,0.8404659821066829,0.895,0.6697,0.6725,0.670125,26091
28119,0.8351476570893046,28135,0.3440371708571517,0.8404659821066829,0.895,0.7588,0.780875,0.7645,28119
28119,0.8351476570893046,28027,0.8291356469634358,0.8404659821066829,0.895,0.3945,0.3985,0.4005,28119
28123,0.6115461766712278,28101,0.43691489960426844,0.8404659821066829,0.895,0.4601,0.470375,0.4715,28123
28123,0.6115461766712278,28129,0.5534739235416671,0.8404659821066829,0.895,0.409,0.407875,0.405375,28123
31019,-0.22363296300267574,31079,-0.2530567249741728,0.8404659821066829,0.895,0.4,0.392625,0.40025,31019
31019,-0.22363296300267574,31099,-0.2392457254872355,0.8404659821066829,0.895,0.404,0.4025,0.40575,31019
31019,-0.22363296300267574,31137,-0.6307021196216527,0.8404659821066829,0.895,0.7021,0.708125,0.7035,31019
31019,-0.22363296300267574,31093,-0.4150840932631957,0.8404659821066829,0.895,0.4845,0.489125,0.48275,31019
31019,-0.22363296300267574,31001,-0.041413414951073466,0.8404659821066829,0.895,0.4734,0.485375,0.488375,31001
31067,-0.4386420176045005,31097,-0.6660139082740308,0.8404659821066829,0.895,0.5053,0.508,0.511625,31067
31067,-0.4386420176045005,31109,-0.1855437891136907,0.8404659821066829,0.895,0.5438,0.554625,0.565875,31109
31067,-0.4386420176045005,31133,-0.5800788785280754,0.8404659821066829,0.895,0.4482,0.43825,0.44275,31067
31077,-0.6628016314467026,31093,-0.4150840932631957,0.8404659821066829,0.895,0.5274,0.52175,0.515625,31093
31077,-0.6628016314467026,31175,-0.6710462747997561,0.8404659821066829,0.895,0.4024,0.405,0.407375,31077
51650,0.041697484485688004,51700,-0.0866365216354788,0.8404659821066829,0.895,0.4327,0.437,0.4315,51650
51650,0.041697484485688004,51735,0.03661034148131987,0.8404659821066829,0.895,0.3984,0.40125,0.392875,51650
39053,0.29429103439030674,39105,0.24487180256570618,0.8404659821066829,0.895,0.4042,0.408,0.40875,39053
39053,0.29429103439030674,39163,0.2081134139799206,0.8404659821066829,0.895,0.4141,0.428375,0.421125,39053
39053,0.29429103439030674,39087,0.46195159649360323,0.8404659821066829,0.895,0.4622,0.461625,0.462,39087
39063,-0.35510349295935634,39137,-0.42744440178586784,0.8404659821066829,0.895,0.416,0.406375,0.40725,39063
39063,-0.35510349295935634,39147,-0.2753004830423292,0.8404659821066829,0.895,0.4117,0.413125,0.413,39147
39063,-0.35510349295935634,39173,-0.24526083087281103,0.8404659821066829,0.895,0.4285,0.427125,0.424,39173
39063,-0.35510349295935634,39175,-0.2704101505225717,0.8404659821066829,0.895,0.4059,0.416875,0.412625,39175
39071,0.12442993981676723,39141,0.28766229799855253,0.8404659821066829,0.895,0.4587,0.4525,0.455,39141
39071,0.12442993981676723,39015,0.6444385685746457,0.8404659821066829,0.895,0.7926,0.799125,0.8065,39015
39071,0.12442993981676723,39131,0.20578280404228727,0.8404659821066829,0.895,0.4158,0.411125,0.412875,39131
39071,0.12442993981676723,39027,0.23270208172251064,0.8404659821066829,0.895,0.4276,0.42825,0.43375,39027
28135,0.3440371708571517,28027,0.8291356469634358,0.8404659821066829,0.895,0.774,0.782875,0.78375,28027
28135,0.3440371708571517,28133,0.593759977999316,0.8404659821066829,0.895,0.5333,0.545625,0.55025,28133
28139,-0.053607294665452276,28009,0.23573214692972946,0.8404659821066829,0.895,0.5561,0.56075,0.554625,28009
28139,-0.053607294665452276,47069,0.25772936318329365,0.8404659821066829,0.895,0.5945,0.587375,0.58475,47069
28139,-0.053607294665452276,28003,0.6508012271691795,0.8404659821066829,0.895,0.9075,0.91175,0.912125,28003
28139,-0.053607294665452276,28117,0.3083072999294195,0.8404659821066829,0.895,0.6379,0.632375,0.637375,28117
28153,0.08359879172664116,28041,0.04743465620058923,0.8404659821066829,0.895,0.3973,0.406,0.408125,28153
31079,-0.2530567249741728,31093,-0.4150840932631957,0.8404659821066829,0.895,0.4586,0.457,0.460125,31079
31079,-0.2530567249741728,31121,-0.3174888378304231,0.8404659821066829,0.895,0.4086,0.409625,0.41575,31079
31079,-0.2530567249741728,31001,-0.041413414951073466,0.8404659821066829,0.895,0.49,0.493625,0.498875,31001
31087,-0.2709548429362353,20153,-0.41819136350207536,0.8404659821066829,0.895,0.445,0.4475,0.455,31087
31087,-0.2709548429362353,31063,-0.4295168925977321,0.8404659821066829,0.895,0.4538,0.46725,0.446875,31087
31087,-0.2709548429362353,31145,-0.10310153953116571,0.8404659821066829,0.895,0.458,0.460125,0.466875,31145
31087,-0.2709548429362353,31057,-0.25057271224719985,0.8404659821066829,0.895,0.3971,0.3945,0.400875,31057
31089,-0.7290631763768737,31107,-0.56795869155657,0.8404659821066829,0.895,0.4666,0.473375,0.472125,31107
31089,-0.7290631763768737,31149,-0.4590639170735412,0.8404659821066829,0.895,0.5443,0.5465,0.550125,31149
31089,-0.7290631763768737,31015,-0.6091062721674896,0.8404659821066829,0.895,0.4271,0.435,0.434375,31015
48093,0.4565579522561606,48193,0.5102704920005615,0.8404659821066829,0.895,0.4026,0.407625,0.411375,48193
48093,0.4565579522561606,48049,0.5656724974765651,0.8404659821066829,0.895,0.4288,0.415375,0.425875,48049
48093,0.4565579522561606,48143,0.3181330890156861,0.8404659821066829,0.895,0.4457,0.45025,0.439,48093
48093,0.4565579522561606,48133,0.880782445239312,0.8404659821066829,0.895,0.7042,0.705,0.693875,48133
48097,0.3814748734779144,40085,0.48424066296856255,0.8404659821066829,0.895,0.4202,0.418,0.419375,40085
48097,0.3814748734779144,48337,0.9222709981610364,0.8404659821066829,0.895,0.8029,0.817,0.818625,48337
48097,0.3814748734779144,48181,0.4447198167623752,0.8404659821066829,0.895,0.4129,0.40425,0.40825,48181
48097,0.3814748734779144,48497,0.6526253098450574,0.8404659821066829,0.895,0.5432,0.54825,0.565875,48497
48099,0.7312811781500799,48193,0.5102704920005615,0.8404659821066829,0.895,0.4987,0.4945,0.502625,48099
48099,0.7312811781500799,48281,1.071601573647536,0.8404659821066829,0.895,0.6117,0.633,0.622875,48281
48099,0.7312811781500799,48027,0.553399904203199,0.8404659821066829,0.895,0.4719,0.470125,0.47775,48099
25013,-0.2563867280992684,9003,-0.1623394463807303,0.8404659821066829,0.895,0.4229,0.426625,0.425875,9003
25013,-0.2563867280992684,25003,-0.15198236594838918,0.8404659821066829,0.895,0.4263,0.429125,0.4345,25003
25013,-0.2563867280992684,25015,-0.002720597196757988,0.8404659821066829,0.895,0.5308,0.551625,0.54175,25015
25013,-0.2563867280992684,9005,-0.1659394700018942,0.8404659821066829,0.895,0.4194,0.426625,0.435625,9005
26005,-0.26364013266192843,26015,-0.33384142889405755,0.8404659821066829,0.895,0.4114,0.417375,0.4155,26005
26005,-0.26364013266192843,26139,-0.6735863071387016,0.8404659821066829,0.895,0.6585,0.6575,0.65625,26005
26005,-0.26364013266192843,26077,-0.1039557961012124,0.8404659821066829,0.895,0.4481,0.460375,0.471625,26077
28155,0.7413051289431709,28017,0.404404131189395,0.8404659821066829,0.895,0.6252,0.63525,0.62825,28155
28155,0.7413051289431709,28013,0.5058244909632015,0.8404659821066829,0.895,0.5269,0.5255,0.507,28155
28155,0.7413051289431709,28019,-0.27847652676826434,0.8404659821066829,0.895,0.9878,0.992375,0.9895,28155
29035,1.0563625482105365,29223,1.0147042693902095,0.8404659821066829,0.895,0.41,0.407625,0.407125,29035
29035,1.0563625482105365,29203,0.49713221464649077,0.8404659821066829,0.895,0.8313,0.84925,0.83475,29035
29035,1.0563625482105365,29179,0.20898799371634,0.8404659821066829,0.895,0.9605,0.969125,0.96775,29035
29039,0.10811019644287383,29167,-0.10465061107493152,0.8404659821066829,0.895,0.4958,0.49225,0.506375,29039
29039,0.10811019644287383,29185,0.2879271083917647,0.8404659821066829,0.895,0.4761,0.469625,0.473875,29185
29039,0.10811019644287383,29217,0.2120681236936959,0.8404659821066829,0.895,0.4218,0.419,0.419625,29217
29039,0.10811019644287383,29011,-0.1717472145591778,0.8404659821066829,0.895,0.545,0.565375,0.55725,29039
31097,-0.6660139082740308,31127,-0.30469033991559663,0.8404659821066829,0.895,0.6296,0.64925,0.63325,31127
31097,-0.6660139082740308,31133,-0.5800788785280754,0.8404659821066829,0.895,0.4162,0.427375,0.4135,31133
31097,-0.6660139082740308,31131,-0.1547738156325327,0.8404659821066829,0.895,0.7616,0.789,0.7825,31131
31099,-0.2392457254872355,31137,-0.6307021196216527,0.8404659821066829,0.895,0.6679,0.670125,0.678125,31099
31099,-0.2392457254872355,31061,-0.36689942695211564,0.8404659821066829,0.895,0.4313,0.428625,0.42975,31099
31099,-0.2392457254872355,31001,-0.041413414951073466,0.8404659821066829,0.895,0.4828,0.490125,0.486875,31001
31099,-0.2392457254872355,31181,-0.28247106421474716,0.8404659821066829,0.895,0.4004,0.397125,0.405625,31099
31107,-0.56795869155657,31139,-0.5394388014018401,0.8404659821066829,0.895,0.4062,0.39575,0.401875,31139
31107,-0.56795869155657,31027,-0.8445925325488173,0.8404659821066829,0.895,0.5667,0.57175,0.56425,31107
31107,-0.56795869155657,46135,-0.5157148601467566,0.8404659821066829,0.895,0.4067,0.4125,0.402125,46135
31107,-0.56795869155657,31015,-0.6091062721674896,0.8404659821066829,0.895,0.407,0.409875,0.4065,31107
48113,0.13969184108849478,48397,0.25829418458258335,0.8404659821066829,0.895,0.4251,0.42625,0.423625,48397
48113,0.13969184108849478,48257,0.6453708348749518,0.8404659821066829,0.895,0.7821,0.7845,0.77875,48257
48117,-0.4373510562258136,35009,-0.8228871361654643,0.8404659821066829,0.895,0.6537,0.67375,0.677,48117
48117,-0.4373510562258136,48381,-0.17880410905901953,0.8404659821066829,0.895,0.5303,0.538,0.53375,48381
48117,-0.4373510562258136,48359,-0.13404878067311363,0.8404659821066829,0.895,0.5758,0.581,0.5835,48359
48123,-0.1279669877124474,48177,-0.06969655875577972,0.8404659821066829,0.895,0.4063,0.412,0.424125,48177
48171,-0.10577680895586561,48265,0.11050258484513698,0.8404659821066829,0.895,0.4984,0.506,0.4995,48265
26009,-0.3812715585005492,26079,-0.008326080879015096,0.8404659821066829,0.895,0.622,0.627375,0.618,26079
26015,-0.33384142889405755,26025,-0.24208719282068555,0.8404659821066829,0.895,0.4197,0.4195,0.414625,26025
26015,-0.33384142889405755,26077,-0.1039557961012124,0.8404659821066829,0.895,0.5042,0.523875,0.53375,26077
26015,-0.33384142889405755,26045,-0.35981057538748656,0.8404659821066829,0.895,0.4033,0.404125,0.392,26015
29045,0.22145949339964027,29111,0.22149466931840806,0.8404659821066829,0.895,0.3985,0.406875,0.3995,29111
29045,0.22145949339964027,29103,0.3063694697713677,0.8404659821066829,0.895,0.4153,0.42325,0.413,29103
29051,0.08666819187626637,29135,-0.1450573878093607,0.8404659821066829,0.895,0.5038,0.513375,0.509375,29051
29051,0.08666819187626637,29131,0.19110000442308184,0.8404659821066829,0.895,0.4222,0.41625,0.42325,29131
29051,0.08666819187626637,29151,-0.3256432629801487,0.8404659821066829,0.895,0.6932,0.69425,0.707625,29051
31109,-0.1855437891136907,31023,-0.6198541748976039,0.8404659821066829,0.895,0.7363,0.736875,0.750375,31109
31109,-0.1855437891136907,31159,-0.3275570719089328,0.8404659821066829,0.895,0.4348,0.44125,0.439875,31109
31109,-0.1855437891136907,31131,-0.1547738156325327,0.8404659821066829,0.895,0.4058,0.389625,0.406125,31131
31127,-0.30469033991559663,31133,-0.5800788785280754,0.8404659821066829,0.895,0.559,0.553875,0.55875,31127
31127,-0.30469033991559663,31147,-0.28119880932918245,0.8404659821066829,0.895,0.3974,0.40425,0.403,31147
31127,-0.30469033991559663,29005,-0.1327863066734651,0.8404659821066829,0.895,0.4694,0.466625,0.47,29005
31127,-0.30469033991559663,31131,-0.1547738156325327,0.8404659821066829,0.895,0.4496,0.45,0.4495,31131
31129,-0.36892254898260557,31169,-0.5604916397941886,0.8404659821066829,0.895,0.4827,0.486375,0.48875,31129
31129,-0.36892254898260557,20089,-0.2386407396510126,0.8404659821066829,0.895,0.4443,0.434375,0.440375,20089
31129,-0.36892254898260557,31181,-0.28247106421474716,0.8404659821066829,0.895,0.4174,0.423375,0.416,31181
48177,-0.06969655875577972,48149,-0.19157297127131354,0.8404659821066829,0.895,0.442,0.4335,0.44175,48177
48177,-0.06969655875577972,48493,-0.1790061840443532,0.8404659821066829,0.895,0.4291,0.435875,0.435375,48177
48183,0.4979724671156557,48401,0.3924982495676536,0.8404659821066829,0.895,0.4193,0.43275,0.428,48183
48193,0.5102704920005615,48281,1.071601573647536,0.8404659821066829,0.895,0.8237,0.835625,0.820125,48281
48193,0.5102704920005615,48143,0.3181330890156861,0.8404659821066829,0.895,0.4893,0.482125,0.47975,48193
26023,-0.4224034275331776,26025,-0.24208719282068555,0.8404659821066829,0.895,0.4733,0.46,0.46625,26025
26023,-0.4224034275331776,26059,-0.498054491045192,0.8404659821066829,0.895,0.4217,0.411625,0.4135,26023
26023,-0.4224034275331776,26149,-0.2012605279262524,0.8404659821066829,0.895,0.5038,0.505875,0.52225,26149
26025,-0.24208719282068555,26059,-0.498054491045192,0.8404659821066829,0.895,0.5422,0.5535,0.5505,26025
26025,-0.24208719282068555,26075,-0.09640655572041328,0.8404659821066829,0.895,0.4503,0.45275,0.45125,26075
26025,-0.24208719282068555,26077,-0.1039557961012124,0.8404659821066829,0.895,0.4405,0.457125,0.45675,26077
26025,-0.24208719282068555,26045,-0.35981057538748656,0.8404659821066829,0.895,0.4377,0.431375,0.424,26025
26039,-0.12350697047568114,26079,-0.008326080879015096,0.8404659821066829,0.895,0.4194,0.415875,0.41775,26079
29055,0.2878420434689391,29065,0.21894230202338458,0.8404659821066829,0.895,0.4078,0.40475,0.412625,29055
29055,0.2878420434689391,29071,0.05644013342068695,0.8404659821066829,0.895,0.5167,0.524875,0.526875,29055
29055,0.2878420434689391,29073,-0.19516943127277803,0.8404659821066829,0.895,0.7729,0.77425,0.770625,29055
29055,0.2878420434689391,29161,0.13988565780310938,0.8404659821066829,0.895,0.443,0.45575,0.4505,29055
29059,-0.07968633066318251,29085,0.016799767451971398,0.8404659821066829,0.895,0.425,0.427625,0.42175,29085
29059,-0.07968633066318251,29167,-0.10465061107493152,0.8404659821066829,0.895,0.4069,0.408,0.399125,29059
29059,-0.07968633066318251,29105,0.03457682243596823,0.8404659821066829,0.895,0.4293,0.432,0.428875,29105
29065,0.21894230202338458,29203,0.49713221464649077,0.8404659821066829,0.895,0.5581,0.573125,0.568875,29203
29065,0.21894230202338458,29215,-0.10627763981366084,0.8404659821066829,0.895,0.618,0.6165,0.623125,29065
29065,0.21894230202338458,29179,0.20898799371634,0.8404659821066829,0.895,0.3971,0.39825,0.400125,29065
29065,0.21894230202338458,29161,0.13988565780310938,0.8404659821066829,0.895,0.4085,0.416625,0.4115,29065
31133,-0.5800788785280754,31147,-0.28119880932918245,0.8404659821066829,0.895,0.5796,0.574375,0.59425,31147
31137,-0.6307021196216527,31073,-0.6449497259474568,0.8404659821066829,0.895,0.3957,0.404625,0.40475,31137
31137,-0.6307021196216527,31083,-0.4708966524139384,0.8404659821066829,0.895,0.4561,0.455375,0.46025,31083
31139,-0.5394388014018401,31179,-0.7758684090849379,0.8404659821066829,0.895,0.5073,0.520375,0.518375,31139
31139,-0.5394388014018401,31027,-0.8445925325488173,0.8404659821066829,0.895,0.5769,0.573,0.573375,31139
31139,-0.5394388014018401,31119,-0.26534553747879125,0.8404659821066829,0.895,0.55,0.55025,0.54325,31119
31143,-0.4540444527679836,31121,-0.3174888378304231,0.8404659821066829,0.895,0.4442,0.431375,0.433375,31121
31143,-0.4540444527679836,31023,-0.6198541748976039,0.8404659821066829,0.895,0.458,0.461625,0.476125,31143
31143,-0.4540444527679836,31141,-0.39973533214816115,0.8404659821066829,0.895,0.4081,0.407875,0.40925,31141
48217,0.7021257335616021,48251,0.5264168146554665,0.8404659821066829,0.895,0.4676,0.482125,0.473625,48217
48217,0.7021257335616021,48293,0.8036045811247442,0.8404659821066829,0.895,0.4274,0.422625,0.431,48293
48227,0.13544096629766753,48317,0.04491036369103591,0.8404659821066829,0.895,0.4099,0.41975,0.418625,48227
48227,0.13544096629766753,48335,0.4434742472206728,0.8404659821066829,0.895,0.5864,0.593625,0.587375,48335
48227,0.13544096629766753,48431,0.26548585969356653,0.8404659821066829,0.895,0.4337,0.448625,0.444,48431
48227,0.13544096629766753,48033,0.19461802701239375,0.8404659821066829,0.895,0.4036,0.407,0.411625,48033
48237,0.562035280102598,48337,0.9222709981610364,0.8404659821066829,0.895,0.6472,0.659875,0.66175,48337
48237,0.562035280102598,48009,0.24706553065096568,0.8404659821066829,0.895,0.5929,0.5935,0.59425,48237
48237,0.562035280102598,48367,0.536780190182004,0.8404659821066829,0.895,0.3949,0.3995,0.403125,48237
48237,0.562035280102598,48497,0.6526253098450574,0.8404659821066829,0.895,0.4204,0.411625,0.427875,48497
48247,-0.5583335711745676,48131,-0.5074711692636111,0.8404659821066829,0.895,0.4085,0.405,0.405625,48131
48247,-0.5583335711745676,48505,-0.5461966741772661,0.8404659821066829,0.895,0.3947,0.407625,0.41225,48505
26049,-0.3019161483029782,26093,-0.2129771985621569,0.8404659821066829,0.895,0.4169,0.419125,0.422625,26093
26049,-0.3019161483029782,26155,-0.3422791701305565,0.8404659821066829,0.895,0.4018,0.40425,0.406875,26049
26049,-0.3019161483029782,26087,-0.4628007471133631,0.8404659821066829,0.895,0.4663,0.456375,0.465375,26049
26049,-0.3019161483029782,26125,-0.27725788448814914,0.8404659821066829,0.895,0.4079,0.410625,0.40075,26125
26049,-0.3019161483029782,26145,-0.4609281097758976,0.8404659821066829,0.895,0.4653,0.45575,0.462625,26049
26059,-0.498054491045192,26075,-0.09640655572041328,0.8404659821066829,0.895,0.701,0.708875,0.71,26075
26059,-0.498054491045192,26091,-0.28959632406026803,0.8404659821066829,0.895,0.5077,0.491875,0.506375,26091
29071,0.05644013342068695,29219,-0.187880319564678,0.8404659821066829,0.895,0.5285,0.539625,0.53175,29071
29071,0.05644013342068695,29073,-0.19516943127277803,0.8404659821066829,0.895,0.5429,0.535375,0.54,29071
29075,-0.3686671160273103,29063,-0.44702632848535523,0.8404659821066829,0.895,0.4128,0.40975,0.417125,29075
29075,-0.3686671160273103,29081,-0.3090049139898322,0.8404659821066829,0.895,0.4107,0.4105,0.412875,29081
29085,0.016799767451971398,29167,-0.10465061107493152,0.8404659821066829,0.895,0.425,0.441625,0.43475,29085
29085,0.016799767451971398,29185,0.2879271083917647,0.8404659821066829,0.895,0.5491,0.53775,0.552875,29185
29085,0.016799767451971398,29015,0.6538356544034674,0.8404659821066829,0.895,0.877,0.875125,0.880375,29015
48251,0.5264168146554665,48367,0.536780190182004,0.8404659821066829,0.895,0.3998,0.404875,0.39525,48367
48251,0.5264168146554665,48425,0.6153688338559649,0.8404659821066829,0.895,0.4166,0.424,0.423125,48425
48251,0.5264168146554665,48221,0.36271780404257786,0.8404659821066829,0.895,0.4638,0.46725,0.462125,48251
48281,1.071601573647536,48027,0.553399904203199,0.8404659821066829,0.895,0.804,0.81,0.81025,48281
48291,0.8623010881590067,48201,0.24450014005256526,0.8404659821066829,0.895,0.8812,0.880125,0.88025,48291
26069,-0.2669274915837436,26129,-0.07262267027745005,0.8404659821066829,0.895,0.4747,0.48075,0.476,26129
26069,-0.2669274915837436,26001,-0.36206233447814673,0.8404659821066829,0.895,0.4179,0.41375,0.415,26069
26079,-0.008326080879015096,26113,0.018101285347551926,0.8404659821066829,0.895,0.3989,0.40225,0.4005,26113
26093,-0.2129771985621569,26155,-0.3422791701305565,0.8404659821066829,0.895,0.4378,0.44625,0.44725,26093
26093,-0.2129771985621569,26161,-0.15126787389773338,0.8404659821066829,0.895,0.4127,0.406125,0.4105,26161
26093,-0.2129771985621569,26065,-0.26984492904827667,0.8404659821066829,0.895,0.407,0.40575,0.40025,26093
26093,-0.2129771985621569,26075,-0.09640655572041328,0.8404659821066829,0.895,0.4402,0.43325,0.42975,26075
26093,-0.2129771985621569,26125,-0.27725788448814914,0.8404659821066829,0.895,0.4126,0.40825,0.4065,26093
26113,0.018101285347551926,26133,0.013045348040744757,0.8404659821066829,0.895,0.4004,0.396125,0.394875,26113
26113,0.018101285347551926,26035,0.21768745374861256,0.8404659821066829,0.895,0.4747,0.495125,0.493,26035
29091,0.42093553418793683,5049,-0.008709085760583681,0.8404659821066829,0.895,0.7116,0.7395,0.734,29091
29091,0.42093553418793683,29203,0.49713221464649077,0.8404659821066829,0.895,0.4092,0.411,0.397625,29203
29091,0.42093553418793683,29215,-0.10627763981366084,0.8404659821066829,0.895,0.8088,0.8265,0.828875,29091
29101,0.08595280307198279,29159,0.32194868641764196,0.8404659821066829,0.895,0.5185,0.52425,0.5225,29159
29101,0.08595280307198279,29083,0.6864740319029404,0.8404659821066829,0.895,0.8478,0.854125,0.847,29083
29111,0.22149466931840806,29127,0.06973025790626407,0.8404659821066829,0.895,0.4563,0.451875,0.470875,29111
29111,0.22149466931840806,29103,0.3063694697713677,0.8404659821066829,0.895,0.4182,0.418,0.422375,29103
29111,0.22149466931840806,17001,-0.12502767920940713,0.8404659821066829,0.895,0.6264,0.64825,0.648,29111
29115,0.08787547241377974,29117,0.07395070445565756,0.8404659821066829,0.895,0.4053,0.40475,0.401125,29115
29115,0.08787547241377974,29121,-0.09969167766383019,0.8404659821066829,0.895,0.4791,0.48725,0.484625,29115
29115,0.08787547241377974,29079,0.13715940005970295,0.8404659821066829,0.895,0.403,0.404625,0.406875,29079
31153,0.10532595302277825,19155,0.028122800312115327,0.8404659821066829,0.895,0.4084,0.423125,0.428875,31153
31153,0.10532595302277825,31055,0.11210994111042732,0.8404659821066829,0.895,0.3939,0.397,0.395,31055
31167,-0.5476619485601106,31179,-0.7758684090849379,0.8404659821066829,0.895,0.5131,0.514375,0.5085,31167
31167,-0.5476619485601106,31039,-0.661612076815985,0.8404659821066829,0.895,0.4291,0.426375,0.42,31167
31167,-0.5476619485601106,31119,-0.26534553747879125,0.8404659821066829,0.895,0.5446,0.552125,0.555875,31119
31167,-0.5476619485601106,31141,-0.39973533214816115,0.8404659821066829,0.895,0.4505,0.44525,0.457375,31141
48297,-0.38220176633316144,48013,-0.4876861318510004,0.8404659821066829,0.895,0.4346,0.427125,0.42875,48297
48297,-0.38220176633316144,48131,-0.5074711692636111,0.8404659821066829,0.895,0.4347,0.4365,0.431125,48297
48297,-0.38220176633316144,48249,-0.2134815234270165,0.8404659821066829,0.895,0.4572,0.47625,0.485625,48249
48307,0.3807781407602375,48049,0.5656724974765651,0.8404659821066829,0.895,0.484,0.466,0.4655,48049
48317,0.04491036369103591,48115,-0.23817904916266588,0.8404659821066829,0.895,0.5514,0.556625,0.5665,48317
48317,0.04491036369103591,48165,-0.037717335993585344,0.8404659821066829,0.895,0.4125,0.41025,0.41675,48317
27003,-0.0783217416243917,27123,-0.10524094340382976,0.8404659821066829,0.895,0.3963,0.4065,0.401125,27003
27003,-0.0783217416243917,27141,-0.22637795858844764,0.8404659821066829,0.895,0.449,0.46,0.465375,27003
27003,-0.0783217416243917,27025,-0.17577685144707353,0.8404659821066829,0.895,0.4116,0.430625,0.427625,27003
27007,-0.31242464290476935,27057,-0.2990282566226032,0.8404659821066829,0.895,0.4,0.396625,0.397375,27057
27007,-0.31242464290476935,27071,-0.3132728157846796,0.8404659821066829,0.895,0.397,0.399,0.402625,27007
27007,-0.31242464290476935,27135,-0.6745933292865706,0.8404659821066829,0.895,0.6502,0.664125,0.659125,27007
27007,-0.31242464290476935,27029,-0.37754218712857357,0.8404659821066829,0.895,0.4088,0.403625,0.4105,27007
27007,-0.31242464290476935,27113,-0.6193398610809737,0.8404659821066829,0.895,0.5889,0.602,0.612625,27007
27017,-0.15098299267135595,55031,0.15114134410603428,0.8404659821066829,0.895,0.5677,0.57825,0.58225,55031
29119,0.6761207246040646,29145,0.20083478940523278,0.8404659821066829,0.895,0.7461,0.762375,0.76275,29119
29119,0.6761207246040646,40115,0.6205023789803601,0.8404659821066829,0.895,0.4058,0.40925,0.410375,29119
29119,0.6761207246040646,40041,0.1239023749494349,0.8404659821066829,0.895,0.8185,0.830625,0.832,29119
29129,0.005784084615174318,29079,0.13715940005970295,0.8404659821066829,0.895,0.439,0.445625,0.439375,29079
29129,0.005784084615174318,29081,-0.3090049139898322,0.8404659821066829,0.895,0.5995,0.6035,0.61325,29129
29135,-0.1450573878093607,29131,0.19110000442308184,0.8404659821066829,0.895,0.6156,0.624875,0.61575,29131
29135,-0.1450573878093607,29141,0.3065222390033613,0.8404659821066829,0.895,0.7336,0.733375,0.7315,29141
31173,-0.4438391143036118,31179,-0.7758684090849379,0.8404659821066829,0.895,0.6269,0.609375,0.623375,31173
31173,-0.4438391143036118,19133,-0.3020976096897553,0.8404659821066829,0.895,0.4435,0.4445,0.43425,19133
31173,-0.4438391143036118,31021,0.1354760803826523,0.8404659821066829,0.895,0.8473,0.868625,0.86825,31021
31173,-0.4438391143036118,31039,-0.661612076815985,0.8404659821066829,0.895,0.5133,0.4935,0.50975,31173
31173,-0.4438391143036118,31051,-0.6497775446458793,0.8404659821066829,0.895,0.5007,0.491625,0.498,31173
31173,-0.4438391143036118,19193,-0.33415795707159374,0.8404659821066829,0.895,0.434,0.427,0.42375,19193
31177,0.047619552622134576,31021,0.1354760803826523,0.8404659821066829,0.895,0.4184,0.4125,0.413625,31021
31177,0.047619552622134576,19085,0.08716042612190208,0.8404659821066829,0.895,0.3962,0.401875,0.391,19085
31177,0.047619552622134576,19155,0.028122800312115327,0.8404659821066829,0.895,0.3959,0.407375,0.399375,31177
31177,0.047619552622134576,31053,-0.16480619266926438,0.8404659821066829,0.895,0.4946,0.498,0.492,31177
31177,0.047619552622134576,31055,0.11210994111042732,0.8404659821066829,0.895,0.4122,0.411125,0.40675,31055
31179,-0.7758684090849379,31027,-0.8445925325488173,0.8404659821066829,0.895,0.4116,0.416,0.413625,31179
31179,-0.7758684090849379,31039,-0.661612076815985,0.8404659821066829,0.895,0.4301,0.437,0.426875,31039
31179,-0.7758684090849379,31051,-0.6497775446458793,0.8404659821066829,0.895,0.4294,0.432375,0.436375,31051
50023,0.1941726293820623,50015,0.18825279582050514,0.8404659821066829,0.895,0.3938,0.3945,0.407375,50023
50023,0.1941726293820623,50005,-0.01484674294758901,0.8404659821066829,0.895,0.4912,0.4835,0.5025,50023
50023,0.1941726293820623,50007,0.3075535192166133,0.8404659821066829,0.895,0.4314,0.437,0.43325,50007
50025,0.13882444523489412,50003,0.14502224456022975,0.8404659821066829,0.895,0.4018,0.397375,0.396125,50003
50025,0.13882444523489412,33019,0.2629931180293304,0.8404659821066829,0.895,0.4333,0.431375,0.432125,33019
50025,0.13882444523489412,33005,0.011451352475369376,0.8404659821066829,0.895,0.4346,0.43425,0.426375,50025
27033,-1.0495788062469964,27063,-0.8672948464657401,0.8404659821066829,0.895,0.478,0.479375,0.48075,27063
27033,-1.0495788062469964,27105,-1.0438436006761658,0.8404659821066829,0.895,0.4044,0.39275,0.39525,27105
27033,-1.0495788062469964,27165,-0.7408386616611786,0.8404659821066829,0.895,0.5846,0.58775,0.592125,27165
27037,-0.19880043004184014,27123,-0.10524094340382976,0.8404659821066829,0.895,0.4253,0.4285,0.41025,27123
27037,-0.19880043004184014,27131,-0.3385618379868583,0.8404659821066829,0.895,0.4485,0.458625,0.456125,27037
27037,-0.19880043004184014,27049,-0.5019497826090545,0.8404659821066829,0.895,0.5978,0.604125,0.601125,27037
27037,-0.19880043004184014,55093,-0.53340980445357,0.8404659821066829,0.895,0.6303,0.6335,0.638875,27037
27057,-0.2990282566226032,27029,-0.37754218712857357,0.8404659821066829,0.895,0.41,0.414625,0.417375,27057
29139,-0.09402722943580939,29219,-0.187880319564678,0.8404659821066829,0.895,0.4169,0.423375,0.423875,29139
29139,-0.09402722943580939,29151,-0.3256432629801487,0.8404659821066829,0.895,0.5215,0.528125,0.5295,29139
29139,-0.09402722943580939,29073,-0.19516943127277803,0.8404659821066829,0.895,0.4219,0.427,0.43025,29139
29145,0.20083478940523278,40115,0.6205023789803601,0.8404659821066829,0.895,0.6879,0.683625,0.69175,40115
29145,0.20083478940523278,20021,0.5027048654916026,0.8404659821066829,0.895,0.576,0.576125,0.601125,20021
29145,0.20083478940523278,29109,-0.07705514034394846,0.8404659821066829,0.895,0.5622,0.577,0.570625,29145
32007,-0.235798344487947,32013,-0.03828992074521167,0.8404659821066829,0.895,0.4918,0.493,0.500625,32013
32013,-0.03828992074521167,41025,-0.6301421949045455,0.8404659821066829,0.895,0.8589,0.879375,0.88525,32013
32017,-0.6013742017576005,49027,-1.1506005407904136,0.8404659821066829,0.895,0.8353,0.842875,0.82775,32017
32017,-0.6013742017576005,49053,-0.917147648279788,0.8404659821066829,0.895,0.5875,0.59625,0.584,32017
32017,-0.6013742017576005,32023,-0.034152502036470515,0.8404659821066829,0.895,0.8683,0.8625,0.86875,32023
51011,-0.04365758535995569,51147,0.028815132458231908,0.8404659821066829,0.895,0.4075,0.40875,0.420375,51147
51025,-0.1841341211983737,37185,-0.39519340079878984,0.8404659821066829,0.895,0.4998,0.50125,0.50075,51025
51025,-0.1841341211983737,51135,0.043413798561353224,0.8404659821066829,0.895,0.5121,0.501125,0.51425,51135
51141,-0.17359005819071313,51089,-0.18454643658182665,0.8404659821066829,0.895,0.3975,0.41,0.406375,51141
51141,-0.17359005819071313,37171,0.3643060664287033,0.8404659821066829,0.895,0.8292,0.827,0.832875,37171
51141,-0.17359005819071313,37169,0.1794949226711279,0.8404659821066829,0.895,0.6246,0.63125,0.628125,37169
51163,-0.1998385329414436,51530,-1.2066429863302328,0.8404659821066829,0.895,0.9745,0.979875,0.983125,51163
27063,-0.8672948464657401,27091,-0.7504211894568781,0.8404659821066829,0.895,0.4278,0.435625,0.43025,27091
27063,-0.8672948464657401,27105,-1.0438436006761658,0.8404659821066829,0.895,0.4711,0.46725,0.46675,27063
27063,-0.8672948464657401,27165,-0.7408386616611786,0.8404659821066829,0.895,0.4413,0.43175,0.4355,27165
27067,-0.526324807351384,27093,-0.6474555261977811,0.8404659821066829,0.895,0.4333,0.444125,0.440375,27067
27067,-0.526324807351384,27121,-0.36830946166090445,0.8404659821066829,0.895,0.4546,0.4575,0.46,27121
27067,-0.526324807351384,27151,-0.4546964513230671,0.8404659821066829,0.895,0.4151,0.411125,0.412375,27151
27081,-0.3510566605076689,27083,-0.4122329590113407,0.8404659821066829,0.895,0.4111,0.404625,0.41,27081
27081,-0.3510566605076689,27117,-0.5780159237814385,0.8404659821066829,0.895,0.4964,0.517125,0.514375,27081
27081,-0.3510566605076689,46039,-0.5502559638910537,0.8404659821066829,0.895,0.4875,0.4865,0.486625,27081
27083,-0.4122329590113407,27117,-0.5780159237814385,0.8404659821066829,0.895,0.4531,0.46675,0.467625,27083
27087,-0.26101854088443066,27029,-0.37754218712857357,0.8404659821066829,0.895,0.4267,0.425875,0.427125,27087
29155,1.038843063977328,47095,1.5076611907789557,0.8404659821066829,0.895,0.7287,0.742,0.748875,47095
29159,0.32194868641764196,29141,0.3065222390033613,0.8404659821066829,0.895,0.4011,0.408375,0.39675,29159
29159,0.32194868641764196,29015,0.6538356544034674,0.8404659821066829,0.895,0.6123,0.618875,0.625625,29015
29159,0.32194868641764196,29083,0.6864740319029404,0.8404659821066829,0.895,0.6521,0.657625,0.660125,29083
29167,-0.10465061107493152,29185,0.2879271083917647,0.8404659821066829,0.895,0.6858,0.685875,0.689375,29185
32510,-0.11785313640277587,32005,-0.4827681024975699,0.8404659821066829,0.895,0.6282,0.636875,0.634875,32510
51045,-0.089906539794749,51071,0.4029691176025482,0.8404659821066829,0.895,0.7857,0.798625,0.79275,51071
51173,0.7574006881261202,51197,0.17724082335426497,0.8404659821066829,0.895,0.8412,0.840875,0.8365,51173
27091,-0.7504211894568781,19109,-0.7413680072194241,0.8404659821066829,0.895,0.3951,0.40125,0.398625,19109
27091,-0.7504211894568781,27165,-0.7408386616611786,0.8404659821066829,0.895,0.4012,0.403125,0.39975,27165
27091,-0.7504211894568781,27043,-0.673924370962007,0.8404659821066829,0.895,0.4157,0.41925,0.409,27043
27103,-0.5910759145366815,27079,-0.47446178007215356,0.8404659821066829,0.895,0.4306,0.425375,0.4405,27079
27103,-0.5910759145366815,27143,-0.6182875959080831,0.8404659821066829,0.895,0.4007,0.398875,0.402,27103
27117,-0.5780159237814385,27133,-0.7516588216860829,0.8404659821066829,0.895,0.4716,0.46225,0.465,27117
27121,-0.36830946166090445,27151,-0.4546964513230671,0.8404659821066829,0.895,0.4073,0.4255,0.418625,27121
27121,-0.36830946166090445,27149,-0.5396832216010536,0.8404659821066829,0.895,0.4588,0.4715,0.463625,27121
29177,0.5118756420935553,29047,0.2679494299511942,0.8404659821066829,0.895,0.5217,0.521125,0.513125,29177
29177,0.5118756420935553,29049,0.37240534092347377,0.8404659821066829,0.895,0.4453,0.446,0.4445,29177
29185,0.2879271083917647,29217,0.2120681236936959,0.8404659821066829,0.895,0.4172,0.41125,0.411875,29185
29185,0.2879271083917647,29015,0.6538356544034674,0.8404659821066829,0.895,0.6507,0.667,0.658875,29015
29185,0.2879271083917647,29083,0.6864740319029404,0.8404659821066829,0.895,0.6852,0.705,0.682625,29083
29186,-0.32974104905380897,17157,-0.31093769812293115,0.8404659821066829,0.895,0.3981,0.399375,0.39975,17157
33003,0.004262693041676937,23017,0.23218229326909928,0.8404659821066829,0.895,0.5149,0.51425,0.51,23017
33013,0.27951236272334684,33019,0.2629931180293304,0.8404659821066829,0.895,0.3965,0.394375,0.400875,33013
33013,0.27951236272334684,33011,0.17101012431657378,0.8404659821066829,0.895,0.4252,0.4335,0.42575,33013
21019,0.30291306136140733,39087,0.46195159649360323,0.8404659821066829,0.895,0.4503,0.463,0.466,39087
27131,-0.3385618379868583,27079,-0.47446178007215356,0.8404659821066829,0.895,0.4401,0.44975,0.44,27131
27131,-0.3385618379868583,27039,-0.5599110441028874,0.8404659821066829,0.895,0.5114,0.518625,0.523125,27131
27131,-0.3385618379868583,27049,-0.5019497826090545,0.8404659821066829,0.895,0.4581,0.4705,0.47,27131
27131,-0.3385618379868583,27161,-0.6072862735617973,0.8404659821066829,0.895,0.5589,0.551875,0.560625,27131
27133,-0.7516588216860829,27105,-1.0438436006761658,0.8404659821066829,0.895,0.5724,0.58,0.571875,27133
27133,-0.7516588216860829,46099,-0.1490079313487806,0.8404659821066829,0.895,0.864,0.885875,0.89,46099
29209,-0.3369723852623346,29213,-0.16453848105111224,0.8404659821066829,0.895,0.4707,0.467,0.4645,29213
29209,-0.3369723852623346,29109,-0.07705514034394846,0.8404659821066829,0.895,0.5412,0.54525,0.540625,29109
29213,-0.16453848105111224,5089,0.2962998602908356,0.8404659821066829,0.895,0.7446,0.75025,0.750375,5089
29217,0.2120681236936959,20011,0.03741627253149603,0.8404659821066829,0.895,0.4635,0.471625,0.477375,29217
29217,0.2120681236936959,20037,0.2739650424726745,0.8404659821066829,0.895,0.4099,0.418875,0.414,20037
29217,0.2120681236936959,29011,-0.1717472145591778,0.8404659821066829,0.895,0.662,0.673125,0.65875,29217
34017,-0.42484982547538086,34039,-0.36549968763295493,0.8404659821066829,0.895,0.4045,0.40825,0.412375,34039
37189,-0.07784957359499758,37011,0.26099163943435433,0.8404659821066829,0.895,0.6191,0.623875,0.619125,37011
38011,-0.3879509931058402,30025,-0.3927110847292305,0.8404659821066829,0.895,0.401,0.4035,0.390875,38011
38011,-0.3879509931058402,46063,-0.3437684401800714,0.8404659821066829,0.895,0.407,0.408375,0.40075,46063
38011,-0.3879509931058402,38001,-0.6154388511670384,0.8404659821066829,0.895,0.5115,0.5265,0.51325,38011
27141,-0.22637795858844764,27095,-0.16667905806568045,0.8404659821066829,0.895,0.4042,0.407375,0.41025,27095
27141,-0.22637795858844764,27009,-0.19479038471563687,0.8404659821066829,0.895,0.3972,0.406125,0.40875,27009
27151,-0.4546964513230671,27149,-0.5396832216010536,0.8404659821066829,0.895,0.4153,0.421625,0.413625,27151
29219,-0.187880319564678,29073,-0.19516943127277803,0.8404659821066829,0.895,0.4019,0.397625,0.399125,29219
29223,1.0147042693902095,29017,0.5079034092708669,0.8404659821066829,0.895,0.7832,0.7935,0.78675,29223
29223,1.0147042693902095,29179,0.20898799371634,0.8404659821066829,0.895,0.9538,0.960875,0.95725,29223
29229,0.15410768847534165,29215,-0.10627763981366084,0.8404659821066829,0.895,0.5422,0.554625,0.551,29229
29229,0.15410768847534165,29105,0.03457682243596823,0.8404659821066829,0.895,0.435,0.440625,0.440875,29229
30011,-0.4861628997318343,30017,0.013803294444940354,0.8404659821066829,0.895,0.7809,0.784,0.774375,30017
30011,-0.4861628997318343,30025,-0.3927110847292305,0.8404659821066829,0.895,0.4218,0.417875,0.421875,30025
30011,-0.4861628997318343,46019,-0.04132944668607432,0.8404659821066829,0.895,0.7301,0.733625,0.737625,46019
30011,-0.4861628997318343,46063,-0.3437684401800714,0.8404659821066829,0.895,0.4419,0.4535,0.44725,46063
35001,-1.1537313021627753,35006,-1.4537429640441328,0.8404659821066829,0.895,0.5777,0.596125,0.5925,35001
35009,-0.8228871361654643,48017,-0.7160804920840301,0.8404659821066829,0.895,0.4226,0.44375,0.432875,48017
35009,-0.8228871361654643,35041,-0.7692448504247995,0.8404659821066829,0.895,0.4057,0.405875,0.408375,35041
38015,-0.764261139768452,38083,-1.075980592828533,0.8404659821066829,0.895,0.5864,0.605125,0.596625,38015
38025,-1.096013538806619,38089,-1.0344820477677792,0.8404659821066829,0.895,0.4108,0.400875,0.4095,38089
38025,-1.096013538806619,38007,-1.302635801032589,0.8404659821066829,0.895,0.4918,0.50125,0.492125,38025
38025,-1.096013538806619,38061,-0.7525516204520464,0.8404659821066829,0.895,0.6252,0.612875,0.614875,38061
27153,-0.3743862083884078,27111,-0.42725948197309316,0.8404659821066829,0.895,0.4002,0.417625,0.411125,27153
28009,0.23573214692972946,47047,0.08439927303947412,0.8404659821066829,0.895,0.4494,0.461625,0.461625,28009
28009,0.23573214692972946,47069,0.25772936318329365,0.8404659821066829,0.895,0.3978,0.40225,0.396,47069
28017,0.404404131189395,28013,0.5058244909632015,0.8404659821066829,0.895,0.4246,0.431875,0.436125,28013
28017,0.404404131189395,28095,0.3299163851300294,0.8404659821066829,0.895,0.417,0.415625,0.41275,28017
28017,0.404404131189395,28115,0.18096726227693605,0.8404659821066829,0.895,0.5068,0.5105,0.49925,28017
28029,0.004982090768517338,28085,0.12706829912443,0.8404659821066829,0.895,0.4376,0.4505,0.4485,28085
28029,0.004982090768517338,28127,0.24859205334951506,0.8404659821066829,0.895,0.5235,0.5345,0.52275,28127
28029,0.004982090768517338,28063,0.030788894675998733,0.8404659821066829,0.895,0.4021,0.401375,0.405,28063
28039,0.6796187554530528,28131,0.6866524961705522,0.8404659821066829,0.895,0.4006,0.3995,0.400375,28131
28039,0.6796187554530528,28041,0.04743465620058923,0.8404659821066829,0.895,0.8559,0.879375,0.866625,28039
30017,0.013803294444940354,30025,-0.3927110847292305,0.8404659821066829,0.895,0.7053,0.708875,0.71025,30017
30017,0.013803294444940354,30079,-0.357527717550569,0.8404659821066829,0.895,0.6492,0.650875,0.665875,30017
30025,-0.3927110847292305,46063,-0.3437684401800714,0.8404659821066829,0.895,0.4007,0.405,0.413625,46063
30025,-0.3927110847292305,30079,-0.357527717550569,0.8404659821066829,0.895,0.4048,0.399625,0.39875,30079
30037,-0.10583214466336135,30111,-0.13729579146006496,0.8404659821066829,0.895,0.4017,0.407125,0.409,30037
30037,-0.10583214466336135,30095,-0.44575768507899793,0.8404659821066829,0.895,0.6116,0.625,0.632875,30037
30041,-0.5371565762724254,30051,-1.042160889473046,0.8404659821066829,0.895,0.7408,0.75375,0.755625,30041
35013,-0.942573469939104,35035,-0.9264009438277871,0.8404659821066829,0.895,0.4066,0.40175,0.401875,35035
35023,-1.0244931952180527,4011,-0.9385088789069453,0.8404659821066829,0.895,0.4161,0.4205,0.410875,4011
40045,0.31878511805762866,40007,-0.1323832085432157,0.8404659821066829,0.895,0.7544,0.754625,0.757,40045
40045,0.31878511805762866,48211,0.3226422665339701,0.8404659821066829,0.895,0.4019,0.39825,0.39575,48211
40045,0.31878511805762866,48295,0.4073845274328053,0.8404659821066829,0.895,0.4147,0.42825,0.428875,48295
40051,0.3499852326992925,40015,0.3648429370908348,0.8404659821066829,0.895,0.4035,0.40675,0.400375,40015
40051,0.3499852326992925,40031,0.2901338091773897,0.8404659821066829,0.895,0.4129,0.40825,0.40225,40051
40051,0.3499852326992925,40137,0.395355052206655,0.8404659821066829,0.895,0.4032,0.40475,0.39975,40137
40051,0.3499852326992925,40017,0.10237561243930865,0.8404659821066829,0.895,0.5397,0.54175,0.533375,40051
40151,-0.2394966770617426,40093,-0.269460172310701,0.8404659821066829,0.895,0.3998,0.397875,0.406375,40151
20073,0.4044562415190786,20111,0.22234261356573,0.8404659821066829,0.895,0.4745,0.470625,0.482125,20073
20073,0.4044562415190786,20049,0.665034295070372,0.8404659821066829,0.895,0.545,0.557,0.553625,20049
20073,0.4044562415190786,20031,0.40339524376081337,0.8404659821066829,0.895,0.3937,0.403125,0.401625,20073
20077,0.09056631445706465,20095,-0.41341990431181364,0.8404659821066829,0.895,0.778,0.792625,0.79575,20077
20089,-0.2386407396510126,20123,-0.16441773376848365,0.8404659821066829,0.895,0.4053,0.416125,0.417375,20123
20089,-0.2386407396510126,20141,-0.18373153023708888,0.8404659821066829,0.895,0.4116,0.41025,0.40675,20141
20089,-0.2386407396510126,20029,-0.40675170723899984,0.8404659821066829,0.895,0.4626,0.46725,0.469125,20089
20089,-0.2386407396510126,31181,-0.28247106421474716,0.8404659821066829,0.895,0.4042,0.409,0.407125,20089
20095,-0.41341990431181364,20155,-0.24825765348568563,0.8404659821066829,0.895,0.4589,0.482625,0.459,20155
20095,-0.41341990431181364,20173,-0.0006787113453491988,0.8404659821066829,0.895,0.6888,0.7005,0.68725,20173
20105,-0.3970517942765492,20123,-0.16441773376848365,0.8404659821066829,0.895,0.51,0.51825,0.51425,20123
20105,-0.3970517942765492,20141,-0.18373153023708888,0.8404659821066829,0.895,0.5037,0.524125,0.507125,20141
20105,-0.3970517942765492,20169,-0.0979303071932069,0.8404659821066829,0.895,0.5757,0.57675,0.579375,20169
20105,-0.3970517942765492,20143,-0.14134910834400843,0.8404659821066829,0.895,0.5346,0.53175,0.537875,20143
55009,-0.4404177271793006,55015,-0.39608520922394236,0.8404659821066829,0.895,0.403,0.402625,0.41125,55015
55009,-0.4404177271793006,55087,-0.42872240810710943,0.8404659821066829,0.895,0.4003,0.40775,0.393875,55087
55009,-0.4404177271793006,55071,-0.6303409346925571,0.8404659821066829,0.895,0.4776,0.47275,0.468,55009
55009,-0.4404177271793006,55083,-0.31733830108099176,0.8404659821066829,0.895,0.4377,0.443125,0.4435,55083
55009,-0.4404177271793006,55061,-0.996310738403475,0.8404659821066829,0.895,0.7981,0.797375,0.7925,55009
40085,0.48424066296856255,48337,0.9222709981610364,0.8404659821066829,0.895,0.7194,0.738375,0.743625,48337
40085,0.48424066296856255,48181,0.4447198167623752,0.8404659821066829,0.895,0.4027,0.394875,0.403625,40085
40097,0.2519778740331651,40021,0.35441243019715674,0.8404659821066829,0.895,0.4198,0.428,0.427,40021
40097,0.2519778740331651,40041,0.1239023749494349,0.8404659821066829,0.895,0.445,0.429625,0.423,40097
40097,0.2519778740331651,40131,0.16118802393248433,0.8404659821066829,0.895,0.424,0.4145,0.407625,40097
40097,0.2519778740331651,40035,0.3619714571248291,0.8404659821066829,0.895,0.4215,0.432875,0.43775,40035
41013,-0.8650660753485104,41069,-0.6771655155987685,0.8404659821066829,0.895,0.4749,0.49825,0.490125,41069
41013,-0.8650660753485104,41025,-0.6301421949045455,0.8404659821066829,0.895,0.5163,0.534,0.52175,41025
47133,1.3226285060986092,47087,0.8365600982958611,0.8404659821066829,0.895,0.7491,0.757625,0.75575,47133
47133,1.3226285060986092,47027,1.006640180485057,0.8404659821066829,0.895,0.5997,0.600625,0.6095,47133
47133,1.3226285060986092,47137,0.8273162710065848,0.8404659821066829,0.895,0.7532,0.776875,0.781875,47133
20111,0.22234261356573,20197,0.0990436342899526,0.8404659821066829,0.895,0.4336,0.438,0.441375,20111
20111,0.22234261356573,20031,0.40339524376081337,0.8404659821066829,0.895,0.4735,0.46925,0.46925,20031
20113,-0.3390541801279753,20155,-0.24825765348568563,0.8404659821066829,0.895,0.4164,0.421375,0.421125,20155
20113,-0.3390541801279753,20079,-0.1598651835548462,0.8404659821066829,0.895,0.4617,0.46975,0.4705,20079
20113,-0.3390541801279753,20169,-0.0979303071932069,0.8404659821066829,0.895,0.5265,0.51875,0.52125,20169
20113,-0.3390541801279753,20159,0.13252417119033946,0.8404659821066829,0.895,0.7402,0.7525,0.745125,20159
20123,-0.16441773376848365,20141,-0.18373153023708888,0.8404659821066829,0.895,0.4036,0.397875,0.3965,20123
20123,-0.16441773376848365,20029,-0.40675170723899984,0.8404659821066829,0.895,0.5292,0.52775,0.532875,20123
20123,-0.16441773376848365,20143,-0.14134910834400843,0.8404659821066829,0.895,0.3962,0.397,0.396,20143
20125,0.2743804563596578,20133,0.17749260345209028,0.8404659821066829,0.895,0.4206,0.430875,0.423125,20125
20125,0.2743804563596578,40105,0.12283239714926228,0.8404659821066829,0.895,0.4503,0.4565,0.4575,20125
20125,0.2743804563596578,40147,0.015177362090316126,0.8404659821066829,0.895,0.5399,0.548375,0.54625,20125
20125,0.2743804563596578,20049,0.665034295070372,0.8404659821066829,0.895,0.6768,0.696125,0.694125,20049
20133,0.17749260345209028,20011,0.03741627253149603,0.8404659821066829,0.895,0.4469,0.450625,0.443375,20133
20133,0.17749260345209028,20037,0.2739650424726745,0.8404659821066829,0.895,0.42,0.426375,0.426,20037
48331,0.4129074726935047,48027,0.553399904203199,0.8404659821066829,0.895,0.4471,0.4565,0.440125,48027
48335,0.4434742472206728,48431,0.26548585969356653,0.8404659821066829,0.895,0.4653,0.468125,0.47225,48335
48335,0.4434742472206728,48353,0.5534330165890866,0.8404659821066829,0.895,0.4279,0.42975,0.424125,48353
48335,0.4434742472206728,48033,0.19461802701239375,0.8404659821066829,0.895,0.5252,0.540875,0.538875,48335
48337,0.9222709981610364,48497,0.6526253098450574,0.8404659821066829,0.895,0.5438,0.5655,0.556375,48337
42107,-0.2986245821766196,42011,-0.38541589269371546,0.8404659821066829,0.895,0.4141,0.4145,0.421875,42107
42107,-0.2986245821766196,42025,-0.18892251339200142,0.8404659821066829,0.895,0.4351,0.433875,0.43425,42025
42107,-0.2986245821766196,42077,-0.35634609936928135,0.8404659821066829,0.895,0.4072,0.405375,0.411625,42107
42107,-0.2986245821766196,42079,-0.17381624642674093,0.8404659821066829,0.895,0.4307,0.443625,0.4425,42079
42107,-0.2986245821766196,42037,-0.3717210041471978,0.8404659821066829,0.895,0.4104,0.405625,0.411,42107
42117,-0.12063511264696024,42081,-0.27557643245636976,0.8404659821066829,0.895,0.4586,0.45575,0.4545,42117
42117,-0.12063511264696024,42105,-0.08446298736518462,0.8404659821066829,0.895,0.4042,0.40225,0.39925,42105
42117,-0.12063511264696024,42015,-0.053779635513672465,0.8404659821066829,0.895,0.4136,0.412375,0.41225,42015
47169,1.2967085174418012,47111,1.074223358983512,0.8404659821066829,0.895,0.5025,0.5105,0.50175,47169
48009,0.24706553065096568,48485,0.5552723245981864,0.8404659821066829,0.895,0.5758,0.579125,0.579,48485
20141,-0.18373153023708888,20051,-0.20419776219869862,0.8404659821066829,0.895,0.403,0.402375,0.396125,20141
20153,-0.41819136350207536,20039,-0.4318877219754395,0.8404659821066829,0.895,0.401,0.40375,0.397625,20153
20153,-0.41819136350207536,31145,-0.10310153953116571,0.8404659821066829,0.895,0.5904,0.607625,0.614375,31145
20153,-0.41819136350207536,20181,-0.7110018060522961,0.8404659821066829,0.895,0.5748,0.589375,0.575875,20153
20153,-0.41819136350207536,31057,-0.25057271224719985,0.8404659821066829,0.895,0.4619,0.47575,0.476875,31057
20155,-0.24825765348568563,20173,-0.0006787113453491988,0.8404659821066829,0.895,0.5303,0.53075,0.522875,20173
20155,-0.24825765348568563,20185,-0.032566279948017356,0.8404659821066829,0.895,0.5068,0.505125,0.520375,20185
20155,-0.24825765348568563,20079,-0.1598651835548462,0.8404659821066829,0.895,0.416,0.41775,0.42275,20079
20155,-0.24825765348568563,20159,0.13252417119033946,0.8404659821066829,0.895,0.658,0.657375,0.6685,20159
20171,-0.23716313892571256,20109,-0.49414122094719587,0.8404659821066829,0.895,0.5326,0.55325,0.55375,20171
20171,-0.23716313892571256,20063,-0.5433396382467405,0.8404659821066829,0.895,0.5973,0.615625,0.61675,20171
20173,-0.0006787113453491988,20079,-0.1598651835548462,0.8404659821066829,0.895,0.4506,0.446875,0.444,20173
48345,0.4877217789571805,48045,0.3074224551853419,0.8404659821066829,0.895,0.4675,0.4745,0.4745,48345
48345,0.4877217789571805,48125,0.09011743914311104,0.8404659821066829,0.895,0.6551,0.66775,0.670875,48345
48355,-0.13811011155804553,48249,-0.2134815234270165,0.8404659821066829,0.895,0.4111,0.40625,0.411125,48355
48365,0.5197470374394348,48401,0.3924982495676536,0.8404659821066829,0.895,0.4348,0.436125,0.42425,48365
48367,0.536780190182004,48221,0.36271780404257786,0.8404659821066829,0.895,0.4608,0.47325,0.46725,48367
48367,0.536780190182004,48497,0.6526253098450574,0.8404659821066829,0.895,0.4333,0.432125,0.430375,48497
48375,0.21595788346255085,48381,-0.17880410905901953,0.8404659821066829,0.895,0.6556,0.667,0.65625,48375
48375,0.21595788346255085,48359,-0.13404878067311363,0.8404659821066829,0.895,0.6088,0.62375,0.608375,48375
44003,0.1477246288022044,9015,0.020519590594881305,0.8404659821066829,0.895,0.4323,0.442125,0.42775,44003
45023,0.33908563007826525,45039,0.17833919392953393,0.8404659821066829,0.895,0.4525,0.45975,0.454125,45023
45059,0.03366601218179193,45001,-0.13857554622457183,0.8404659821066829,0.895,0.4636,0.46675,0.470125,45059
45073,0.12731362308248254,13147,0.18422709077958174,0.8404659821066829,0.895,0.4064,0.404375,0.403625,13147
48013,-0.4876861318510004,48283,-0.9981684680877825,0.8404659821066829,0.895,0.8018,0.80275,0.798,48013
48013,-0.4876861318510004,48493,-0.1790061840443532,0.8404659821066829,0.895,0.5875,0.608375,0.5935,48493
48017,-0.7160804920840301,48279,-0.4746618447708443,0.8404659821066829,0.895,0.5162,0.514875,0.5245,48279
48017,-0.7160804920840301,35041,-0.7692448504247995,0.8404659821066829,0.895,0.4078,0.424625,0.419375,48017
48063,0.6130261510976387,48159,0.478541015258259,0.8404659821066829,0.895,0.442,0.441125,0.4475,48063
18005,0.5061673527569166,18079,0.8149623924305477,0.8404659821066829,0.895,0.5838,0.58975,0.585875,18079
18017,0.171006141132654,18049,0.2595396262144249,0.8404659821066829,0.895,0.4178,0.417,0.416875,18049
18017,0.171006141132654,18181,0.4041019147070431,0.8404659821066829,0.895,0.5219,0.5045,0.51925,18181
41071,-0.07865307028485305,41053,-0.3737225100549975,0.8404659821066829,0.895,0.5673,0.555625,0.5585,41071
41071,-0.07865307028485305,41067,-0.1756677642645052,0.8404659821066829,0.895,0.4277,0.413625,0.431125,41071
48385,0.15967751841920022,48019,-0.12218286419055172,0.8404659821066829,0.895,0.5518,0.586125,0.5725,48385
48385,0.15967751841920022,48137,-0.07760797260495124,0.8404659821066829,0.895,0.5142,0.526625,0.5175,48385
48385,0.15967751841920022,48265,0.11050258484513698,0.8404659821066829,0.895,0.4035,0.40825,0.399375,48385
48397,0.25829418458258335,48231,0.6477572854237927,0.8404659821066829,0.895,0.6672,0.67225,0.6815,48231
48397,0.25829418458258335,48257,0.6453708348749518,0.8404659821066829,0.895,0.6634,0.652625,0.659,48257
48417,0.8549614156441073,48447,0.5014996057891842,0.8404659821066829,0.895,0.6243,0.645125,0.637125,48417
48417,0.8549614156441073,48059,0.8186058104877578,0.8404659821066829,0.895,0.4075,0.405,0.4025,48417
48417,0.8549614156441073,48253,0.19046040338634626,0.8404659821066829,0.895,0.9006,0.903375,0.913,48417
48417,0.8549614156441073,48429,0.8333634356869288,0.8404659821066829,0.895,0.4022,0.406,0.394375,48417
48417,0.8549614156441073,48133,0.880782445239312,0.8404659821066829,0.895,0.402,0.396375,0.395375,48133
48425,0.6153688338559649,48143,0.3181330890156861,0.8404659821066829,0.895,0.5768,0.562125,0.571125,48425
48425,0.6153688338559649,48221,0.36271780404257786,0.8404659821066829,0.895,0.5256,0.52875,0.53175,48425
46003,-0.5088616800613925,46043,-0.5626055606783686,0.8404659821066829,0.895,0.4074,0.4055,0.4155,46003
46003,-0.5088616800613925,46015,-0.296724281127735,0.8404659821066829,0.895,0.4938,0.50925,0.49375,46015
46013,-0.36678276094927814,46049,-0.7427815690196041,0.8404659821066829,0.895,0.6638,0.677625,0.69225,46013
46013,-0.36678276094927814,38081,-0.49368496574962584,0.8404659821066829,0.895,0.4439,0.44125,0.4445,46013
46013,-0.36678276094927814,46037,-0.537782665012166,0.8404659821066829,0.895,0.4737,0.475125,0.474,46013
46013,-0.36678276094927814,46045,-0.6565377724487226,0.8404659821066829,0.895,0.5732,0.593125,0.585375,46013
46013,-0.36678276094927814,46115,-0.5167273681597511,0.8404659821066829,0.895,0.4565,0.46425,0.46425,46013
46013,-0.36678276094927814,38021,-0.7018064336125208,0.8404659821066829,0.895,0.6338,0.636625,0.646625,46013
46013,-0.36678276094927814,46089,-1.0078579445312985,0.8404659821066829,0.895,0.8937,0.90575,0.905125,46013
18023,-0.13647581724060273,18057,-0.011431912683402063,0.8404659821066829,0.895,0.4394,0.445375,0.442375,18057
18023,-0.13647581724060273,18107,0.08085949849353528,0.8404659821066829,0.895,0.5059,0.51125,0.5185,18107
18023,-0.13647581724060273,18159,-0.2511790766903907,0.8404659821066829,0.895,0.422,0.430125,0.430125,18023
18023,-0.13647581724060273,18011,0.35923296556000994,0.8404659821066829,0.895,0.7614,0.777625,0.7815,18011
18037,-0.0938297367262549,18101,0.12190613444400408,0.8404659821066829,0.895,0.5059,0.504375,0.500375,18101
18037,-0.0938297367262549,18117,0.5383197893613675,0.8404659821066829,0.895,0.8818,0.8895,0.8845,18117
18039,-0.21031269884941575,18113,-0.0990657342232184,0.8404659821066829,0.895,0.4371,0.4205,0.411875,18113
18039,-0.21031269884941575,26149,-0.2012605279262524,0.8404659821066829,0.895,0.3997,0.4075,0.411625,26149
18047,-0.0345988376660177,18137,0.5268356102957752,0.8404659821066829,0.895,0.8422,0.856,0.8565,18137
18047,-0.0345988376660177,18029,0.41127987305324487,0.8404659821066829,0.895,0.7172,0.726875,0.734625,18029
42009,-0.7287135118443869,42013,-0.39839521320917776,0.8404659821066829,0.895,0.6078,0.602125,0.606625,42013
42009,-0.7287135118443869,42057,-0.3736460463155551,0.8404659821066829,0.895,0.6284,0.644625,0.642,42057
48445,-0.29401714553562763,48115,-0.23817904916266588,0.8404659821066829,0.895,0.4108,0.409125,0.404375,48115
48445,-0.29401714553562763,48165,-0.037717335993585344,0.8404659821066829,0.895,0.5355,0.542625,0.55375,48165
48445,-0.29401714553562763,48305,-0.14667418353987446,0.8404659821066829,0.895,0.4423,0.439875,0.44225,48305
48445,-0.29401714553562763,48219,-0.09794976009439636,0.8404659821066829,0.895,0.4744,0.472625,0.464625,48219
48447,0.5014996057891842,48429,0.8333634356869288,0.8404659821066829,0.895,0.5952,0.610125,0.610125,48429
48487,0.3770553888257899,48197,0.3758094973713278,0.8404659821066829,0.895,0.3977,0.393,0.394125,48487
48487,0.3770553888257899,48485,0.5552723245981864,0.8404659821066829,0.895,0.4739,0.467875,0.472125,48485
46019,-0.04132944668607432,46063,-0.3437684401800714,0.8404659821066829,0.895,0.5808,0.583625,0.576875,46019
46019,-0.04132944668607432,46105,-0.42996212179135945,0.8404659821066829,0.895,0.6769,0.676375,0.68025,46019
18057,-0.011431912683402063,18097,0.17375770037428656,0.8404659821066829,0.895,0.4754,0.475875,0.491375,18097
18057,-0.011431912683402063,18159,-0.2511790766903907,0.8404659821066829,0.895,0.5266,0.523375,0.53075,18057
18057,-0.011431912683402063,18011,0.35923296556000994,0.8404659821066829,0.895,0.6462,0.6455,0.650625,18011
18057,-0.011431912683402063,18095,0.028043911889942104,0.8404659821066829,0.895,0.3984,0.393,0.40025,18095
18063,0.17165406303063463,18107,0.08085949849353528,0.8404659821066829,0.895,0.4161,0.417,0.41975,18063
18063,0.17165406303063463,18097,0.17375770037428656,0.8404659821066829,0.895,0.3971,0.397,0.400125,18097
18063,0.17165406303063463,18011,0.35923296556000994,0.8404659821066829,0.895,0.4725,0.469375,0.474,18011
18079,0.8149623924305477,18137,0.5268356102957752,0.8404659821066829,0.895,0.5752,0.572625,0.5755,18079
18079,0.8149623924305477,18143,1.5154682776650399,0.8404659821066829,0.895,0.911,0.92175,0.91275,18143
18079,0.8149623924305477,18077,0.6650464020030559,0.8404659821066829,0.895,0.4491,0.44975,0.443625,18079
42039,-0.22388417882128098,42121,-0.22827510639752932,0.8404659821066829,0.895,0.398,0.4075,0.4005,42039
42069,-0.14562927668967354,42131,-0.04190901082600766,0.8404659821066829,0.895,0.4143,0.423625,0.421,42131
42069,-0.14562927668967354,42079,-0.17381624642674093,0.8404659821066829,0.895,0.407,0.40725,0.40225,42069
42073,-0.3916314393965768,42007,-0.3901879769880112,0.8404659821066829,0.895,0.3961,0.3995,0.40025,42007
42073,-0.3916314393965768,42019,-0.346444615791472,0.8404659821066829,0.895,0.408,0.396375,0.404,42019
49027,-1.1506005407904136,49041,-1.1155678760417187,0.8404659821066829,0.895,0.4018,0.404625,0.404125,49041
49027,-1.1506005407904136,49039,-0.9673814090579552,0.8404659821066829,0.895,0.4797,0.482625,0.47825,49039
49031,-1.0527845013558332,49041,-1.1155678760417187,0.8404659821066829,0.895,0.4132,0.410375,0.41225,49031
49031,-1.0527845013558332,49055,-1.0301304572318295,0.8404659821066829,0.895,0.3968,0.404375,0.397125,49055
46039,-0.5502559638910537,46051,-0.6217048534433545,0.8404659821066829,0.895,0.4044,0.415375,0.4105,46039
46039,-0.5502559638910537,46029,-0.362873763454332,0.8404659821066829,0.895,0.473,0.48425,0.486,46029
46039,-0.5502559638910537,46057,-0.4446022208403977,0.8404659821066829,0.895,0.4193,0.43425,0.428875,46057
46043,-0.5626055606783686,46067,-0.5207512921359186,0.8404659821066829,0.895,0.4083,0.406,0.405625,46067
46049,-0.7427815690196041,46045,-0.6565377724487226,0.8404659821066829,0.895,0.4186,0.417,0.425625,46045
46049,-0.7427815690196041,46059,-0.6973947495853426,0.8404659821066829,0.895,0.4038,0.398375,0.407375,46059
46049,-0.7427815690196041,46069,-0.5147704121732961,0.8404659821066829,0.895,0.5077,0.521875,0.523,46069
46049,-0.7427815690196041,46115,-0.5167273681597511,0.8404659821066829,0.895,0.5085,0.510625,0.523625,46115
46063,-0.3437684401800714,46105,-0.42996212179135945,0.8404659821066829,0.895,0.4159,0.41625,0.419125,46063
46063,-0.3437684401800714,38001,-0.6154388511670384,0.8404659821066829,0.895,0.5615,0.5855,0.584125,46063
18089,-0.17465178761017888,18127,-0.02500012054458884,0.8404659821066829,0.895,0.4297,0.44775,0.447875,18127
18101,0.12190613444400408,18117,0.5383197893613675,0.8404659821066829,0.895,0.6809,0.699625,0.697875,18117
18101,0.12190613444400408,18093,0.4263690282238833,0.8404659821066829,0.895,0.577,0.583,0.596,18093
18107,0.08085949849353528,18011,0.35923296556000994,0.8404659821066829,0.895,0.5572,0.56225,0.564625,18011
42083,-0.2343929647096803,42105,-0.08446298736518462,0.8404659821066829,0.895,0.4483,0.46175,0.45675,42105
42087,-0.4929744691740122,42109,-0.6060380487450344,0.8404659821066829,0.895,0.4254,0.43075,0.41125,42087
42087,-0.4929744691740122,42119,-0.73689615383529,0.8404659821066829,0.895,0.5265,0.526875,0.521125,42087
42093,-0.5323834017051527,42081,-0.27557643245636976,0.8404659821066829,0.895,0.5271,0.543,0.543625,42081
42093,-0.5323834017051527,42037,-0.3717210041471978,0.8404659821066829,0.895,0.448,0.451,0.462625,42037
49041,-1.1155678760417187,49055,-1.0301304572318295,0.8404659821066829,0.895,0.4204,0.409125,0.416375,49055
49041,-1.1155678760417187,49039,-0.9673814090579552,0.8404659821066829,0.895,0.4455,0.454125,0.460375,49039
50003,0.14502224456022975,25003,-0.15198236594838918,0.8404659821066829,0.895,0.5909,0.61775,0.60475,50003
50003,0.14502224456022975,50021,0.21267455191982398,0.8404659821066829,0.895,0.4062,0.4105,0.405,50021
50015,0.18825279582050514,50019,-0.27606350032797344,0.8404659821066829,0.895,0.7197,0.739875,0.748625,50015
50015,0.18825279582050514,50005,-0.01484674294758901,0.8404659821066829,0.895,0.4849,0.49575,0.50125,50015
50015,0.18825279582050514,50007,0.3075535192166133,0.8404659821066829,0.895,0.4303,0.424875,0.427875,50007
46065,-0.23238540056133952,46069,-0.5147704121732961,0.8404659821066829,0.895,0.5541,0.570125,0.572375,46065
46127,-0.1616646365518476,19149,-0.5702873848895191,0.8404659821066829,0.895,0.6749,0.685875,0.683625,46127
46127,-0.1616646365518476,31051,-0.6497775446458793,0.8404659821066829,0.895,0.7698,0.787,0.77825,46127
46127,-0.1616646365518476,19193,-0.33415795707159374,0.8404659821066829,0.895,0.4729,0.487375,0.483625,46127
46127,-0.1616646365518476,46083,-0.38233154069838565,0.8404659821066829,0.895,0.5081,0.512125,0.5065,46127
47023,0.15739885118735658,47069,0.25772936318329365,0.8404659821066829,0.895,0.4164,0.41525,0.4135,47069
47023,0.15739885118735658,47077,0.787017600349229,0.8404659821066829,0.895,0.8562,0.877625,0.86675,47077
47023,0.15739885118735658,47109,0.8598689469353045,0.8404659821066829,0.895,0.8966,0.8995,0.898875,47109
47023,0.15739885118735658,47071,0.6767585034260404,0.8404659821066829,0.895,0.7982,0.817875,0.821625,47071
47023,0.15739885118735658,47113,0.21113715268106426,0.8404659821066829,0.895,0.4148,0.406,0.398375,47113
18117,0.5383197893613675,18093,0.4263690282238833,0.8404659821066829,0.895,0.4256,0.437875,0.424625,18117
18137,0.5268356102957752,18029,0.41127987305324487,0.8404659821066829,0.895,0.4294,0.4355,0.43025,18137
18137,0.5268356102957752,18077,0.6650464020030559,0.8404659821066829,0.895,0.4447,0.452,0.449125,18077
18153,0.39211789898026694,18167,0.35305330198367546,0.8404659821066829,0.895,0.4062,0.399125,0.40425,18153
18153,0.39211789898026694,17033,0.1495592969421307,0.8404659821066829,0.895,0.5189,0.53075,0.53175,18153
18167,0.35305330198367546,17045,0.08777927763410968,0.8404659821066829,0.895,0.5373,0.552375,0.5545,18167
18167,0.35305330198367546,18165,0.530258308676866,0.8404659821066829,0.895,0.471,0.461125,0.461125,18165
51685,-0.023661799651353926,51683,-0.2918425747861426,0.8404659821066829,0.895,0.5053,0.519125,0.51925,51685
39081,-0.30097173542351136,54009,-0.30036423858039596,0.8404659821066829,0.895,0.3982,0.401625,0.403875,54009
39081,-0.30097173542351136,39067,-0.13120879129508878,0.8404659821066829,0.895,0.4587,0.466125,0.467875,39067
39081,-0.30097173542351136,54029,-0.37854430591853344,0.8404659821066829,0.895,0.4129,0.422125,0.417125,39081
39081,-0.30097173542351136,54069,-0.1396026338717135,0.8404659821066829,0.895,0.4572,0.456625,0.461375,54069
39081,-0.30097173542351136,39013,-0.4495693316297542,0.8404659821066829,0.895,0.4554,0.46075,0.464375,39081
39083,-0.27311476590322564,39005,-0.437541430755704,0.8404659821066829,0.895,0.465,0.46175,0.473375,39083
39083,-0.27311476590322564,39075,-1.034791418152895,0.8404659821066829,0.895,0.9449,0.947875,0.948875,39083
39083,-0.27311476590322564,39089,0.08138484079900293,0.8404659821066829,0.895,0.6469,0.6545,0.65725,39089
47043,0.7670355302210923,47083,0.8547702767402421,0.8404659821066829,0.895,0.4208,0.413625,0.412625,47083
47043,0.7670355302210923,47125,0.7789448751792721,0.8404659821066829,0.895,0.4006,0.406125,0.40275,47125
47047,0.08439927303947412,47069,0.25772936318329365,0.8404659821066829,0.895,0.4687,0.476125,0.472625,47069
18177,0.10191354206584882,39037,-0.48176291667683774,0.8404659821066829,0.895,0.8564,0.861,0.878875,18177
18177,0.10191354206584882,39135,-0.21290829611544704,0.8404659821066829,0.895,0.5896,0.604125,0.613125,18177
19017,-0.6842766208599769,19023,-0.611197778330397,0.8404659821066829,0.895,0.4122,0.41075,0.418,19023
19017,-0.6842766208599769,19037,-0.7488030007250281,0.8404659821066829,0.895,0.413,0.411125,0.412375,19017
19017,-0.6842766208599769,19065,-0.5009935570836227,0.8404659821066829,0.895,0.4769,0.471875,0.465375,19065
19017,-0.6842766208599769,19013,-0.22153264977096115,0.8404659821066829,0.895,0.7207,0.735625,0.734875,19013
19023,-0.611197778330397,19013,-0.22153264977096115,0.8404659821066829,0.895,0.6649,0.6735,0.686125,19013
19027,-0.5331409088739787,19161,-0.6792336192614266,0.8404659821066829,0.895,0.4477,0.446375,0.443875,19027
19027,-0.5331409088739787,19009,-0.6889853702257956,0.8404659821066829,0.895,0.4558,0.454625,0.450625,19027
51730,0.479996718735049,51570,-0.03253735231412665,0.8404659821066829,0.895,0.7209,0.744625,0.74625,51730
51740,0.05777760482314221,51800,0.0767322305949178,0.8404659821066829,0.895,0.3993,0.401375,0.39725,51800
39093,-0.12943163227362076,39103,-0.3219556113548753,0.8404659821066829,0.895,0.4801,0.471375,0.46925,39093
39093,-0.12943163227362076,39005,-0.437541430755704,0.8404659821066829,0.895,0.584,0.59925,0.595875,39093
39093,-0.12943163227362076,39077,-0.18171465776191761,0.8404659821066829,0.895,0.3999,0.40775,0.401,39093
39097,0.08588478838627778,39021,-0.04650365799750118,0.8404659821066829,0.895,0.4388,0.4415,0.44275,39097
39097,0.08588478838627778,39049,0.18118132046010868,0.8404659821066829,0.895,0.4234,0.420625,0.425375,39049
39097,0.08588478838627778,39057,-0.07712741942758358,0.8404659821066829,0.895,0.4611,0.456375,0.459875,39097
39097,0.08588478838627778,39129,0.24115797420911458,0.8404659821066829,0.895,0.4523,0.45075,0.459625,39129
39101,-0.04887687954674274,39175,-0.2704101505225717,0.8404659821066829,0.895,0.5015,0.497,0.505,39101
39101,-0.04887687954674274,39033,-0.24223117934954963,0.8404659821066829,0.895,0.4791,0.493875,0.483125,39101
47067,1.0180244178913371,51169,0.6885143723599374,0.8404659821066829,0.895,0.611,0.61925,0.62425,47067
47069,0.25772936318329365,47109,0.8598689469353045,0.8404659821066829,0.895,0.848,0.8565,0.85975,47109
47069,0.25772936318329365,28003,0.6508012271691795,0.8404659821066829,0.895,0.6873,0.70475,0.716375,28003
47069,0.25772936318329365,47113,0.21113715268106426,0.8404659821066829,0.895,0.4102,0.4075,0.40325,47069
19037,-0.7488030007250281,19065,-0.5009935570836227,0.8404659821066829,0.895,0.5222,0.538125,0.531125,19065
19051,-0.5543172226751019,19179,-0.10831057786278825,0.8404659821066829,0.895,0.7013,0.705875,0.7055,19179
19055,-0.67730445761509,19061,-0.12958102323683396,0.8404659821066829,0.895,0.8148,0.818625,0.81625,19061
39103,-0.3219556113548753,39005,-0.437541430755704,0.8404659821066829,0.895,0.4361,0.434125,0.433,39103
39103,-0.3219556113548753,39153,-0.3040181428884039,0.8404659821066829,0.895,0.4006,0.405875,0.407875,39153
39107,-0.4982349990649267,39011,-0.2375579033171569,0.8404659821066829,0.895,0.5464,0.547625,0.55575,39011
39107,-0.4982349990649267,39037,-0.48176291667683774,0.8404659821066829,0.895,0.4034,0.399,0.403625,39037
39107,-0.4982349990649267,39161,-0.4709593085617031,0.8404659821066829,0.895,0.4017,0.401875,0.401125,39161
39111,-0.39516877327569994,39121,-1.283545381867353,0.8404659821066829,0.895,0.973,0.9765,0.975625,39111
39111,-0.39516877327569994,54051,-0.18952485895570192,0.8404659821066829,0.895,0.4931,0.495875,0.492625,54051
39111,-0.39516877327569994,39013,-0.4495693316297542,0.8404659821066829,0.895,0.4031,0.412,0.40925,39111
47077,0.787017600349229,47039,1.0144917029852338,0.8404659821066829,0.895,0.5004,0.51825,0.523125,47039
47077,0.787017600349229,47071,0.6767585034260404,0.8404659821066829,0.895,0.4264,0.422875,0.43025,47077
47077,0.787017600349229,47113,0.21113715268106426,0.8404659821066829,0.895,0.8404,0.85425,0.843375,47077
47077,0.787017600349229,47017,0.84968946343274,0.8404659821066829,0.895,0.4064,0.404,0.414625,47017
47083,0.8547702767402421,47161,1.0497560786264541,0.8404659821066829,0.895,0.4795,0.475125,0.4865,47161
47083,0.8547702767402421,47125,0.7789448751792721,0.8404659821066829,0.895,0.4176,0.422,0.413,47083
19061,-0.12958102323683396,19097,-0.30893913730481026,0.8404659821066829,0.895,0.4752,0.465625,0.4655,19061
19071,-0.10926861249391163,29005,-0.1327863066734651,0.8404659821066829,0.895,0.3999,0.40275,0.40725,19071
19071,-0.10926861249391163,31131,-0.1547738156325327,0.8404659821066829,0.895,0.402,0.40625,0.401,19071
53069,-0.5301638473149434,41009,0.002596467979164997,0.8404659821066829,0.895,0.799,0.81075,0.803375,41009
54009,-0.30036423858039596,54029,-0.37854430591853344,0.8404659821066829,0.895,0.4083,0.4105,0.41075,54009
54009,-0.30036423858039596,54069,-0.1396026338717135,0.8404659821066829,0.895,0.4491,0.451125,0.4585,54069
39113,-0.16506925871678926,39037,-0.48176291667683774,0.8404659821066829,0.895,0.6135,0.629875,0.614125,39113
39113,-0.16506925871678926,39057,-0.07712741942758358,0.8404659821066829,0.895,0.4134,0.42,0.41975,39057
39113,-0.16506925871678926,39135,-0.21290829611544704,0.8404659821066829,0.895,0.4104,0.408625,0.417875,39113
39121,-1.283545381867353,39059,-0.0907106114200615,0.8404659821066829,0.895,0.9971,0.998875,0.996625,39059
39121,-1.283545381867353,39119,0.08363058393547258,0.8404659821066829,0.895,0.999,0.9995,0.999625,39119
39121,-1.283545381867353,39013,-0.4495693316297542,0.8404659821066829,0.895,0.9605,0.96375,0.966,39013
39127,0.1415033125509605,39089,0.08138484079900293,0.8404659821066829,0.895,0.4174,0.408375,0.405375,39127
39127,0.1415033125509605,39119,0.08363058393547258,0.8404659821066829,0.895,0.4109,0.4095,0.414625,39127
39127,0.1415033125509605,39009,0.3070867767266297,0.8404659821066829,0.895,0.4618,0.464125,0.463625,39009
39133,-0.2592114249417709,39151,-0.5559172385077478,0.8404659821066829,0.895,0.5779,0.577875,0.598625,39133
39133,-0.2592114249417709,39153,-0.3040181428884039,0.8404659821066829,0.895,0.4047,0.401125,0.3995,39133
47087,0.8365600982958611,47027,1.006640180485057,0.8404659821066829,0.895,0.4638,0.4665,0.460125,47027
47087,0.8365600982958611,47111,1.074223358983512,0.8404659821066829,0.895,0.5148,0.51675,0.51125,47111
47099,0.7625216803844314,1077,0.6636032329982172,0.8404659821066829,0.895,0.4232,0.429125,0.43325,47099
47099,0.7625216803844314,47181,0.6412872740649799,0.8404659821066829,0.895,0.4329,0.442375,0.432625,47099
19091,-0.7274952110249165,19109,-0.7413680072194241,0.8404659821066829,0.895,0.3966,0.3995,0.400375,19091
19095,-0.558600486371563,19011,-0.4550330600367581,0.8404659821066829,0.895,0.43,0.424875,0.4165,19011
19095,-0.558600486371563,19157,-0.5562586149383043,0.8404659821066829,0.895,0.4006,0.400875,0.4,19157
19101,-0.5034428619424924,19179,-0.10831057786278825,0.8404659821066829,0.895,0.6553,0.676125,0.661875,19179
19109,-0.7413680072194241,27043,-0.673924370962007,0.8404659821066829,0.895,0.4082,0.413125,0.41225,27043
19123,-0.08581870809069658,19125,0.04858227573046496,0.8404659821066829,0.895,0.4381,0.44475,0.44675,19125
19123,-0.08581870809069658,19179,-0.10831057786278825,0.8404659821066829,0.895,0.3986,0.401375,0.40225,19123
19123,-0.08581870809069658,19157,-0.5562586149383043,0.8404659821066829,0.895,0.7425,0.7475,0.757125,19123
54051,-0.18952485895570192,54069,-0.1396026338717135,0.8404659821066829,0.895,0.4032,0.4065,0.408625,54069
54051,-0.18952485895570192,39013,-0.4495693316297542,0.8404659821066829,0.895,0.5563,0.547375,0.555875,54051
39137,-0.42744440178586784,39161,-0.4709593085617031,0.8404659821066829,0.895,0.4059,0.407875,0.4065,39137
39141,0.28766229799855253,39163,0.2081134139799206,0.8404659821066829,0.895,0.4166,0.41525,0.422125,39141
39141,0.28766229799855253,39131,0.20578280404228727,0.8404659821066829,0.895,0.4182,0.41275,0.413125,39141
39141,0.28766229799855253,39129,0.24115797420911458,0.8404659821066829,0.895,0.4034,0.409625,0.40825,39141
39143,-0.34450468069711926,39147,-0.2753004830423292,0.8404659821066829,0.895,0.4135,0.42125,0.402875,39147
39143,-0.34450468069711926,39173,-0.24526083087281103,0.8404659821066829,0.895,0.4238,0.42525,0.423875,39173
39143,-0.34450468069711926,39077,-0.18171465776191761,0.8404659821066829,0.895,0.4543,0.4715,0.460875,39077
39147,-0.2753004830423292,39173,-0.24526083087281103,0.8404659821066829,0.895,0.4024,0.402375,0.405375,39173
39147,-0.2753004830423292,39175,-0.2704101505225717,0.8404659821066829,0.895,0.4004,0.401875,0.402125,39175
39147,-0.2753004830423292,39033,-0.24223117934954963,0.8404659821066829,0.895,0.3994,0.404625,0.406875,39033
39147,-0.2753004830423292,39077,-0.18171465776191761,0.8404659821066829,0.895,0.4188,0.420875,0.422375,39077
47109,0.8598689469353045,28003,0.6508012271691795,0.8404659821066829,0.895,0.4936,0.488375,0.486875,47109
47109,0.8598689469353045,47071,0.6767585034260404,0.8404659821066829,0.895,0.4672,0.473625,0.482125,47109
19133,-0.3020976096897553,31021,0.1354760803826523,0.8404659821066829,0.895,0.709,0.740875,0.74775,31021
19133,-0.3020976096897553,19085,0.08716042612190208,0.8404659821066829,0.895,0.6633,0.68,0.672875,19085
19133,-0.3020976096897553,19193,-0.33415795707159374,0.8404659821066829,0.895,0.4066,0.404625,0.404375,19133
54055,0.24742830313204517,54089,-0.20746143409278084,0.8404659821066829,0.895,0.7444,0.75175,0.763,54055
54055,0.24742830313204517,51071,0.4029691176025482,0.8404659821066829,0.895,0.4613,0.46275,0.47425,51071
54061,-0.1838718450659089,54049,0.35942036456101795,0.8404659821066829,0.895,0.8004,0.82175,0.806375,54049
54061,-0.1838718450659089,54091,-0.1000093776728652,0.8404659821066829,0.895,0.4097,0.417625,0.4255,54091
54061,-0.1838718450659089,54077,-0.7462895838730458,0.8404659821066829,0.895,0.8386,0.84875,0.857,54061
39151,-0.5559172385077478,39157,-0.6776443060488986,0.8404659821066829,0.895,0.434,0.445125,0.435625,39151
39151,-0.5559172385077478,39075,-1.034791418152895,0.8404659821066829,0.895,0.7708,0.767125,0.7715,39151
39151,-0.5559172385077478,39153,-0.3040181428884039,0.8404659821066829,0.895,0.534,0.547875,0.54775,39153
39157,-0.6776443060488986,39059,-0.0907106114200615,0.8404659821066829,0.895,0.8511,0.85,0.851625,39059
39157,-0.6776443060488986,39067,-0.13120879129508878,0.8404659821066829,0.895,0.8096,0.80225,0.819,39067
39157,-0.6776443060488986,39075,-1.034791418152895,0.8404659821066829,0.895,0.6319,0.634625,0.633125,39157
40001,0.35708908506255477,40021,0.35441243019715674,0.8404659821066829,0.895,0.3988,0.404,0.396375,40001
40001,0.35708908506255477,40041,0.1239023749494349,0.8404659821066829,0.895,0.5218,0.518375,0.52525,40001
40001,0.35708908506255477,5033,0.21952574765879868,0.8404659821066829,0.895,0.4477,0.445625,0.4565,40001
40105,0.12283239714926228,40131,0.16118802393248433,0.8404659821066829,0.895,0.4039,0.402,0.40625,40131
40105,0.12283239714926228,40147,0.015177362090316126,0.8404659821066829,0.895,0.4256,0.423,0.42375,40105
40105,0.12283239714926228,40035,0.3619714571248291,0.8404659821066829,0.895,0.5211,0.52425,0.525,40035
40107,0.354618531232542,40081,0.11394737108016538,0.8404659821066829,0.895,0.5352,0.534875,0.523125,40107
40107,0.354618531232542,40091,0.35097427763384326,0.8404659821066829,0.895,0.3991,0.397375,0.392125,40107
40107,0.354618531232542,40037,0.4253224801644222,0.8404659821066829,0.895,0.4033,0.41225,0.419375,40037
40107,0.354618531232542,40111,0.3738614231147172,0.8404659821066829,0.895,0.3961,0.4075,0.40725,40111
40115,0.6205023789803601,20021,0.5027048654916026,0.8404659821066829,0.895,0.4298,0.427625,0.42675,40115
40115,0.6205023789803601,40041,0.1239023749494349,0.8404659821066829,0.895,0.7821,0.760375,0.768125,40115
40115,0.6205023789803601,40035,0.3619714571248291,0.8404659821066829,0.895,0.5376,0.541875,0.5435,40115
19149,-0.5702873848895191,19193,-0.33415795707159374,0.8404659821066829,0.895,0.5123,0.502375,0.5115,19193
19165,-0.7036177756743991,19085,0.08716042612190208,0.8404659821066829,0.895,0.9432,0.9485,0.94975,19085
19165,-0.7036177756743991,19155,0.028122800312115327,0.8404659821066829,0.895,0.9298,0.937375,0.9345,19155
19165,-0.7036177756743991,19009,-0.6889853702257956,0.8404659821066829,0.895,0.4036,0.40075,0.4005,19009
19195,-0.7401050326600171,27099,-0.6953803228590524,0.8404659821066829,0.895,0.4029,0.40225,0.409375,27099
19195,-0.7401050326600171,27047,-0.7629644798746904,0.8404659821066829,0.895,0.4072,0.40375,0.4025,19195
54079,0.2654376516302309,54035,0.052267090463046645,0.8404659821066829,0.895,0.4963,0.51875,0.51625,54079
54089,-0.20746143409278084,51071,0.4029691176025482,0.8404659821066829,0.895,0.8613,0.88325,0.892625,51071
40005,0.3189493359344001,40121,0.5773586891674442,0.8404659821066829,0.895,0.5406,0.5345,0.535,40121
40005,0.3189493359344001,40127,0.8442122498570575,0.8404659821066829,0.895,0.7949,0.7985,0.802875,40127
40005,0.3189493359344001,40069,0.6491747533554487,0.8404659821066829,0.895,0.6171,0.6295,0.641,40069
40005,0.3189493359344001,40029,0.5076235694512294,0.8404659821066829,0.895,0.4716,0.476875,0.477875,40029
40015,0.3648429370908348,40031,0.2901338091773897,0.8404659821066829,0.895,0.4181,0.416625,0.41825,40015
40015,0.3648429370908348,40017,0.10237561243930865,0.8404659821066829,0.895,0.5493,0.562875,0.55775,40015
40015,0.3648429370908348,40039,0.5319474150826023,0.8404659821066829,0.895,0.4671,0.470375,0.47675,40039
40015,0.3648429370908348,40149,0.1959850472047286,0.8404659821066829,0.895,0.4607,0.460125,0.459375,40015
40021,0.35441243019715674,40041,0.1239023749494349,0.8404659821066829,0.895,0.5225,0.515625,0.517125,40021
40121,0.5773586891674442,40127,0.8442122498570575,0.8404659821066829,0.895,0.554,0.558375,0.565375,40127
40121,0.5773586891674442,40091,0.35097427763384326,0.8404659821066829,0.895,0.5084,0.504125,0.501875,40121
40121,0.5773586891674442,40061,0.4155965538529832,0.8404659821066829,0.895,0.4577,0.463,0.464375,40121
40121,0.5773586891674442,40077,0.4485472487854271,0.8404659821066829,0.895,0.44,0.4425,0.441875,40121
40121,0.5773586891674442,40029,0.5076235694512294,0.8404659821066829,0.895,0.4071,0.410875,0.410375,40121
40127,0.8442122498570575,40077,0.4485472487854271,0.8404659821066829,0.895,0.6589,0.66775,0.674875,40127
20011,0.03741627253149603,20037,0.2739650424726745,0.8404659821066829,0.895,0.5273,0.52925,0.526125,20037
20021,0.5027048654916026,20037,0.2739650424726745,0.8404659821066829,0.895,0.5171,0.522875,0.5305,20021
20021,0.5027048654916026,40035,0.3619714571248291,0.8404659821066829,0.895,0.4451,0.455,0.452,20021
20029,-0.40675170723899984,20143,-0.14134910834400843,0.8404659821066829,0.895,0.5425,0.54125,0.555875,20143
20037,0.2739650424726745,29011,-0.1717472145591778,0.8404659821066829,0.895,0.7228,0.7395,0.7255,20037
54105,0.29902984758039364,54035,0.052267090463046645,0.8404659821066829,0.895,0.526,0.53725,0.529625,54105
55005,-0.42498329575475124,55017,-0.5382270840495476,0.8404659821066829,0.895,0.4272,0.433625,0.438125,55005
55005,-0.42498329575475124,55095,-0.28291924147023173,0.8404659821066829,0.895,0.4397,0.437125,0.440375,55095
40025,0.14600512526208936,40139,-0.056436227066780774,0.8404659821066829,0.895,0.4949,0.493875,0.50675,40025
40031,0.2901338091773897,40137,0.395355052206655,0.8404659821066829,0.895,0.4266,0.425125,0.42525,40137
40041,0.1239023749494349,40035,0.3619714571248291,0.8404659821066829,0.895,0.5305,0.52275,0.5285,40035
40131,0.16118802393248433,40147,0.015177362090316126,0.8404659821066829,0.895,0.445,0.44175,0.4525,40131
40131,0.16118802393248433,40035,0.3619714571248291,0.8404659821066829,0.895,0.4942,0.498,0.496,40035
20039,-0.4318877219754395,31145,-0.10310153953116571,0.8404659821066829,0.895,0.607,0.62,0.61925,31145
20049,0.665034295070372,20035,0.1127098113998356,0.8404659821066829,0.895,0.821,0.8275,0.82975,20049
20051,-0.20419776219869862,20195,-0.4515960440298588,0.8404659821066829,0.895,0.526,0.52625,0.53675,20051
20059,0.03027558495473624,20031,0.40339524376081337,0.8404659821066829,0.895,0.6554,0.651375,0.6415,20031
20059,0.03027558495473624,20121,-0.16367223304737893,0.8404659821066829,0.895,0.4702,0.48775,0.489875,20059
20059,0.03027558495473624,20003,-0.10720379488864491,0.8404659821066829,0.895,0.4367,0.436,0.447125,20059
35053,-1.1661975081910492,35003,-1.4394621658331619,0.8404659821066829,0.895,0.5578,0.562875,0.555125,35053
35053,-1.1661975081910492,35006,-1.4537429640441328,0.8404659821066829,0.895,0.5818,0.580875,0.590875,35053
35053,-1.1661975081910492,35027,-1.1030169556562541,0.8404659821066829,0.895,0.4088,0.41025,0.4185,35027
36007,-0.25508677079441877,36107,0.04510830886556006,0.8404659821066829,0.895,0.5844,0.577,0.57925,36107
36007,-0.25508677079441877,36023,0.09520103985700029,0.8404659821066829,0.895,0.6384,0.64025,0.649125,36023
38063,-0.22403793926421067,38091,-0.7336662873334774,0.8404659821066829,0.895,0.7963,0.802125,0.785125,38063
21087,0.1592552805536304,21001,0.37010624442505097,0.8404659821066829,0.895,0.4947,0.48275,0.477375,21001
21087,0.1592552805536304,21169,0.7798249597629224,0.8404659821066829,0.895,0.8619,0.858375,0.857375,21169
55015,-0.39608520922394236,55087,-0.42872240810710943,0.8404659821066829,0.895,0.4019,0.402875,0.406125,55015
55015,-0.39608520922394236,55071,-0.6303409346925571,0.8404659821066829,0.895,0.5116,0.50675,0.52125,55015
55015,-0.39608520922394236,55117,-0.46658540840195967,0.8404659821066829,0.895,0.4109,0.410625,0.41425,55015
55015,-0.39608520922394236,55039,-0.35291777169435457,0.8404659821066829,0.895,0.4083,0.4025,0.39875,55039
55019,-0.8055154590881696,55035,-0.4040811693896564,0.8404659821066829,0.895,0.6884,0.685125,0.676125,55035
55019,-0.8055154590881696,55141,-0.5451741360478651,0.8404659821066829,0.895,0.5449,0.540125,0.52775,55141
55019,-0.8055154590881696,55017,-0.5382270840495476,0.8404659821066829,0.895,0.5501,0.54825,0.542875,55017
55019,-0.8055154590881696,55073,-0.6058533733974012,0.8404659821066829,0.895,0.4953,0.5,0.48325,55073
6049,-0.5777968709232922,6035,-0.8683527875352298,0.8404659821066829,0.895,0.5657,0.5885,0.58175,6049
6049,-0.5777968709232922,41037,-0.713059397945544,0.8404659821066829,0.895,0.4391,0.439125,0.448875,6049
6111,-0.37974166724995734,6029,-0.47691307144666345,0.8404659821066829,0.895,0.4191,0.4205,0.428125,6111
8011,-0.977666279268136,8089,-1.1581293542293343,0.8404659821066829,0.895,0.4755,0.464875,0.465,8011
8014,-0.5955554205708953,8123,-0.6560468822307169,0.8404659821066829,0.895,0.4065,0.40275,0.404375,8014
13321,0.018138841506759876,13177,0.41897276743801576,0.8404659821066829,0.895,0.6755,0.684625,0.688875,13177
13321,0.018138841506759876,13081,-0.070539363429582,0.8404659821066829,0.895,0.4169,0.4175,0.4135,13321
16009,-0.13001635696944558,53063,-0.1952342096827739,0.8404659821066829,0.895,0.407,0.39975,0.41525,16009
16009,-0.13001635696944558,16055,-0.3100599881691794,0.8404659821066829,0.895,0.4667,0.47275,0.475875,16009
16009,-0.13001635696944558,16057,-0.34765939455076744,0.8404659821066829,0.895,0.5025,0.507125,0.50325,16009
16063,-0.6238907168737946,16053,-0.5590379930896107,0.8404659821066829,0.895,0.4081,0.41275,0.41325,16053
16063,-0.6238907168737946,16047,-0.3981916669920047,0.8404659821066829,0.895,0.5099,0.50925,0.5,16047
38081,-0.49368496574962584,46109,-0.519102336217359,0.8404659821066829,0.895,0.3988,0.40375,0.3985,38081
38081,-0.49368496574962584,38021,-0.7018064336125208,0.8404659821066829,0.895,0.4981,0.4985,0.503125,38081
40069,0.6491747533554487,40123,0.5934454987323041,0.8404659821066829,0.895,0.4039,0.416625,0.40825,40069
40069,0.6491747533554487,40029,0.5076235694512294,0.8404659821066829,0.895,0.4502,0.44975,0.4635,40069
40069,0.6491747533554487,40099,0.6970292779849395,0.8404659821066829,0.895,0.4035,0.400625,0.402625,40099
40071,0.2296995136275017,40047,-0.02547080971178364,0.8404659821066829,0.895,0.5404,0.536625,0.533,40071
40071,0.2296995136275017,20035,0.1127098113998356,0.8404659821066829,0.895,0.4308,0.4335,0.435375,40071
55021,-0.07955688660642823,55025,-0.22446621082090232,0.8404659821066829,0.895,0.4544,0.46375,0.4515,55021
55021,-0.07955688660642823,55027,-0.41107311939561353,0.8404659821066829,0.895,0.6244,0.637,0.64225,55021
55021,-0.07955688660642823,55077,0.13601238256432824,0.8404659821066829,0.895,0.499,0.49525,0.49425,55077
55025,-0.22446621082090232,55045,-0.49072361013015825,0.8404659821066829,0.895,0.5532,0.559,0.551,55025
55025,-0.22446621082090232,55049,-0.49530233396643314,0.8404659821066829,0.895,0.5582,0.559125,0.56775,55025
55025,-0.22446621082090232,55055,-0.27223535619037964,0.8404659821066829,0.895,0.402,0.41025,0.4065,55025
55025,-0.22446621082090232,55027,-0.41107311939561353,0.8404659821066829,0.895,0.4867,0.481625,0.49225,55025
8075,-0.8958439837999121,8121,-0.9313903623476942,0.8404659821066829,0.895,0.4045,0.398,0.399625,8075
8075,-0.8958439837999121,31105,-0.369379804723504,0.8404659821066829,0.895,0.8025,0.80975,0.817,31105
8075,-0.8958439837999121,31033,-0.499970491900356,0.8404659821066829,0.895,0.6933,0.72925,0.718875,31033
8075,-0.8958439837999121,8123,-0.6560468822307169,0.8404659821066829,0.895,0.5293,0.5375,0.547375,8123
8075,-0.8958439837999121,8125,-0.48789744685806746,0.8404659821066829,0.895,0.7086,0.73675,0.73525,8125
8089,-1.1581293542293343,8101,-1.0269722214081873,0.8404659821066829,0.895,0.4392,0.4355,0.428625,8101
16019,-0.8419615550339428,16051,-0.8945280191595337,0.8404659821066829,0.895,0.4091,0.406875,0.403125,16019
16019,-0.8419615550339428,56023,-0.8198140368118904,0.8404659821066829,0.895,0.4009,0.40325,0.398875,56023
16053,-0.5590379930896107,16047,-0.3981916669920047,0.8404659821066829,0.895,0.4488,0.44825,0.448625,16047
40081,0.11394737108016538,40083,-0.03930638590174777,0.8404659821066829,0.895,0.4513,0.452125,0.45325,40081
40081,0.11394737108016538,40037,0.4253224801644222,0.8404659821066829,0.895,0.5911,0.600375,0.60025,40037
40081,0.11394737108016538,40109,0.12332096587021206,0.8404659821066829,0.895,0.3986,0.401625,0.40175,40109
40083,-0.03930638590174777,40047,-0.02547080971178364,0.8404659821066829,0.895,0.4012,0.39925,0.39575,40047
40083,-0.03930638590174777,40109,0.12332096587021206,0.8404659821066829,0.895,0.4587,0.46475,0.466125,40109
55035,-0.4040811693896564,55091,-0.5464749827820317,0.8404659821066829,0.895,0.4442,0.449875,0.447,55035
55035,-0.4040811693896564,55017,-0.5382270840495476,0.8404659821066829,0.895,0.4459,0.444875,0.44425,55035
55045,-0.49072361013015825,55049,-0.49530233396643314,0.8404659821066829,0.895,0.3954,0.39675,0.39975,55045
55045,-0.49072361013015825,55065,-0.43051890407849985,0.8404659821066829,0.895,0.4105,0.411875,0.404375,55065
55078,0.0737071352112239,55083,-0.31733830108099176,0.8404659821066829,0.895,0.6508,0.630375,0.6435,55078
8121,-0.9313903623476942,8063,-0.7900850224506084,0.8404659821066829,0.895,0.449,0.45125,0.463125,8063
8121,-0.9313903623476942,8125,-0.48789744685806746,0.8404659821066829,0.895,0.7369,0.748375,0.756,8125
9003,-0.1623394463807303,9005,-0.1659394700018942,0.8404659821066829,0.895,0.3939,0.40575,0.4035,9003
17005,-0.04134917778445521,17135,0.2420281943821326,0.8404659821066829,0.895,0.5559,0.553125,0.550875,17135
40091,0.35097427763384326,40061,0.4155965538529832,0.8404659821066829,0.895,0.4058,0.401375,0.399625,40061
40091,0.35097427763384326,40111,0.3738614231147172,0.8404659821066829,0.895,0.3998,0.403875,0.4045,40111
40093,-0.269460172310701,40047,-0.02547080971178364,0.8404659821066829,0.895,0.5311,0.539,0.541125,40047
55049,-0.49530233396643314,55065,-0.43051890407849985,0.8404659821066829,0.895,0.4134,0.41475,0.41325,55065
55049,-0.49530233396643314,55103,-0.6692280903068296,0.8404659821066829,0.895,0.4619,0.470375,0.460125,55049
55055,-0.27223535619037964,55133,-0.24320518258786547,0.8404659821066829,0.895,0.408,0.4115,0.397375,55133
55055,-0.27223535619037964,55027,-0.41107311939561353,0.8404659821066829,0.895,0.4394,0.45175,0.448375,55055
55055,-0.27223535619037964,55127,-0.07360632430789005,0.8404659821066829,0.895,0.4901,0.503625,0.495375,55127
12011,-0.1943697286827901,12021,-0.3662474011446034,0.8404659821066829,0.895,0.4572,0.455625,0.453,12011
12011,-0.1943697286827901,12099,-0.22330923078951528,0.8404659821066829,0.895,0.4007,0.391,0.399,12011
17013,-0.028047135154471152,17061,-0.026528286672736705,0.8404659821066829,0.895,0.401,0.401,0.39925,17061
17025,0.12775671410520828,17159,0.1467720553202094,0.8404659821066829,0.895,0.4017,0.407125,0.4015,17159
38089,-1.0344820477677792,38007,-1.302635801032589,0.8404659821066829,0.895,0.5489,0.558625,0.55825,38089
38089,-1.0344820477677792,38041,-0.8727694927475015,0.8404659821066829,0.895,0.4575,0.461875,0.460875,38041
38093,-0.6490199536280524,38031,-0.6758596583981918,0.8404659821066829,0.895,0.4047,0.40425,0.40225,38093
38093,-0.6490199536280524,38047,-1.0522479536611886,0.8404659821066829,0.895,0.6844,0.69875,0.693875,38093
39005,-0.437541430755704,39075,-1.034791418152895,0.8404659821066829,0.895,0.859,0.861,0.868125,39005
39005,-0.437541430755704,39077,-0.18171465776191761,0.8404659821066829,0.895,0.543,0.551625,0.5485,39077
39011,-0.2375579033171569,39091,0.09788382933401309,0.8404659821066829,0.895,0.6111,0.62025,0.615125,39091
39011,-0.2375579033171569,39161,-0.4709593085617031,0.8404659821066829,0.895,0.5182,0.53725,0.530875,39011
55059,0.09779867134436405,55101,-0.17227605458779216,0.8404659821066829,0.895,0.5244,0.538125,0.54275,55059
55059,0.09779867134436405,55127,-0.07360632430789005,0.8404659821066829,0.895,0.4638,0.456125,0.46775,55059
55063,-0.36436386012901,55123,-0.569353508408699,0.8404659821066829,0.895,0.493,0.5005,0.4985,55063
55063,-0.36436386012901,27169,-0.4133909222899871,0.8404659821066829,0.895,0.4103,0.405375,0.408625,55063
55063,-0.36436386012901,55081,-0.28242617375806817,0.8404659821066829,0.895,0.4204,0.41175,0.412,55081
17035,0.25549802070477945,17173,0.05086608988093293,0.8404659821066829,0.895,0.4928,0.49925,0.501625,17035
17045,0.08777927763410968,18165,0.530258308676866,0.8404659821066829,0.895,0.7176,0.731875,0.71775,18165
17057,0.15712051120015436,17143,0.21635459910263985,0.8404659821066829,0.895,0.4083,0.41025,0.40875,17143
17057,0.15712051120015436,17169,0.12773162345409036,0.8404659821066829,0.895,0.4001,0.399,0.400875,17057
17057,0.15712051120015436,17179,0.26691781631470934,0.8404659821066829,0.895,0.4316,0.438,0.4285,17179
39015,0.6444385685746457,39027,0.23270208172251064,0.8404659821066829,0.895,0.6953,0.690625,0.69475,39015
39021,-0.04650365799750118,39091,0.09788382933401309,0.8404659821066829,0.895,0.4468,0.4385,0.45725,39091
39037,-0.48176291667683774,39135,-0.21290829611544704,0.8404659821066829,0.895,0.5438,0.557125,0.54725,39135
55091,-0.5464749827820317,27157,-0.3852259285514492,0.8404659821066829,0.895,0.4534,0.466375,0.463375,27157
55091,-0.5464749827820317,27049,-0.5019497826090545,0.8404659821066829,0.895,0.4042,0.404,0.402375,27049
55091,-0.5464749827820317,55093,-0.53340980445357,0.8404659821066829,0.895,0.4054,0.398375,0.396875,55093
12061,-0.06699050597750329,12111,-0.12844231355814986,0.8404659821066829,0.895,0.4065,0.406125,0.405875,12061
17087,0.41559888782163473,17127,0.46194451295424915,0.8404659821066829,0.895,0.3939,0.409,0.402625,17127
17087,0.41559888782163473,17199,0.8446717358981533,0.8404659821066829,0.895,0.6947,0.719875,0.7225,17199
17113,0.2154015040006392,17179,0.26691781631470934,0.8404659821066829,0.895,0.4049,0.40675,0.41025,17179
17113,0.2154015040006392,17053,0.0497985754629687,0.8404659821066829,0.895,0.4661,0.473,0.467625,17113
17113,0.2154015040006392,17019,0.09749061031152753,0.8404659821066829,0.895,0.437,0.4465,0.434625,17113
17113,0.2154015040006392,17105,-0.0725428477415313,0.8404659821066829,0.895,0.5799,0.598,0.593375,17113
39049,0.18118132046010868,39089,0.08138484079900293,0.8404659821066829,0.895,0.4232,0.416875,0.4325,39049
39049,0.18118132046010868,39129,0.24115797420911458,0.8404659821066829,0.895,0.4031,0.400125,0.40775,39129
39057,-0.07712741942758358,39027,0.23270208172251064,0.8404659821066829,0.895,0.5899,0.592375,0.591125,39027
39059,-0.0907106114200615,39067,-0.13120879129508878,0.8404659821066829,0.895,0.3976,0.40425,0.399125,39059
39059,-0.0907106114200615,39119,0.08363058393547258,0.8404659821066829,0.895,0.4706,0.461,0.471625,39119
39059,-0.0907106114200615,39013,-0.4495693316297542,0.8404659821066829,0.895,0.6481,0.6655,0.658625,39059
55097,-0.4445669815270146,55141,-0.5451741360478651,0.8404659821066829,0.895,0.4206,0.43075,0.431875,55097
55097,-0.4445669815270146,55137,-0.23958437620382012,0.8404659821066829,0.895,0.4827,0.491125,0.490625,55137
55097,-0.4445669815270146,55073,-0.6058533733974012,0.8404659821066829,0.895,0.4603,0.455875,0.467,55097
55101,-0.17227605458779216,55133,-0.24320518258786547,0.8404659821066829,0.895,0.4114,0.4095,0.412875,55101
55101,-0.17227605458779216,55079,-0.3290838800866678,0.8404659821066829,0.895,0.4482,0.4385,0.448375,55101
55101,-0.17227605458779216,55127,-0.07360632430789005,0.8404659821066829,0.895,0.4175,0.432375,0.431375,55127
55123,-0.569353508408699,55081,-0.28242617375806817,0.8404659821066829,0.895,0.5652,0.56375,0.56675,55081
55123,-0.569353508408699,55103,-0.6692280903068296,0.8404659821066829,0.895,0.423,0.430875,0.419875,55123
12085,-0.1540065439151017,12111,-0.12844231355814986,0.8404659821066829,0.895,0.4006,0.396375,0.395625,12111
12085,-0.1540065439151017,12099,-0.22330923078951528,0.8404659821066829,0.895,0.4082,0.400125,0.408375,12085
12091,0.4909138519470849,1053,0.2933789511342414,0.8404659821066829,0.895,0.4702,0.500625,0.48975,12091
17127,0.46194451295424915,21145,0.42746746367054567,0.8404659821066829,0.895,0.4064,0.407625,0.398125,17127
17135,0.2420281943821326,17167,0.2332409510429101,0.8404659821066829,0.895,0.4023,0.401875,0.392125,17135
17135,0.2420281943821326,17173,0.05086608988093293,0.8404659821066829,0.895,0.4895,0.48575,0.47675,17135
17143,0.21635459910263985,17179,0.26691781631470934,0.8404659821066829,0.895,0.4049,0.40125,0.41075,17179
39067,-0.13120879129508878,39013,-0.4495693316297542,0.8404659821066829,0.895,0.5941,0.602375,0.60325,39067
39089,0.08138484079900293,39119,0.08363058393547258,0.8404659821066829,0.895,0.3997,0.402875,0.4015,39119
55131,-0.4025310017978344,55133,-0.24320518258786547,0.8404659821066829,0.895,0.4529,0.4555,0.464625,55133
55131,-0.4025310017978344,55027,-0.41107311939561353,0.8404659821066829,0.895,0.3986,0.397625,0.402375,55131
55131,-0.4025310017978344,55117,-0.46658540840195967,0.8404659821066829,0.895,0.4062,0.4095,0.412875,55131
55131,-0.4025310017978344,55039,-0.35291777169435457,0.8404659821066829,0.895,0.4063,0.40825,0.40475,55039
55133,-0.24320518258786547,55027,-0.41107311939561353,0.8404659821066829,0.895,0.4649,0.47125,0.46625,55133
55133,-0.24320518258786547,55079,-0.3290838800866678,0.8404659821066829,0.895,0.4159,0.421125,0.41675,55133
55133,-0.24320518258786547,55127,-0.07360632430789005,0.8404659821066829,0.895,0.4696,0.48025,0.480625,55127
55141,-0.5451741360478651,55073,-0.6058533733974012,0.8404659821066829,0.895,0.415,0.407625,0.403875,55141
56009,-0.15062391487352894,56019,-0.09656625529943402,0.8404659821066829,0.895,0.4004,0.4085,0.411625,56019
56009,-0.15062391487352894,56031,-0.41618663181474713,0.8404659821066829,0.895,0.5444,0.5525,0.547875,56009
56009,-0.15062391487352894,56005,0.06859163310666272,0.8404659821066829,0.895,0.5124,0.51475,0.521625,56005
56009,-0.15062391487352894,56007,-0.4047153307112587,0.8404659821066829,0.895,0.5524,0.556625,0.552125,56009
56009,-0.15062391487352894,56001,-0.3577093298872133,0.8404659821066829,0.895,0.5,0.497,0.493125,56009
13005,1.2807687623789872,13161,1.162965157353655,0.8404659821066829,0.895,0.4355,0.431125,0.429375,13005
13045,0.4685160642492034,1111,-0.0854080019713239,0.8404659821066829,0.895,0.839,0.858375,0.85825,13045
17145,-0.022852790820351274,17157,-0.31093769812293115,0.8404659821066829,0.895,0.5752,0.57275,0.570375,17145
39105,0.24487180256570618,39163,0.2081134139799206,0.8404659821066829,0.895,0.3987,0.39375,0.40575,39105
39105,0.24487180256570618,54035,0.052267090463046645,0.8404659821066829,0.895,0.4853,0.4915,0.490375,39105
39105,0.24487180256570618,39009,0.3070867767266297,0.8404659821066829,0.895,0.4097,0.406,0.417,39009
56019,-0.09656625529943402,56005,0.06859163310666272,0.8404659821066829,0.895,0.4633,0.469625,0.466375,56005
56019,-0.09656625529943402,56043,-0.4223427934289818,0.8404659821066829,0.895,0.6085,0.611375,0.604625,56019
56031,-0.41618663181474713,56021,-0.4620076737016836,0.8404659821066829,0.895,0.403,0.401,0.41175,56031
56031,-0.41618663181474713,56015,-0.5921080067498526,0.8404659821066829,0.895,0.4694,0.462125,0.4565,56031
56031,-0.41618663181474713,56001,-0.3577093298872133,0.8404659821066829,0.895,0.405,0.40325,0.4095,56001
13061,-0.0022060809722156895,13243,0.008160820136117857,0.8404659821066829,0.895,0.4069,0.39525,0.40375,13243
13083,1.1321672073117806,47115,0.859499740491843,0.8404659821066829,0.895,0.5475,0.59075,0.5625,13083
13091,0.31310032371638824,13175,0.00633149480021078,0.8404659821066829,0.895,0.5894,0.604,0.592875,13091
17159,0.1467720553202094,17033,0.1495592969421307,0.8404659821066829,0.895,0.3996,0.402875,0.40225,17033
17159,0.1467720553202094,17101,-0.039224596052376534,0.8404659821066829,0.895,0.4737,0.4765,0.477375,17159
17167,0.2332409510429101,17137,-0.004499328574134403,0.8404659821066829,0.895,0.5376,0.541125,0.54425,17167
39145,0.46492466584054365,39087,0.46195159649360323,0.8404659821066829,0.895,0.3955,0.40025,0.401,39145
39145,0.46492466584054365,39131,0.20578280404228727,0.8404659821066829,0.895,0.5415,0.5275,0.517375,39145
39163,0.2081134139799206,39009,0.3070867767266297,0.8404659821066829,0.895,0.4232,0.42925,0.43325,39009
1019,0.7192676107279325,13115,0.6521599874991006,0.8404659821066829,0.895,0.4117,0.411375,0.411125,1019
1019,0.7192676107279325,1015,0.7895180628265788,0.8404659821066829,0.895,0.4097,0.405125,0.4135,1015
1057,0.6204165421362646,1127,1.133878737846763,0.8404659821066829,0.895,0.7886,0.78375,0.794375,1127
1081,0.5135671384122219,1017,0.5061725303252133,0.8404659821066829,0.895,0.3985,0.402375,0.40175,1081
1081,0.5135671384122219,1123,0.15850749670970107,0.8404659821066829,0.895,0.6447,0.663625,0.669625,1081
1081,0.5135671384122219,13145,0.13408122563225197,0.8404659821066829,0.895,0.6547,0.669375,0.66675,1081
13093,-0.6555471959901759,13081,-0.070539363429582,0.8404659821066829,0.895,0.843,0.849,0.857625,13081
13101,0.5976205116878145,13065,1.2729146960558797,0.8404659821066829,0.895,0.8927,0.89875,0.889,13065
13101,0.5976205116878145,13173,0.7506814829303452,0.8404659821066829,0.895,0.4503,0.441875,0.437875,13173
17169,0.12773162345409036,17001,-0.12502767920940713,0.8404659821066829,0.895,0.5384,0.54425,0.5355,17169
39175,-0.2704101505225717,39033,-0.24223117934954963,0.8404659821066829,0.895,0.3954,0.402375,0.403875,39033
40007,-0.1323832085432157,40139,-0.056436227066780774,0.8404659821066829,0.895,0.4226,0.405,0.4155,40139
40007,-0.1323832085432157,48295,0.4073845274328053,0.8404659821066829,0.895,0.8126,0.84,0.842375,48295
40007,-0.1323832085432157,20119,-0.17808641084166524,0.8404659821066829,0.895,0.4066,0.405375,0.407125,40007
40007,-0.1323832085432157,48357,0.18446396496117395,0.8404659821066829,0.895,0.5937,0.61925,0.621875,48357
1111,-0.0854080019713239,1017,0.5061725303252133,0.8404659821066829,0.895,0.8405,0.842625,0.849375,1017
1111,-0.0854080019713239,1123,0.15850749670970107,0.8404659821066829,0.895,0.5387,0.528375,0.532125,1123
13115,0.6521599874991006,13129,0.9242374959401324,0.8404659821066829,0.895,0.5503,0.560125,0.565125,13129
31061,-0.36689942695211564,31083,-0.4708966524139384,0.8404659821066829,0.895,0.4218,0.4235,0.433625,31061
31061,-0.36689942695211564,31181,-0.28247106421474716,0.8404659821066829,0.895,0.4165,0.41875,0.4115,31181
31063,-0.4295168925977321,31073,-0.6449497259474568,0.8404659821066829,0.895,0.4977,0.505125,0.51925,31063
31063,-0.4295168925977321,31145,-0.10310153953116571,0.8404659821066829,0.895,0.5979,0.613,0.615625,31145
31063,-0.4295168925977321,31111,-0.18647766766306173,0.8404659821066829,0.895,0.5387,0.526125,0.52875,31111
40017,0.10237561243930865,40109,0.12332096587021206,0.8404659821066829,0.895,0.4008,0.4065,0.3965,40109
40037,0.4253224801644222,40111,0.3738614231147172,0.8404659821066829,0.895,0.406,0.40775,0.40775,40037
13167,-0.09693285581545556,13175,0.00633149480021078,0.8404659821066829,0.895,0.4173,0.425625,0.4365,13175
31093,-0.4150840932631957,31121,-0.3174888378304231,0.8404659821066829,0.895,0.4194,0.411625,0.4195,31121
31105,-0.369379804723504,31007,-0.6318013055924885,0.8404659821066829,0.895,0.5367,0.539625,0.55125,31105
31105,-0.369379804723504,31033,-0.499970491900356,0.8404659821066829,0.895,0.4422,0.437,0.43575,31105
31105,-0.369379804723504,56021,-0.4620076737016836,0.8404659821066829,0.895,0.4242,0.41775,0.4175,31105
31105,-0.369379804723504,8123,-0.6560468822307169,0.8404659821066829,0.895,0.57,0.567875,0.584,31105
31121,-0.3174888378304231,31141,-0.39973533214816115,0.8404659821066829,0.895,0.4082,0.415375,0.413375,31121
40039,0.5319474150826023,40149,0.1959850472047286,0.8404659821066829,0.895,0.5942,0.607625,0.623875,40039
40061,0.4155965538529832,40077,0.4485472487854271,0.8404659821066829,0.895,0.4009,0.401,0.403875,40077
5031,0.17589891278960057,5111,1.055128525085649,0.8404659821066829,0.895,0.9648,0.969,0.970875,5111
13177,0.41897276743801576,13273,0.31290327519673367,0.8404659821066829,0.895,0.4251,0.43425,0.426875,13177
13177,0.41897276743801576,13081,-0.070539363429582,0.8404659821066829,0.895,0.7548,0.76625,0.77575,13177
31123,-0.36841644737028584,31161,-0.5849565766879998,0.8404659821066829,0.895,0.5041,0.51075,0.511125,31123
31123,-0.36841644737028584,31007,-0.6318013055924885,0.8404659821066829,0.895,0.5453,0.5515,0.555625,31123
31123,-0.36841644737028584,31033,-0.499970491900356,0.8404659821066829,0.895,0.4465,0.43725,0.4365,31123
31123,-0.36841644737028584,31069,-0.3673315660282381,0.8404659821066829,0.895,0.4014,0.4005,0.401375,31069
31161,-0.5849565766879998,31069,-0.3673315660282381,0.8404659821066829,0.895,0.502,0.516875,0.534625,31069
20181,-0.7110018060522961,20109,-0.49414122094719587,0.8404659821066829,0.895,0.5053,0.498625,0.505375,20109
20181,-0.7110018060522961,8063,-0.7900850224506084,0.8404659821066829,0.895,0.4074,0.418875,0.423125,20181
20185,-0.032566279948017356,20159,0.13252417119033946,0.8404659821066829,0.895,0.46,0.446875,0.458125,20159
20195,-0.4515960440298588,20063,-0.5433396382467405,0.8404659821066829,0.895,0.4178,0.424375,0.417375,20195
5049,-0.008709085760583681,5135,-0.006378347021622772,0.8404659821066829,0.895,0.407,0.396875,0.392375,5135
5089,0.2962998602908356,5129,0.41908957924007273,0.8404659821066829,0.895,0.4326,0.434125,0.432875,5129
13197,-0.1955424171163471,13259,0.001991475534653399,0.8404659821066829,0.895,0.4923,0.493875,0.490875,13259
13197,-0.1955424171163471,13053,0.9252837086538765,0.8404659821066829,0.895,0.9946,0.997375,0.996,13053
32021,-0.24051855507644013,32023,-0.034152502036470515,0.8404659821066829,0.895,0.4938,0.503375,0.5095,32023
20197,0.0990436342899526,20177,0.13107398409784504,0.8404659821066829,0.895,0.4117,0.403125,0.39525,20177
21001,0.37010624442505097,21057,0.4879331220814993,0.8404659821066829,0.895,0.4268,0.434125,0.4295,21057
21001,0.37010624442505097,21169,0.7798249597629224,0.8404659821066829,0.895,0.6959,0.701375,0.69175,21169
5115,0.5049827193780939,5129,0.41908957924007273,0.8404659821066829,0.895,0.4135,0.41925,0.42825,5115
5115,0.5049827193780939,5141,-0.09859235286720432,0.8404659821066829,0.895,0.8585,0.88175,0.875375,5115
5115,0.5049827193780939,5071,0.42375361299171616,0.8404659821066829,0.895,0.4145,0.41075,0.41325,5115
5129,0.41908957924007273,5141,-0.09859235286720432,0.8404659821066829,0.895,0.7943,0.81575,0.801875,5129
13207,0.008376773557630104,13169,0.051527773361959774,0.8404659821066829,0.895,0.4091,0.407375,0.412,13169
13243,0.008160820136117857,13259,0.001991475534653399,0.8404659821066829,0.895,0.3997,0.395375,0.398,13243
13243,0.008160820136117857,13273,0.31290327519673367,0.8404659821066829,0.895,0.5927,0.589875,0.58575,13273
13259,0.001991475534653399,13053,0.9252837086538765,0.8404659821066829,0.895,0.9739,0.980875,0.979,13053
35003,-1.4394621658331619,35006,-1.4537429640441328,0.8404659821066829,0.895,0.3969,0.398125,0.394625,35003
35003,-1.4394621658331619,4011,-0.9385088789069453,0.8404659821066829,0.895,0.7782,0.790375,0.785875,4011
21041,0.8216544875967611,18077,0.6650464020030559,0.8404659821066829,0.895,0.4528,0.457875,0.45725,21041
21057,0.4879331220814993,21169,0.7798249597629224,0.8404659821066829,0.895,0.5744,0.57375,0.5675,21169
21057,0.4879331220814993,21171,0.8526516822157442,0.8404659821066829,0.895,0.6424,0.658,0.662625,21171
21057,0.4879331220814993,47027,1.006640180485057,0.8404659821066829,0.895,0.7987,0.83075,0.832625,47027
21073,0.9336043843337062,21211,0.2186161895981994,0.8404659821066829,0.895,0.9175,0.929625,0.926375,21073
35025,-0.30190365886439774,48165,-0.037717335993585344,0.8404659821066829,0.895,0.5477,0.590875,0.590125,48165
35025,-0.30190365886439774,48495,0.23948439077773523,0.8404659821066829,0.895,0.8277,0.83875,0.839,48495
35025,-0.30190365886439774,35005,-0.6571780486637464,0.8404659821066829,0.895,0.6394,0.69325,0.690375,35025
35025,-0.30190365886439774,35041,-0.7692448504247995,0.8404659821066829,0.895,0.7757,0.82,0.795,35025
35027,-1.1030169556562541,35035,-0.9264009438277871,0.8404659821066829,0.895,0.4768,0.4895,0.48025,35035
35027,-1.1030169556562541,35005,-0.6571780486637464,0.8404659821066829,0.895,0.7377,0.75525,0.74525,35005
22095,-0.032990639559527024,22093,-0.3316763427084857,0.8404659821066829,0.895,0.5799,0.583125,0.584375,22095
22121,0.3476168462955315,22047,0.18653941670679475,0.8404659821066829,0.895,0.4529,0.46275,0.464875,22121
23019,0.4771655739903696,23009,0.31667583274586103,0.8404659821066829,0.895,0.4497,0.4465,0.438375,23019
26105,-0.010431682705275057,26085,0.01440644257950795,0.8404659821066829,0.895,0.3983,0.40225,0.402375,26085
26107,-0.22431474597148962,26117,-0.28697784919192515,0.8404659821066829,0.895,0.4058,0.414,0.409375,26107
26107,-0.22431474597148962,26133,0.013045348040744757,0.8404659821066829,0.895,0.5071,0.5005,0.512875,26133
26121,-0.4885193638016532,26139,-0.6735863071387016,0.8404659821066829,0.895,0.4586,0.456,0.453375,26121
42109,-0.6060380487450344,42119,-0.73689615383529,0.8404659821066829,0.895,0.4314,0.438625,0.438375,42109
42119,-0.73689615383529,42081,-0.27557643245636976,0.8404659821066829,0.895,0.7638,0.779875,0.772625,42081
26129,-0.07262267027745005,26051,-0.07305454240764268,0.8404659821066829,0.895,0.3988,0.40125,0.401625,26129
29117,0.07395070445565756,29079,0.13715940005970295,0.8404659821066829,0.895,0.4076,0.408375,0.404875,29079
29121,-0.09969167766383019,29103,0.3063694697713677,0.8404659821066829,0.895,0.6943,0.709625,0.71075,29103
29127,0.06973025790626407,29173,0.17872054231209414,0.8404659821066829,0.895,0.4229,0.4195,0.426,29173
29127,0.06973025790626407,17001,-0.12502767920940713,0.8404659821066829,0.895,0.4779,0.491,0.484,29127
1017,0.5061725303252133,1123,0.15850749670970107,0.8404659821066829,0.895,0.6262,0.636,0.639125,1017
1017,0.5061725303252133,13145,0.13408122563225197,0.8404659821066829,0.895,0.6411,0.63675,0.6305,1017
42121,-0.22827510639752932,42053,-0.39599619332901803,0.8404659821066829,0.895,0.4623,0.4605,0.464875,42121
42121,-0.22827510639752932,42019,-0.346444615791472,0.8404659821066829,0.895,0.4347,0.433875,0.43275,42121
42131,-0.04190901082600766,42079,-0.17381624642674093,0.8404659821066829,0.895,0.4396,0.445375,0.449,42131
42131,-0.04190901082600766,42015,-0.053779635513672465,0.8404659821066829,0.895,0.4037,0.39575,0.3995,42131
27079,-0.47446178007215356,27143,-0.6182875959080831,0.8404659821066829,0.895,0.451,0.446875,0.4455,27079
27079,-0.47446178007215356,27161,-0.6072862735617973,0.8404659821066829,0.895,0.4361,0.43675,0.441875,27079
27095,-0.16667905806568045,27009,-0.19479038471563687,0.8404659821066829,0.895,0.4005,0.40425,0.4005,27095
27095,-0.16667905806568045,27065,-0.46451716566355256,0.8404659821066829,0.895,0.5699,0.57325,0.5905,27095
29131,0.19110000442308184,29141,0.3065222390033613,0.8404659821066829,0.895,0.4275,0.437375,0.43625,29141
29131,0.19110000442308184,29151,-0.3256432629801487,0.8404659821066829,0.895,0.8057,0.8115,0.807,29131
29131,0.19110000442308184,29125,0.20045515602808534,0.8404659821066829,0.895,0.4023,0.405625,0.399375,29125
29141,0.3065222390033613,29015,0.6538356544034674,0.8404659821066829,0.895,0.6301,0.62625,0.636875,29015
13065,1.2729146960558797,13173,0.7506814829303452,0.8404659821066829,0.895,0.7847,0.80575,0.798,13065
36069,0.31285387824984345,36123,0.175980389898979,0.8404659821066829,0.895,0.4387,0.45025,0.445875,36069
27149,-0.5396832216010536,27051,-0.46177736593734653,0.8404659821066829,0.895,0.4191,0.41325,0.408125,27051
27157,-0.3852259285514492,27049,-0.5019497826090545,0.8404659821066829,0.895,0.4255,0.436,0.43275,27157
27157,-0.3852259285514492,27169,-0.4133909222899871,0.8404659821066829,0.895,0.4032,0.4015,0.40325,27157
29151,-0.3256432629801487,29125,0.20045515602808534,0.8404659821066829,0.895,0.7866,0.81475,0.8045,29125
29151,-0.3256432629801487,29073,-0.19516943127277803,0.8404659821066829,0.895,0.4414,0.4485,0.444125,29073
29203,0.49713221464649077,29215,-0.10627763981366084,0.8404659821066829,0.895,0.872,0.877625,0.883,29203
29203,0.49713221464649077,29179,0.20898799371634,0.8404659821066829,0.895,0.5668,0.571625,0.56575,29203
26133,0.013045348040744757,26035,0.21768745374861256,0.8404659821066829,0.895,0.4859,0.4905,0.486,26035
26133,0.013045348040744757,26085,0.01440644257950795,0.8404659821066829,0.895,0.3943,0.401625,0.399375,26085
26149,-0.2012605279262524,26077,-0.1039557961012124,0.8404659821066829,0.895,0.418,0.420875,0.41275,26077
36107,0.04510830886556006,36023,0.09520103985700029,0.8404659821066829,0.895,0.4066,0.40775,0.407625,36023
36107,0.04510830886556006,42015,-0.053779635513672465,0.8404659821066829,0.895,0.4284,0.42375,0.4225,36107
36107,0.04510830886556006,36109,0.1775155632531711,0.8404659821066829,0.895,0.4386,0.446875,0.453125,36109
28003,0.6508012271691795,28117,0.3083072999294195,0.8404659821066829,0.895,0.6179,0.634875,0.643,28003
28003,0.6508012271691795,28141,0.7781116698355326,0.8404659821066829,0.895,0.4298,0.43675,0.436125,28141
28003,0.6508012271691795,47071,0.6767585034260404,0.8404659821066829,0.895,0.403,0.4065,0.3925,47071
28013,0.5058244909632015,28071,0.5057108971938417,0.8404659821066829,0.895,0.39,0.3905,0.399375,28013
28013,0.5058244909632015,28115,0.18096726227693605,0.8404659821066829,0.895,0.6027,0.615375,0.614375,28013
29215,-0.10627763981366084,29105,0.03457682243596823,0.8404659821066829,0.895,0.4496,0.442125,0.456,29105
29215,-0.10627763981366084,29161,0.13988565780310938,0.8404659821066829,0.895,0.5373,0.543875,0.5485,29161
30051,-1.042160889473046,30101,-0.38990748038086487,0.8404659821066829,0.895,0.8421,0.860625,0.855375,30101
30079,-0.357527717550569,30021,-0.17189438419580416,0.8404659821066829,0.895,0.466,0.468625,0.474,30021
26155,-0.3422791701305565,26037,-0.5184166312620245,0.8404659821066829,0.895,0.4623,0.465,0.465375,26155
26155,-0.3422791701305565,26065,-0.26984492904827667,0.8404659821066829,0.895,0.4143,0.419875,0.419625,26065
26155,-0.3422791701305565,26145,-0.4609281097758976,0.8404659821066829,0.895,0.432,0.436875,0.43125,26155
26161,-0.15126787389773338,26075,-0.09640655572041328,0.8404659821066829,0.895,0.407,0.4075,0.40425,26075
26161,-0.15126787389773338,26091,-0.28959632406026803,0.8404659821066829,0.895,0.4428,0.448625,0.46075,26161
26161,-0.15126787389773338,26125,-0.27725788448814914,0.8404659821066829,0.895,0.4405,0.439375,0.439,26161
37037,0.04309174466714433,37135,0.35381025216880946,0.8404659821066829,0.895,0.5985,0.59675,0.58775,37135
28027,0.8291356469634358,28133,0.593759977999316,0.8404659821066829,0.895,0.5154,0.531875,0.512375,28027
28031,0.2287051324616078,28127,0.24859205334951506,0.8404659821066829,0.895,0.4016,0.40825,0.404625,28127
28031,0.2287051324616078,28129,0.5534739235416671,0.8404659821066829,0.895,0.5956,0.622875,0.623875,28129
28031,0.2287051324616078,28065,0.5222839884149898,0.8404659821066829,0.895,0.563,0.579375,0.587,28065
28037,-0.18779026881395047,28085,0.12706829912443,0.8404659821066829,0.895,0.5947,0.620125,0.617625,28085
28037,-0.18779026881395047,28063,0.030788894675998733,0.8404659821066829,0.895,0.5039,0.517,0.5255,28063
28037,-0.18779026881395047,28001,-0.031951520162066205,0.8404659821066829,0.895,0.4546,0.466125,0.466125,28001
30091,0.1297301558446967,38023,-0.8938638467366508,0.8404659821066829,0.895,0.9812,0.981875,0.98275,30091
27025,-0.17577685144707353,55095,-0.28291924147023173,0.8404659821066829,0.895,0.4184,0.415625,0.418125,27025
27039,-0.5599110441028874,27049,-0.5019497826090545,0.8404659821066829,0.895,0.4004,0.4175,0.418375,27049
27039,-0.5599110441028874,27099,-0.6953803228590524,0.8404659821066829,0.895,0.4411,0.45325,0.4435,27039
37041,-0.21222081283260044,37073,-0.1140407133310722,0.8404659821066829,0.895,0.4239,0.42475,0.423375,37073
37067,0.21922655515104597,37081,0.038899114412776464,0.8404659821066829,0.895,0.4736,0.46525,0.475125,37067
37067,0.21922655515104597,37171,0.3643060664287033,0.8404659821066829,0.895,0.4479,0.4495,0.451375,37171
37067,0.21922655515104597,37169,0.1794949226711279,0.8404659821066829,0.895,0.4069,0.406,0.402625,37067
37067,0.21922655515104597,37197,0.2850050232586276,0.8404659821066829,0.895,0.4045,0.414375,0.415,37197
28045,0.04435107871359188,28047,0.7182565532260836,0.8404659821066829,0.895,0.8468,0.852375,0.857625,28047
28047,0.7182565532260836,28131,0.6866524961705522,0.8404659821066829,0.895,0.3995,0.405,0.3995,28047
30111,-0.13729579146006496,30095,-0.44575768507899793,0.8404659821066829,0.895,0.5987,0.594625,0.59975,30111
30111,-0.13729579146006496,30103,0.12927062176093262,0.8404659821066829,0.895,0.5281,0.546375,0.561,30103
31007,-0.6318013055924885,31033,-0.499970491900356,0.8404659821066829,0.895,0.4415,0.454625,0.45275,31033
31007,-0.6318013055924885,56021,-0.4620076737016836,0.8404659821066829,0.895,0.4742,0.470375,0.47575,56021
31007,-0.6318013055924885,56015,-0.5921080067498526,0.8404659821066829,0.895,0.4021,0.404875,0.409,56015
27049,-0.5019497826090545,55093,-0.53340980445357,0.8404659821066829,0.895,0.4037,0.401,0.402625,27049
27051,-0.46177736593734653,27111,-0.42725948197309316,0.8404659821066829,0.895,0.4064,0.40025,0.399875,27111
37097,0.2612468330706624,37109,0.20355249548331017,0.8404659821066829,0.895,0.4122,0.40475,0.40875,37097
37097,0.2612468330706624,37197,0.2850050232586276,0.8404659821066829,0.895,0.3981,0.404,0.404125,37197
28071,0.5057108971938417,28115,0.18096726227693605,0.8404659821066829,0.895,0.6025,0.627375,0.6145,28071
28075,0.06558997513237948,28101,0.43691489960426844,0.8404659821066829,0.895,0.6341,0.657375,0.64075,28101
28085,0.12706829912443,28147,0.07227910380668778,0.8404659821066829,0.895,0.4102,0.41,0.4145,28085
28085,0.12706829912443,28063,0.030788894675998733,0.8404659821066829,0.895,0.4173,0.437625,0.4245,28085
28085,0.12706829912443,28113,0.10563616621978021,0.8404659821066829,0.895,0.4072,0.40075,0.40025,28085
31021,0.1354760803826523,31039,-0.661612076815985,0.8404659821066829,0.895,0.9466,0.957375,0.96125,31021
31021,0.1354760803826523,19085,0.08716042612190208,0.8404659821066829,0.895,0.411,0.4095,0.408875,31021
31021,0.1354760803826523,31053,-0.16480619266926438,0.8404659821066829,0.895,0.5837,0.594375,0.591125,31021
31023,-0.6198541748976039,31053,-0.16480619266926438,0.8404659821066829,0.895,0.7502,0.765125,0.759625,31053
31023,-0.6198541748976039,31159,-0.3275570719089328,0.8404659821066829,0.895,0.5672,0.571625,0.580875,31159
31023,-0.6198541748976039,31141,-0.39973533214816115,0.8404659821066829,0.895,0.5171,0.514375,0.523,31141
40123,0.5934454987323041,40029,0.5076235694512294,0.8404659821066829,0.895,0.4219,0.411625,0.416125,40123
40123,0.5934454987323041,40099,0.6970292779849395,0.8404659821066829,0.895,0.425,0.425875,0.43,40099
40139,-0.056436227066780774,48357,0.18446396496117395,0.8404659821066829,0.895,0.5217,0.5415,0.54075,48357
38009,-0.43349060107724724,38049,-0.9577569011925083,0.8404659821066829,0.895,0.7799,0.794875,0.796125,38009
31027,-0.8445925325488173,31051,-0.6497775446458793,0.8404659821066829,0.895,0.4867,0.487625,0.471375,31051
31027,-0.8445925325488173,46135,-0.5157148601467566,0.8404659821066829,0.895,0.6079,0.629375,0.611625,46135
31033,-0.499970491900356,31069,-0.3673315660282381,0.8404659821066829,0.895,0.446,0.447375,0.449,31069
31039,-0.661612076815985,31053,-0.16480619266926438,0.8404659821066829,0.895,0.7832,0.790375,0.800875,31053
41009,0.002596467979164997,41067,-0.1756677642645052,0.8404659821066829,0.895,0.468,0.47025,0.46175,41009
41025,-0.6301421949045455,41037,-0.713059397945544,0.8404659821066829,0.895,0.4133,0.41575,0.419875,41025
38023,-0.8938638467366508,38013,-0.5318396121374526,0.8404659821066829,0.895,0.6141,0.61,0.616875,38013
38041,-0.8727694927475015,38001,-0.6154388511670384,0.8404659821066829,0.895,0.5364,0.535625,0.524875,38001
38051,-1.0218708904357416,46021,-1.0576490855923464,0.8404659821066829,0.895,0.395,0.403875,0.4065,38051
38051,-1.0218708904357416,38021,-0.7018064336125208,0.8404659821066829,0.895,0.6008,0.605875,0.606625,38021
38051,-1.0218708904357416,38047,-1.0522479536611886,0.8404659821066829,0.895,0.4019,0.403625,0.39425,38051
38051,-1.0218708904357416,46089,-1.0078579445312985,0.8404659821066829,0.895,0.3967,0.405125,0.399125,46089
28117,0.3083072999294195,28141,0.7781116698355326,0.8404659821066829,0.895,0.7509,0.76725,0.773375,28141
28127,0.24859205334951506,28129,0.5534739235416671,0.8404659821066829,0.895,0.5945,0.58775,0.597875,28129
28127,0.24859205334951506,28065,0.5222839884149898,0.8404659821066829,0.895,0.5451,0.548875,0.565,28065
28141,0.7781116698355326,47071,0.6767585034260404,0.8404659821066829,0.895,0.4175,0.428625,0.427125,28141
28141,0.7781116698355326,1077,0.6636032329982172,0.8404659821066829,0.895,0.4331,0.43125,0.4405,28141
28159,0.017799879912089533,28019,-0.27847652676826434,0.8404659821066829,0.895,0.5705,0.57825,0.575,28159
28159,0.017799879912089533,28103,-0.09682098176595168,0.8404659821066829,0.895,0.4317,0.424125,0.434125,28159
41041,-0.07510693383025971,41053,-0.3737225100549975,0.8404659821066829,0.895,0.5727,0.5655,0.556625,41041
38061,-0.7525516204520464,38013,-0.5318396121374526,0.8404659821066829,0.895,0.5032,0.506875,0.50825,38013
21105,0.190006147694943,29133,0.932619220661142,0.8404659821066829,0.895,0.9361,0.94575,0.937375,29133
29005,-0.1327863066734651,31131,-0.1547738156325327,0.8404659821066829,0.895,0.4013,0.398875,0.40125,29005
41059,-0.4252763261351747,53013,-0.17388077073581973,0.8404659821066829,0.895,0.5346,0.548125,0.53775,53013
21111,0.22182231930079496,21211,0.2186161895981994,0.8404659821066829,0.895,0.4024,0.404625,0.3995,21111
21141,0.8460281192689703,21227,0.7341011140176869,0.8404659821066829,0.895,0.4329,0.431125,0.4325,21141
21141,0.8460281192689703,21219,0.48525818659507114,0.8404659821066829,0.895,0.6295,0.64,0.649125,21141
21145,0.42746746367054567,21157,0.494447056527082,0.8404659821066829,0.895,0.4128,0.414125,0.412375,21157
29021,0.0792475827324217,29063,-0.44702632848535523,0.8404659821066829,0.895,0.8001,0.794,0.8065,29021
29021,0.0792475827324217,29049,0.37240534092347377,0.8404659821066829,0.895,0.5768,0.58475,0.59575,29049
29021,0.0792475827324217,29165,0.046325517531192247,0.8404659821066829,0.895,0.3999,0.408875,0.40125,29021
29047,0.2679494299511942,29049,0.37240534092347377,0.8404659821066829,0.895,0.4316,0.426875,0.4225,29049
29047,0.2679494299511942,29165,0.046325517531192247,0.8404659821066829,0.895,0.507,0.51175,0.511125,29047
42007,-0.3901879769880112,54029,-0.37854430591853344,0.8404659821066829,0.895,0.3997,0.401,0.399875,54029
42007,-0.3901879769880112,42019,-0.346444615791472,0.8404659821066829,0.895,0.4065,0.40425,0.39975,42019
42011,-0.38541589269371546,42077,-0.35634609936928135,0.8404659821066829,0.895,0.4014,0.4005,0.404,42077
21169,0.7798249597629224,21171,0.8526516822157442,0.8404659821066829,0.895,0.4142,0.417875,0.422125,21171
21171,0.8526516822157442,47027,1.006640180485057,0.8404659821066829,0.895,0.4538,0.471875,0.4775,47027
21171,0.8526516822157442,47111,1.074223358983512,0.8404659821066829,0.895,0.5131,0.527625,0.5305,47111
29079,0.13715940005970295,29081,-0.3090049139898322,0.8404659821066829,0.895,0.7348,0.7525,0.75475,29079
42025,-0.18892251339200142,42077,-0.35634609936928135,0.8404659821066829,0.895,0.4552,0.464125,0.45875,42025
42025,-0.18892251339200142,42079,-0.17381624642674093,0.8404659821066829,0.895,0.3978,0.409125,0.39675,42079
25003,-0.15198236594838918,25015,-0.002720597196757988,0.8404659821066829,0.895,0.4497,0.45875,0.448625,25015
25003,-0.15198236594838918,9005,-0.1659394700018942,0.8404659821066829,0.895,0.404,0.399125,0.402375,25003
42065,-0.5907789976152531,42053,-0.39599619332901803,0.8404659821066829,0.895,0.478,0.458875,0.483625,42053
21233,0.8453662052156371,21225,1.041809592311481,0.8404659821066829,0.895,0.4858,0.490875,0.479625,21225
26037,-0.5184166312620245,26065,-0.26984492904827667,0.8404659821066829,0.895,0.5248,0.53225,0.526875,26065
26037,-0.5184166312620245,26045,-0.35981057538748656,0.8404659821066829,0.895,0.4536,0.461125,0.458,26045
26051,-0.07305454240764268,26035,0.21768745374861256,0.8404659821066829,0.895,0.5659,0.576625,0.5685,26035
42081,-0.27557643245636976,42105,-0.08446298736518462,0.8404659821066829,0.895,0.493,0.49675,0.488125,42105
42081,-0.27557643245636976,42015,-0.053779635513672465,0.8404659821066829,0.895,0.5183,0.531,0.534125,42015
42081,-0.27557643245636976,42037,-0.3717210041471978,0.8404659821066829,0.895,0.4221,0.423,0.426875,42081
26065,-0.26984492904827667,26075,-0.09640655572041328,0.8404659821066829,0.895,0.469,0.461125,0.46125,26075
26065,-0.26984492904827667,26045,-0.35981057538748656,0.8404659821066829,0.895,0.4208,0.423375,0.4105,26065
26075,-0.09640655572041328,26091,-0.28959632406026803,0.8404659821066829,0.895,0.485,0.496375,0.492125,26075
26075,-0.09640655572041328,26045,-0.35981057538748656,0.8404659821066829,0.895,0.5483,0.54525,0.54125,26075
18097,0.17375770037428656,18011,0.35923296556000994,0.8404659821066829,0.895,0.4754,0.481375,0.482375,18011
47007,-0.1493864303337035,47153,0.4600279526677927,0.8404659821066829,0.895,0.8552,0.858625,0.86,47153
47015,0.2430901484077065,47177,0.5450188883013527,0.8404659821066829,0.895,0.5884,0.5725,0.5915,47177
50019,-0.27606350032797344,50005,-0.01484674294758901,0.8404659821066829,0.895,0.5314,0.543375,0.53825,50005
19013,-0.22153264977096115,19011,-0.4550330600367581,0.8404659821066829,0.895,0.5083,0.518,0.522125,19013
19085,0.08716042612190208,19155,0.028122800312115327,0.8404659821066829,0.895,0.4044,0.4065,0.41825,19085
47027,1.006640180485057,47111,1.074223358983512,0.8404659821066829,0.895,0.4091,0.413375,0.406,47111
47027,1.006640180485057,47137,0.8273162710065848,0.8404659821066829,0.895,0.4682,0.475375,0.484375,47027
47039,1.0144917029852338,47071,0.6767585034260404,0.8404659821066829,0.895,0.6291,0.63275,0.645,47039
47039,1.0144917029852338,47181,0.6412872740649799,0.8404659821066829,0.895,0.6519,0.6535,0.668,47039
47039,1.0144917029852338,47017,0.84968946343274,0.8404659821066829,0.895,0.4578,0.46925,0.4695,47039
51065,-0.16632222829676835,51049,-0.053447712715198756,0.8404659821066829,0.895,0.4262,0.422625,0.425875,51049
51065,-0.16632222829676835,51003,0.0648142861109723,0.8404659821066829,0.895,0.5185,0.528,0.53225,51003
51079,-0.23368985735046066,51165,-0.38777107805936073,0.8404659821066829,0.895,0.4644,0.4565,0.469125,51079
51079,-0.23368985735046066,51003,0.0648142861109723,0.8404659821066829,0.895,0.5817,0.597125,0.58425,51003
19155,0.028122800312115327,31055,0.11210994111042732,0.8404659821066829,0.895,0.4142,0.418375,0.42525,31055
20085,-0.07227540347694084,20177,0.13107398409784504,0.8404659821066829,0.895,0.4944,0.492125,0.480625,20177
20109,-0.49414122094719587,20063,-0.5433396382467405,0.8404659821066829,0.895,0.4094,0.4075,0.405875,20109
47071,0.6767585034260404,1077,0.6636032329982172,0.8404659821066829,0.895,0.3966,0.398375,0.400125,47071
47071,0.6767585034260404,47181,0.6412872740649799,0.8404659821066829,0.895,0.4007,0.402375,0.408,47071
51089,-0.18454643658182665,37169,0.1794949226711279,0.8404659821066829,0.895,0.6414,0.6525,0.65375,37169
51147,0.028815132458231908,51049,-0.053447712715198756,0.8404659821066829,0.895,0.4144,0.418125,0.4175,51147
51147,0.028815132458231908,51135,0.043413798561353224,0.8404659821066829,0.895,0.3997,0.40225,0.403625,51135
51165,-0.38777107805936073,51660,-0.18710822223916657,0.8404659821066829,0.895,0.4662,0.472625,0.482375,51660
51165,-0.38777107805936073,51003,0.0648142861109723,0.8404659821066829,0.895,0.7683,0.78425,0.796875,51003
5077,0.15874147831199306,5123,0.1314119937373013,0.8404659821066829,0.895,0.4035,0.400375,0.40375,5077
47113,0.21113715268106426,47017,0.84968946343274,0.8404659821066829,0.895,0.8954,0.90675,0.8985,47017
51540,-0.3385284487277531,51003,0.0648142861109723,0.8404659821066829,0.895,0.6463,0.654625,0.656625,51003
56021,-0.4620076737016836,8123,-0.6560468822307169,0.8404659821066829,0.895,0.4869,0.50625,0.490375,56021
56021,-0.4620076737016836,56015,-0.5921080067498526,0.8404659821066829,0.895,0.4374,0.445,0.428375,56021
56021,-0.4620076737016836,56001,-0.3577093298872133,0.8404659821066829,0.895,0.4227,0.428625,0.43325,56001
47177,0.5450188883013527,47153,0.4600279526677927,0.8404659821066829,0.895,0.4129,0.4175,0.4175,47177
1077,0.6636032329982172,47181,0.6412872740649799,0.8404659821066829,0.895,0.4003,0.402625,0.403375,1077
26151,-0.7473120371143794,26087,-0.4628007471133631,0.8404659821066829,0.895,0.5474,0.559375,0.55125,26087
27029,-0.37754218712857357,27113,-0.6193398610809737,0.8404659821066829,0.895,0.5184,0.531625,0.531,27029
27099,-0.6953803228590524,27045,-0.754292088966921,0.8404659821066829,0.895,0.4043,0.403625,0.408625,27099
27099,-0.6953803228590524,27047,-0.7629644798746904,0.8404659821066829,0.895,0.4177,0.413,0.408875,27099
48019,-0.12218286419055172,48265,0.11050258484513698,0.8404659821066829,0.895,0.5163,0.5265,0.52325,48265
48021,0.40595682063258637,48149,-0.19157297127131354,0.8404659821066829,0.895,0.8637,0.87275,0.8665,48021
51800,0.0767322305949178,37073,-0.1140407133310722,0.8404659821066829,0.895,0.4798,0.48175,0.481375,51800
53003,-0.6017408610060316,53023,-0.36821875913152285,0.8404659821066829,0.895,0.5055,0.505875,0.5145,53023
27169,-0.4133909222899871,27045,-0.754292088966921,0.8404659821066829,0.895,0.6196,0.642375,0.627875,27169
29015,0.6538356544034674,29083,0.6864740319029404,0.8404659821066829,0.895,0.4024,0.408375,0.406,29083
29063,-0.44702632848535523,29049,0.37240534092347377,0.8404659821066829,0.895,0.954,0.964375,0.965125,29049
48049,0.5656724974765651,48059,0.8186058104877578,0.8404659821066829,0.895,0.5392,0.555125,0.549625,48059
48049,0.5656724974765651,48133,0.880782445239312,0.8404659821066829,0.895,0.6083,0.627625,0.622375,48133
48059,0.8186058104877578,48253,0.19046040338634626,0.8404659821066829,0.895,0.8759,0.88125,0.8795,48059
48059,0.8186058104877578,48441,0.3905149934400268,0.8404659821066829,0.895,0.6982,0.698625,0.70625,48059
48059,0.8186058104877578,48133,0.880782445239312,0.8404659821066829,0.895,0.4152,0.412,0.407625,48133
48115,-0.23817904916266588,48165,-0.037717335993585344,0.8404659821066829,0.895,0.4849,0.49875,0.50075,48165
48115,-0.23817904916266588,48305,-0.14667418353987446,0.8404659821066829,0.895,0.4207,0.410875,0.422125,48305
48115,-0.23817904916266588,48033,0.19461802701239375,0.8404659821066829,0.895,0.7098,0.71175,0.713125,48033
48127,-0.8517226731662871,48283,-0.9981684680877825,0.8404659821066829,0.895,0.4436,0.450375,0.450375,48127
48131,-0.5074711692636111,48249,-0.2134815234270165,0.8404659821066829,0.895,0.5762,0.58375,0.584875,48249
53013,-0.17388077073581973,53023,-0.36821875913152285,0.8404659821066829,0.895,0.4678,0.479875,0.485,53013
53051,-0.1281110527497905,53063,-0.1952342096827739,0.8404659821066829,0.895,0.4062,0.409625,0.40875,53051
53063,-0.1952342096827739,16055,-0.3100599881691794,0.8404659821066829,0.895,0.4322,0.42575,0.4325,53063
31001,-0.041413414951073466,31181,-0.28247106421474716,0.8404659821066829,0.895,0.5324,0.539375,0.5335,31001
31029,-0.14831894628488335,8125,-0.48789744685806746,0.8404659821066829,0.895,0.6217,0.647,0.6405,31029
31029,-0.14831894628488335,31057,-0.25057271224719985,0.8404659821066829,0.895,0.4255,0.432375,0.42,31029
48137,-0.07760797260495124,48265,0.11050258484513698,0.8404659821066829,0.895,0.4775,0.470875,0.46775,48265
48137,-0.07760797260495124,48271,-0.6020335248480986,0.8404659821066829,0.895,0.7879,0.803125,0.805625,48137
48143,0.3181330890156861,48221,0.36271780404257786,0.8404659821066829,0.895,0.4047,0.4045,0.40525,48221
48143,0.3181330890156861,48133,0.880782445239312,0.8404659821066829,0.895,0.8453,0.841625,0.83325,48133
54049,0.35942036456101795,54091,-0.1000093776728652,0.8404659821066829,0.895,0.7199,0.738625,0.73025,54049
17053,0.0497985754629687,17019,0.09749061031152753,0.8404659821066829,0.895,0.4001,0.402375,0.406625,17019
17053,0.0497985754629687,17105,-0.0725428477415313,0.8404659821066829,0.895,0.4282,0.440875,0.434625,17053
31053,-0.16480619266926438,31055,0.11210994111042732,0.8404659821066829,0.895,0.5613,0.55675,0.56275,31055
54091,-0.1000093776728652,54077,-0.7462895838730458,0.8404659821066829,0.895,0.8911,0.897625,0.90375,54091
54097,-0.08518017293614867,54101,0.09955417896719063,0.8404659821066829,0.895,0.4708,0.470375,0.472,54101
17137,-0.004499328574134403,17061,-0.026528286672736705,0.8404659821066829,0.895,0.4002,0.400125,0.40125,17137
18143,1.5154682776650399,18077,0.6650464020030559,0.8404659821066829,0.895,0.9626,0.969375,0.964375,18143
35035,-0.9264009438277871,35005,-0.6571780486637464,0.8404659821066829,0.895,0.5581,0.558,0.559125,35005
48201,0.24450014005256526,48157,-0.10799288221763181,0.8404659821066829,0.895,0.6326,0.651375,0.64825,48201
48211,0.3226422665339701,48295,0.4073845274328053,0.8404659821066829,0.895,0.4122,0.41475,0.426625,48295
55027,-0.41107311939561353,55039,-0.35291777169435457,0.8404659821066829,0.895,0.404,0.412125,0.405875,55039
55071,-0.6303409346925571,55117,-0.46658540840195967,0.8404659821066829,0.895,0.4495,0.462,0.45225,55117
55071,-0.6303409346925571,55061,-0.996310738403475,0.8404659821066829,0.895,0.6083,0.616875,0.62575,55071
20031,0.40339524376081337,20003,-0.10720379488864491,0.8404659821066829,0.895,0.7656,0.77025,0.77375,20031
38083,-1.075980592828533,38049,-0.9577569011925083,0.8404659821066829,0.895,0.4305,0.431,0.425875,38049
46005,-0.40711817577087134,46025,-0.5465279718095452,0.8404659821066829,0.895,0.4464,0.4495,0.454625,46005
46005,-0.40711817577087134,46059,-0.6973947495853426,0.8404659821066829,0.895,0.5705,0.5855,0.5845,46005
46005,-0.40711817577087134,46077,-0.1965985130318486,0.8404659821066829,0.895,0.4988,0.512,0.50125,46077
46005,-0.40711817577087134,46115,-0.5167273681597511,0.8404659821066829,0.895,0.4331,0.42975,0.431375,46005
48231,0.6477572854237927,48257,0.6453708348749518,0.8404659821066829,0.895,0.3983,0.39575,0.40625,48231
48253,0.19046040338634626,48441,0.3905149934400268,0.8404659821066829,0.895,0.481,0.4985,0.489875,48441
48253,0.19046040338634626,48433,0.7003673889079016,0.8404659821066829,0.895,0.7775,0.792375,0.80875,48433
55083,-0.31733830108099176,55041,-0.4068353632132603,0.8404659821066829,0.895,0.4214,0.425625,0.421,55083
46007,-0.8413675119205644,46121,-0.6391879042750415,0.8404659821066829,0.895,0.4712,0.462125,0.461375,46121
46021,-1.0576490855923464,46089,-1.0078579445312985,0.8404659821066829,0.895,0.4053,0.4025,0.40325,46089
46025,-0.5465279718095452,46037,-0.537782665012166,0.8404659821066829,0.895,0.3945,0.398125,0.399,46037
46025,-0.5465279718095452,46077,-0.1965985130318486,0.8404659821066829,0.895,0.6317,0.6495,0.644125,46077
46025,-0.5465279718095452,46115,-0.5167273681597511,0.8404659821066829,0.895,0.4012,0.3965,0.402875,46115
46025,-0.5465279718095452,46029,-0.362873763454332,0.8404659821066829,0.895,0.4701,0.48225,0.476875,46029
46025,-0.5465279718095452,46057,-0.4446022208403977,0.8404659821066829,0.895,0.4168,0.419375,0.428125,46057
48279,-0.4746618447708443,48219,-0.09794976009439636,0.8404659821066829,0.895,0.6383,0.63825,0.63325,48219
48295,0.4073845274328053,48357,0.18446396496117395,0.8404659821066829,0.895,0.5054,0.50475,0.508375,48295
48303,-0.23128992132839002,48305,-0.14667418353987446,0.8404659821066829,0.895,0.4124,0.40825,0.421875,48305
48303,-0.23128992132839002,48219,-0.09794976009439636,0.8404659821066829,0.895,0.4324,0.442875,0.43825,48219
48305,-0.14667418353987446,48033,0.19461802701239375,0.8404659821066829,0.895,0.6171,0.622625,0.618875,48033
55093,-0.53340980445357,55109,-0.19479627047392628,0.8404659821066829,0.895,0.6108,0.627,0.61425,55109
55095,-0.28291924147023173,55109,-0.19479627047392628,0.8404659821066829,0.895,0.4194,0.4225,0.418,55109
26087,-0.4628007471133631,26125,-0.27725788448814914,0.8404659821066829,0.895,0.4765,0.483875,0.4805,26125
28147,0.07227910380668778,28113,0.10563616621978021,0.8404659821066829,0.895,0.3994,0.404375,0.40075,28113
46037,-0.537782665012166,46051,-0.6217048534433545,0.8404659821066829,0.895,0.4198,0.413875,0.42525,46037
46037,-0.537782665012166,46109,-0.519102336217359,0.8404659821066829,0.895,0.4013,0.399875,0.4025,46109
46037,-0.537782665012166,46115,-0.5167273681597511,0.8404659821066829,0.895,0.4008,0.400875,0.399875,46115
46037,-0.537782665012166,46029,-0.362873763454332,0.8404659821066829,0.895,0.4693,0.478875,0.468375,46029
46045,-0.6565377724487226,46089,-1.0078579445312985,0.8404659821066829,0.895,0.6191,0.6445,0.638875,46045
46051,-0.6217048534433545,46109,-0.519102336217359,0.8404659821066829,0.895,0.4211,0.427,0.426125,46109
46051,-0.6217048534433545,46029,-0.362873763454332,0.8404659821066829,0.895,0.5362,0.552875,0.5445,46029
46059,-0.6973947495853426,46069,-0.5147704121732961,0.8404659821066829,0.895,0.4696,0.481375,0.484875,46069
46059,-0.6973947495853426,46115,-0.5167273681597511,0.8404659821066829,0.895,0.4746,0.473875,0.472,46115
46067,-0.5207512921359186,46087,-0.10894017936287793,0.8404659821066829,0.895,0.7128,0.7115,0.70875,46087
46067,-0.5207512921359186,46135,-0.5157148601467566,0.8404659821066829,0.895,0.3973,0.39825,0.399625,46135
48413,0.1950504116395497,48451,0.25240006284567074,0.8404659821066829,0.895,0.4054,0.395625,0.406375,48451
48429,0.8333634356869288,48133,0.880782445239312,0.8404659821066829,0.895,0.4029,0.402375,0.4045,48133
48431,0.26548585969356653,48451,0.25240006284567074,0.8404659821066829,0.895,0.3981,0.394625,0.400625,48431
48441,0.3905149934400268,48353,0.5534330165890866,0.8404659821066829,0.895,0.4589,0.45925,0.4525,48353
55117,-0.46658540840195967,55039,-0.35291777169435457,0.8404659821066829,0.895,0.4289,0.432,0.421875,55039
55125,-0.34903115882217034,55041,-0.4068353632132603,0.8404659821066829,0.895,0.4107,0.40425,0.405,55125
46077,-0.1965985130318486,46057,-0.4446022208403977,0.8404659821066829,0.895,0.5265,0.5475,0.535875,46077
46087,-0.10894017936287793,46099,-0.1490079313487806,0.8404659821066829,0.895,0.3978,0.4085,0.406375,46087
46099,-0.1490079313487806,46083,-0.38233154069838565,0.8404659821066829,0.895,0.5151,0.529125,0.518125,46099
49033,-1.0042760227720793,56023,-0.8198140368118904,0.8404659821066829,0.895,0.4865,0.4875,0.47825,56023
55137,-0.23958437620382012,55077,0.13601238256432824,0.8404659821066829,0.895,0.6421,0.6575,0.647875,55077
56007,-0.4047153307112587,56001,-0.3577093298872133,0.8404659821066829,0.895,0.4045,0.40175,0.40125,56001
17033,0.1495592969421307,17101,-0.039224596052376534,0.8404659821066829,0.895,0.4669,0.476625,0.478875,17033
46105,-0.42996212179135945,38001,-0.6154388511670384,0.8404659821066829,0.895,0.4792,0.497125,0.495125,46105
17103,0.023375177845332763,17141,-0.10111212111697135,0.8404659821066829,0.895,0.4399,0.426,0.4385,17103
50007,0.3075535192166133,50013,0.6185121506626514,0.8404659821066829,0.895,0.5754,0.592625,0.587875,50013
47115,0.859499740491843,47153,0.4600279526677927,0.8404659821066829,0.895,0.6736,0.68175,0.69625,47115
37045,0.24939216682376947,37109,0.20355249548331017,0.8404659821066829,0.895,0.4056,0.403625,0.407375,37045
37045,0.24939216682376947,37071,0.37749386604356117,0.8404659821066829,0.895,0.4406,0.437875,0.444875,37071
37109,0.20355249548331017,37071,0.37749386604356117,0.8404659821066829,0.895,0.463,0.46375,0.458875,37071
37171,0.3643060664287033,37169,0.1794949226711279,0.8404659821066829,0.895,0.4756,0.486875,0.489,37171
37171,0.3643060664287033,37197,0.2850050232586276,0.8404659821066829,0.895,0.4119,0.415375,0.419,37171
38021,-0.7018064336125208,46089,-1.0078579445312985,0.8404659821066829,0.895,0.5742,0.598875,0.5935,38021
8017,-0.6105761629402562,8063,-0.7900850224506084,0.8404659821066829,0.895,0.4778,0.479,0.480875,8017
27043,-0.673924370962007,27161,-0.6072862735617973,0.8404659821066829,0.895,0.4114,0.416625,0.418375,27161
27043,-0.673924370962007,27047,-0.7629644798746904,0.8404659821066829,0.895,0.4214,0.427625,0.413,27043
27161,-0.6072862735617973,27047,-0.7629644798746904,0.8404659821066829,0.895,0.4569,0.4675,0.461125,27161
18159,-0.2511790766903907,18095,0.028043911889942104,0.8404659821066829,0.895,0.5556,0.56275,0.55525,18095
21219,0.48525818659507114,47125,0.7789448751792721,0.8404659821066829,0.895,0.575,0.591125,0.588,47125
28063,0.030788894675998733,28001,-0.031951520162066205,0.8404659821066829,0.895,0.4091,0.412375,0.41625,28063
29049,0.37240534092347377,29165,0.046325517531192247,0.8404659821066829,0.895,0.6118,0.617875,0.617375,29049
29125,0.20045515602808534,29073,-0.19516943127277803,0.8404659821066829,0.895,0.6754,0.6825,0.68825,29125
29125,0.20045515602808534,29161,0.13988565780310938,0.8404659821066829,0.895,0.4073,0.418875,0.412375,29125
30095,-0.44575768507899793,30067,-0.3168478759977057,0.8404659821066829,0.895,0.4389,0.443625,0.446875,30067
20169,-0.0979303071932069,20143,-0.14134910834400843,0.8404659821066829,0.895,0.4005,0.411375,0.397625,20169
8063,-0.7900850224506084,8125,-0.48789744685806746,0.8404659821066829,0.895,0.5972,0.605375,0.590375,8125
31119,-0.26534553747879125,31141,-0.39973533214816115,0.8404659821066829,0.895,0.4441,0.443625,0.442,31119
33019,0.2629931180293304,33005,0.011451352475369376,0.8404659821066829,0.895,0.5296,0.539625,0.535125,33019
33019,0.2629931180293304,33011,0.17101012431657378,0.8404659821066829,0.895,0.4239,0.427,0.429875,33019
31015,-0.6091062721674896,46053,-0.3843847397716385,0.8404659821066829,0.895,0.5024,0.517625,0.516375,46053
35005,-0.6571780486637464,35041,-0.7692448504247995,0.8404659821066829,0.895,0.4332,0.430625,0.421375,35005
17069,1.2848270537288855,21225,1.041809592311481,0.8404659821066829,0.895,0.5274,0.544375,0.539125,17069
19097,-0.30893913730481026,17015,0.02316789104111233,0.8404659821066829,0.895,0.5984,0.6155,0.606375,17015
17141,-0.10111212111697135,17015,0.02316789104111233,0.8404659821066829,0.895,0.4329,0.438375,0.431875,17015
36023,0.09520103985700029,36109,0.1775155632531711,0.8404659821066829,0.895,0.4223,0.434,0.425,36109
8125,-0.48789744685806746,31057,-0.25057271224719985,0.8404659821066829,0.895,0.5176,0.535,0.54975,31057
46029,-0.362873763454332,46057,-0.4446022208403977,0.8404659821066829,0.895,0.4041,0.42225,0.418,46029
39033,-0.24223117934954963,39077,-0.18171465776191761,0.8404659821066829,0.895,0.4066,0.40875,0.408875,39077
54069,-0.1396026338717135,39013,-0.4495693316297542,0.8404659821066829,0.895,0.5908,0.587375,0.606625,54069
33005,0.011451352475369376,33011,0.17101012431657378,0.8404659821066829,0.895,0.4574,0.461375,0.456,33011
42079,-0.17381624642674093,42037,-0.3717210041471978,0.8404659821066829,0.895,0.4875,0.480125,0.4915,42079
47161,1.0497560786264541,47125,0.7789448751792721,0.8404659821066829,0.895,0.5561,0.55475,0.55775,47161
29073,-0.19516943127277803,29161,0.13988565780310938,0.8404659821066829,0.895,0.6205,0.6125,0.6275,29161
